2025-05-07 04:38:49,471 INFO com.tn.Demo25AccountThymeleafApplication [restartedMain] Starting Demo25AccountThymeleafApplication using Java 17.0.10 with PID 9552 (C:\Users\Public\Javapro\demo25_AccountThymeleaf\target\classes started by havan in C:\Users\Public\Javapro\demo25_AccountThymeleaf)
2025-05-07 04:38:49,475 INFO com.tn.Demo25AccountThymeleafApplication [restartedMain] The following 1 profile is active: "prod"
2025-05-07 04:38:49,541 INFO org.springframework.boot.devtools.env.DevToolsPropertyDefaultsPostProcessor [restartedMain] Devtools property defaults active! Set 'spring.devtools.add-properties' to 'false' to disable
2025-05-07 04:38:49,541 INFO org.springframework.boot.devtools.env.DevToolsPropertyDefaultsPostProcessor [restartedMain] For additional web related logging consider setting the 'logging.level.web' property to 'DEBUG'
2025-05-07 04:38:50,661 INFO org.springframework.data.repository.config.RepositoryConfigurationDelegate [restartedMain] Bootstrapping Spring Data JPA repositories in DEFAULT mode.
2025-05-07 04:38:50,742 INFO org.springframework.data.repository.config.RepositoryConfigurationDelegate [restartedMain] Finished Spring Data repository scanning in 72 ms. Found 6 JPA repository interfaces.
2025-05-07 04:38:51,343 INFO org.springframework.boot.web.embedded.tomcat.TomcatWebServer [restartedMain] Tomcat initialized with port(s): 8080 (http)
2025-05-07 04:38:51,351 INFO org.apache.catalina.core.StandardService [restartedMain] Starting service [Tomcat]
2025-05-07 04:38:51,359 INFO org.apache.catalina.core.StandardEngine [restartedMain] Starting Servlet engine: [Apache Tomcat/10.1.20]
2025-05-07 04:38:51,418 INFO org.apache.catalina.core.ContainerBase.[Tomcat].[localhost].[/] [restartedMain] Initializing Spring embedded WebApplicationContext
2025-05-07 04:38:51,418 INFO org.springframework.boot.web.servlet.context.ServletWebServerApplicationContext [restartedMain] Root WebApplicationContext: initialization completed in 1877 ms
2025-05-07 04:38:51,591 INFO org.hibernate.jpa.internal.util.LogHelper [restartedMain] HHH000204: Processing PersistenceUnitInfo [name: default]
2025-05-07 04:38:51,655 INFO org.hibernate.Version [restartedMain] HHH000412: Hibernate ORM core version 6.2.24.Final
2025-05-07 04:38:51,657 INFO org.hibernate.cfg.Environment [restartedMain] HHH000406: Using bytecode reflection optimizer
2025-05-07 04:38:51,903 INFO org.springframework.orm.jpa.persistenceunit.SpringPersistenceUnitInfo [restartedMain] No LoadTimeWeaver setup: ignoring JPA class transformer
2025-05-07 04:38:51,928 INFO com.zaxxer.hikari.HikariDataSource [restartedMain] HikariPool-1 - Starting...
2025-05-07 04:38:52,081 INFO com.zaxxer.hikari.pool.HikariPool [restartedMain] HikariPool-1 - Added connection com.mysql.cj.jdbc.ConnectionImpl@3c30e493
2025-05-07 04:38:52,086 INFO com.zaxxer.hikari.HikariDataSource [restartedMain] HikariPool-1 - Start completed.
2025-05-07 04:38:52,127 WARN org.hibernate.dialect.Dialect [restartedMain] HHH000511: The 5.5.0 version for [org.hibernate.dialect.MySQLDialect] is no longer supported, hence certain features may not work properly. The minimum supported version is 5.7.0. Check the community dialects project for available legacy versions.
2025-05-07 04:38:53,051 INFO org.hibernate.engine.transaction.jta.platform.internal.JtaPlatformInitiator [restartedMain] HHH000489: No JTA platform available (set 'hibernate.transaction.jta.platform' to enable JTA platform integration)
2025-05-07 04:38:53,199 INFO org.springframework.orm.jpa.LocalContainerEntityManagerFactoryBean [restartedMain] Initialized JPA EntityManagerFactory for persistence unit 'default'
2025-05-07 04:38:53,531 INFO org.springframework.data.jpa.repository.query.QueryEnhancerFactory [restartedMain] Hibernate is in classpath; If applicable, HQL parser will be used.
2025-05-07 04:38:53,845 WARN org.springframework.boot.autoconfigure.orm.jpa.JpaBaseConfiguration$JpaWebConfiguration [restartedMain] spring.jpa.open-in-view is enabled by default. Therefore, database queries may be performed during view rendering. Explicitly configure spring.jpa.open-in-view to disable this warning
2025-05-07 04:38:54,221 INFO org.springframework.security.web.DefaultSecurityFilterChain [restartedMain] Will secure any request with [org.springframework.security.web.session.DisableEncodeUrlFilter@2b879836, org.springframework.security.web.context.request.async.WebAsyncManagerIntegrationFilter@728eb359, org.springframework.security.web.context.SecurityContextHolderFilter@640fe5cb, org.springframework.security.web.header.HeaderWriterFilter@64f63b89, org.springframework.security.web.authentication.logout.LogoutFilter@598aaa95, org.springframework.security.web.authentication.UsernamePasswordAuthenticationFilter@71834674, org.springframework.security.web.savedrequest.RequestCacheAwareFilter@4e5dfecd, org.springframework.security.web.servletapi.SecurityContextHolderAwareRequestFilter@7e6ff5b1, org.springframework.security.web.authentication.AnonymousAuthenticationFilter@19d5fb9a, org.springframework.security.web.access.ExceptionTranslationFilter@70369134, org.springframework.security.web.access.intercept.FilterSecurityInterceptor@7c07afe4]
2025-05-07 04:38:54,519 INFO org.springframework.boot.devtools.autoconfigure.OptionalLiveReloadServer [restartedMain] LiveReload server is running on port 35729
2025-05-07 04:38:54,561 INFO org.springframework.boot.web.embedded.tomcat.TomcatWebServer [restartedMain] Tomcat started on port(s): 8080 (http) with context path ''
2025-05-07 04:38:54,574 INFO com.tn.Demo25AccountThymeleafApplication [restartedMain] Started Demo25AccountThymeleafApplication in 5.553 seconds (process running for 6.561)
2025-05-07 04:38:59,631 INFO org.apache.catalina.core.ContainerBase.[Tomcat].[localhost].[/] [http-nio-8080-exec-1] Initializing Spring DispatcherServlet 'dispatcherServlet'
2025-05-07 04:38:59,631 INFO org.springframework.web.servlet.DispatcherServlet [http-nio-8080-exec-1] Initializing Servlet 'dispatcherServlet'
2025-05-07 04:38:59,633 INFO org.springframework.web.servlet.DispatcherServlet [http-nio-8080-exec-1] Completed initialization in 2 ms
2025-05-07 04:39:11,793 WARN org.thymeleaf.standard.processor.AbstractStandardFragmentInsertionTagProcessor [http-nio-8080-exec-4] [THYMELEAF][http-nio-8080-exec-4][admin-index] Deprecated unwrapped fragment expression "admin-product-list.html::AdminProductList" found in template admin-index, line 39, col 10. Please use the complete syntax of fragment expressions instead ("~{admin-product-list.html::AdminProductList}"). The old, unwrapped syntax for fragment expressions will be removed in future versions of Thymeleaf.
2025-05-07 04:39:11,820 WARN org.thymeleaf.standard.processor.AbstractStandardFragmentInsertionTagProcessor [http-nio-8080-exec-4] [THYMELEAF][http-nio-8080-exec-4][admin-product-list.html] Deprecated unwrapped fragment expression "layout-admin.html::LayoutAdmin" found in template admin-product-list.html, line 4, col 10. Please use the complete syntax of fragment expressions instead ("~{layout-admin.html::LayoutAdmin}"). The old, unwrapped syntax for fragment expressions will be removed in future versions of Thymeleaf.
2025-05-07 04:39:11,871 ERROR org.thymeleaf.TemplateEngine [http-nio-8080-exec-4] [THYMELEAF][http-nio-8080-exec-4] Exception processing template "admin-index": An error happened during template parsing (template: "class path resource [templates/admin-index.html]")
org.thymeleaf.exceptions.TemplateInputException: An error happened during template parsing (template: "class path resource [templates/admin-index.html]")
	at org.thymeleaf.templateparser.markup.AbstractMarkupTemplateParser.parse(AbstractMarkupTemplateParser.java:241)
	at org.thymeleaf.templateparser.markup.AbstractMarkupTemplateParser.parseStandalone(AbstractMarkupTemplateParser.java:100)
	at org.thymeleaf.engine.TemplateManager.parseAndProcess(TemplateManager.java:666)
	at org.thymeleaf.TemplateEngine.process(TemplateEngine.java:1103)
	at org.thymeleaf.TemplateEngine.process(TemplateEngine.java:1077)
	at org.thymeleaf.spring6.view.ThymeleafView.renderFragment(ThymeleafView.java:372)
	at org.thymeleaf.spring6.view.ThymeleafView.render(ThymeleafView.java:192)
	at org.springframework.web.servlet.DispatcherServlet.render(DispatcherServlet.java:1415)
	at org.springframework.web.servlet.DispatcherServlet.processDispatchResult(DispatcherServlet.java:1159)
	at org.springframework.web.servlet.DispatcherServlet.doDispatch(DispatcherServlet.java:1098)
	at org.springframework.web.servlet.DispatcherServlet.doService(DispatcherServlet.java:974)
	at org.springframework.web.servlet.FrameworkServlet.processRequest(FrameworkServlet.java:1014)
	at org.springframework.web.servlet.FrameworkServlet.doGet(FrameworkServlet.java:903)
	at jakarta.servlet.http.HttpServlet.service(HttpServlet.java:564)
	at org.springframework.web.servlet.FrameworkServlet.service(FrameworkServlet.java:885)
	at jakarta.servlet.http.HttpServlet.service(HttpServlet.java:658)
	at org.apache.catalina.core.ApplicationFilterChain.internalDoFilter(ApplicationFilterChain.java:206)
	at org.apache.catalina.core.ApplicationFilterChain.doFilter(ApplicationFilterChain.java:150)
	at org.apache.tomcat.websocket.server.WsFilter.doFilter(WsFilter.java:51)
	at org.apache.catalina.core.ApplicationFilterChain.internalDoFilter(ApplicationFilterChain.java:175)
	at org.apache.catalina.core.ApplicationFilterChain.doFilter(ApplicationFilterChain.java:150)
	at org.springframework.web.filter.CompositeFilter$VirtualFilterChain.doFilter(CompositeFilter.java:108)
	at org.springframework.security.web.FilterChainProxy.lambda$doFilterInternal$3(FilterChainProxy.java:231)
	at org.springframework.security.web.FilterChainProxy$VirtualFilterChain.doFilter(FilterChainProxy.java:365)
	at org.springframework.security.web.access.intercept.FilterSecurityInterceptor.invoke(FilterSecurityInterceptor.java:117)
	at org.springframework.security.web.access.intercept.FilterSecurityInterceptor.doFilter(FilterSecurityInterceptor.java:83)
	at org.springframework.security.web.FilterChainProxy$VirtualFilterChain.doFilter(FilterChainProxy.java:374)
	at org.springframework.security.web.access.ExceptionTranslationFilter.doFilter(ExceptionTranslationFilter.java:126)
	at org.springframework.security.web.access.ExceptionTranslationFilter.doFilter(ExceptionTranslationFilter.java:120)
	at org.springframework.security.web.FilterChainProxy$VirtualFilterChain.doFilter(FilterChainProxy.java:374)
	at org.springframework.security.web.authentication.AnonymousAuthenticationFilter.doFilter(AnonymousAuthenticationFilter.java:100)
	at org.springframework.security.web.FilterChainProxy$VirtualFilterChain.doFilter(FilterChainProxy.java:374)
	at org.springframework.security.web.servletapi.SecurityContextHolderAwareRequestFilter.doFilter(SecurityContextHolderAwareRequestFilter.java:179)
	at org.springframework.security.web.FilterChainProxy$VirtualFilterChain.doFilter(FilterChainProxy.java:374)
	at org.springframework.security.web.savedrequest.RequestCacheAwareFilter.doFilter(RequestCacheAwareFilter.java:63)
	at org.springframework.security.web.FilterChainProxy$VirtualFilterChain.doFilter(FilterChainProxy.java:374)
	at org.springframework.security.web.authentication.AbstractAuthenticationProcessingFilter.doFilter(AbstractAuthenticationProcessingFilter.java:227)
	at org.springframework.security.web.authentication.AbstractAuthenticationProcessingFilter.doFilter(AbstractAuthenticationProcessingFilter.java:221)
	at org.springframework.security.web.FilterChainProxy$VirtualFilterChain.doFilter(FilterChainProxy.java:374)
	at org.springframework.security.web.authentication.logout.LogoutFilter.doFilter(LogoutFilter.java:107)
	at org.springframework.security.web.authentication.logout.LogoutFilter.doFilter(LogoutFilter.java:93)
	at org.springframework.security.web.FilterChainProxy$VirtualFilterChain.doFilter(FilterChainProxy.java:374)
	at org.springframework.security.web.header.HeaderWriterFilter.doHeadersAfter(HeaderWriterFilter.java:90)
	at org.springframework.security.web.header.HeaderWriterFilter.doFilterInternal(HeaderWriterFilter.java:75)
	at org.springframework.web.filter.OncePerRequestFilter.doFilter(OncePerRequestFilter.java:116)
	at org.springframework.security.web.FilterChainProxy$VirtualFilterChain.doFilter(FilterChainProxy.java:374)
	at org.springframework.security.web.context.SecurityContextHolderFilter.doFilter(SecurityContextHolderFilter.java:82)
	at org.springframework.security.web.context.SecurityContextHolderFilter.doFilter(SecurityContextHolderFilter.java:69)
	at org.springframework.security.web.FilterChainProxy$VirtualFilterChain.doFilter(FilterChainProxy.java:374)
	at org.springframework.security.web.context.request.async.WebAsyncManagerIntegrationFilter.doFilterInternal(WebAsyncManagerIntegrationFilter.java:62)
	at org.springframework.web.filter.OncePerRequestFilter.doFilter(OncePerRequestFilter.java:116)
	at org.springframework.security.web.FilterChainProxy$VirtualFilterChain.doFilter(FilterChainProxy.java:374)
	at org.springframework.security.web.session.DisableEncodeUrlFilter.doFilterInternal(DisableEncodeUrlFilter.java:42)
	at org.springframework.web.filter.OncePerRequestFilter.doFilter(OncePerRequestFilter.java:116)
	at org.springframework.security.web.FilterChainProxy$VirtualFilterChain.doFilter(FilterChainProxy.java:374)
	at org.springframework.security.web.FilterChainProxy.doFilterInternal(FilterChainProxy.java:233)
	at org.springframework.security.web.FilterChainProxy.doFilter(FilterChainProxy.java:191)
	at org.springframework.web.filter.CompositeFilter$VirtualFilterChain.doFilter(CompositeFilter.java:113)
	at org.springframework.web.servlet.handler.HandlerMappingIntrospector.lambda$createCacheFilter$3(HandlerMappingIntrospector.java:195)
	at org.springframework.web.filter.CompositeFilter$VirtualFilterChain.doFilter(CompositeFilter.java:113)
	at org.springframework.web.filter.CompositeFilter.doFilter(CompositeFilter.java:74)
	at org.springframework.security.config.annotation.web.configuration.WebMvcSecurityConfiguration$CompositeFilterChainProxy.doFilter(WebMvcSecurityConfiguration.java:230)
	at org.springframework.web.filter.DelegatingFilterProxy.invokeDelegate(DelegatingFilterProxy.java:352)
	at org.springframework.web.filter.DelegatingFilterProxy.doFilter(DelegatingFilterProxy.java:268)
	at org.apache.catalina.core.ApplicationFilterChain.internalDoFilter(ApplicationFilterChain.java:175)
	at org.apache.catalina.core.ApplicationFilterChain.doFilter(ApplicationFilterChain.java:150)
	at org.springframework.web.filter.RequestContextFilter.doFilterInternal(RequestContextFilter.java:100)
	at org.springframework.web.filter.OncePerRequestFilter.doFilter(OncePerRequestFilter.java:116)
	at org.apache.catalina.core.ApplicationFilterChain.internalDoFilter(ApplicationFilterChain.java:175)
	at org.apache.catalina.core.ApplicationFilterChain.doFilter(ApplicationFilterChain.java:150)
	at org.springframework.web.filter.FormContentFilter.doFilterInternal(FormContentFilter.java:93)
	at org.springframework.web.filter.OncePerRequestFilter.doFilter(OncePerRequestFilter.java:116)
	at org.apache.catalina.core.ApplicationFilterChain.internalDoFilter(ApplicationFilterChain.java:175)
	at org.apache.catalina.core.ApplicationFilterChain.doFilter(ApplicationFilterChain.java:150)
	at org.springframework.web.filter.CharacterEncodingFilter.doFilterInternal(CharacterEncodingFilter.java:201)
	at org.springframework.web.filter.OncePerRequestFilter.doFilter(OncePerRequestFilter.java:116)
	at org.apache.catalina.core.ApplicationFilterChain.internalDoFilter(ApplicationFilterChain.java:175)
	at org.apache.catalina.core.ApplicationFilterChain.doFilter(ApplicationFilterChain.java:150)
	at org.apache.catalina.core.StandardWrapperValve.invoke(StandardWrapperValve.java:167)
	at org.apache.catalina.core.StandardContextValve.invoke(StandardContextValve.java:90)
	at org.apache.catalina.authenticator.AuthenticatorBase.invoke(AuthenticatorBase.java:482)
	at org.apache.catalina.core.StandardHostValve.invoke(StandardHostValve.java:115)
	at org.apache.catalina.valves.ErrorReportValve.invoke(ErrorReportValve.java:93)
	at org.apache.catalina.core.StandardEngineValve.invoke(StandardEngineValve.java:74)
	at org.apache.catalina.connector.CoyoteAdapter.service(CoyoteAdapter.java:344)
	at org.apache.coyote.http11.Http11Processor.service(Http11Processor.java:391)
	at org.apache.coyote.AbstractProcessorLight.process(AbstractProcessorLight.java:63)
	at org.apache.coyote.AbstractProtocol$ConnectionHandler.process(AbstractProtocol.java:896)
	at org.apache.tomcat.util.net.NioEndpoint$SocketProcessor.doRun(NioEndpoint.java:1736)
	at org.apache.tomcat.util.net.SocketProcessorBase.run(SocketProcessorBase.java:52)
	at org.apache.tomcat.util.threads.ThreadPoolExecutor.runWorker(ThreadPoolExecutor.java:1191)
	at org.apache.tomcat.util.threads.ThreadPoolExecutor$Worker.run(ThreadPoolExecutor.java:659)
	at org.apache.tomcat.util.threads.TaskThread$WrappingRunnable.run(TaskThread.java:63)
	at java.base/java.lang.Thread.run(Thread.java:840)
Caused by: org.attoparser.ParseException: Exception evaluating SpringEL expression: "obj.id" (template: "admin-product-list.html" - line 26, col 17)
	at org.attoparser.MarkupParser.parseDocument(MarkupParser.java:393)
	at org.attoparser.MarkupParser.parse(MarkupParser.java:257)
	at org.thymeleaf.templateparser.markup.AbstractMarkupTemplateParser.parse(AbstractMarkupTemplateParser.java:230)
	... 93 common frames omitted
Caused by: org.thymeleaf.exceptions.TemplateProcessingException: Exception evaluating SpringEL expression: "obj.id" (template: "admin-product-list.html" - line 26, col 17)
	at org.thymeleaf.spring6.expression.SPELVariableExpressionEvaluator.evaluate(SPELVariableExpressionEvaluator.java:292)
	at org.thymeleaf.standard.expression.VariableExpression.executeVariableExpression(VariableExpression.java:166)
	at org.thymeleaf.standard.expression.SimpleExpression.executeSimple(SimpleExpression.java:66)
	at org.thymeleaf.standard.expression.Expression.execute(Expression.java:109)
	at org.thymeleaf.standard.expression.Expression.execute(Expression.java:138)
	at org.thymeleaf.standard.processor.AbstractStandardExpressionAttributeTagProcessor.doProcess(AbstractStandardExpressionAttributeTagProcessor.java:144)
	at org.thymeleaf.processor.element.AbstractAttributeTagProcessor.doProcess(AbstractAttributeTagProcessor.java:74)
	at org.thymeleaf.processor.element.AbstractElementTagProcessor.process(AbstractElementTagProcessor.java:95)
	at org.thymeleaf.util.ProcessorConfigurationUtils$ElementTagProcessorWrapper.process(ProcessorConfigurationUtils.java:633)
	at org.thymeleaf.engine.ProcessorTemplateHandler.handleOpenElement(ProcessorTemplateHandler.java:1314)
	at org.thymeleaf.engine.OpenElementTag.beHandled(OpenElementTag.java:205)
	at org.thymeleaf.engine.Model.process(Model.java:282)
	at org.thymeleaf.engine.Model.process(Model.java:290)
	at org.thymeleaf.engine.IteratedGatheringModelProcessable.processIterationModel(IteratedGatheringModelProcessable.java:368)
	at org.thymeleaf.engine.IteratedGatheringModelProcessable.process(IteratedGatheringModelProcessable.java:222)
	at org.thymeleaf.engine.ProcessorTemplateHandler.handleCloseElement(ProcessorTemplateHandler.java:1640)
	at org.thymeleaf.engine.CloseElementTag.beHandled(CloseElementTag.java:139)
	at org.thymeleaf.engine.Model.process(Model.java:282)
	at org.thymeleaf.engine.ProcessorTemplateHandler.handleOpenElement(ProcessorTemplateHandler.java:1587)
	at org.thymeleaf.engine.TemplateHandlerAdapterMarkupHandler.handleOpenElementEnd(TemplateHandlerAdapterMarkupHandler.java:304)
	at org.thymeleaf.templateparser.markup.InlinedOutputExpressionMarkupHandler$InlineMarkupAdapterPreProcessorHandler.handleOpenElementEnd(InlinedOutputExpressionMarkupHandler.java:278)
	at org.thymeleaf.standard.inline.OutputExpressionInlinePreProcessorHandler.handleOpenElementEnd(OutputExpressionInlinePreProcessorHandler.java:186)
	at org.thymeleaf.templateparser.markup.InlinedOutputExpressionMarkupHandler.handleOpenElementEnd(InlinedOutputExpressionMarkupHandler.java:124)
	at org.attoparser.HtmlElement.handleOpenElementEnd(HtmlElement.java:109)
	at org.attoparser.HtmlMarkupHandler.handleOpenElementEnd(HtmlMarkupHandler.java:297)
	at org.attoparser.MarkupEventProcessorHandler.handleOpenElementEnd(MarkupEventProcessorHandler.java:402)
	at org.attoparser.ParsingElementMarkupUtil.parseOpenElement(ParsingElementMarkupUtil.java:159)
	at org.attoparser.MarkupParser.parseBuffer(MarkupParser.java:710)
	at org.attoparser.MarkupParser.parseDocument(MarkupParser.java:301)
	... 95 common frames omitted
Caused by: org.springframework.expression.spel.SpelEvaluationException: EL1008E: Property or field 'id' cannot be found on object of type 'com.tn.dto.ProductShowDTO' - maybe not public or not valid?
	at org.springframework.expression.spel.ast.PropertyOrFieldReference.readProperty(PropertyOrFieldReference.java:228)
	at org.springframework.expression.spel.ast.PropertyOrFieldReference.getValueInternal(PropertyOrFieldReference.java:111)
	at org.springframework.expression.spel.ast.PropertyOrFieldReference$AccessorLValue.getValue(PropertyOrFieldReference.java:416)
	at org.springframework.expression.spel.ast.CompoundExpression.getValueInternal(CompoundExpression.java:98)
	at org.springframework.expression.spel.ast.SpelNodeImpl.getValue(SpelNodeImpl.java:114)
	at org.springframework.expression.spel.standard.SpelExpression.getValue(SpelExpression.java:338)
	at org.thymeleaf.spring6.expression.SPELVariableExpressionEvaluator.evaluate(SPELVariableExpressionEvaluator.java:265)
	... 123 common frames omitted
2025-05-07 04:39:11,888 ERROR org.apache.catalina.core.ContainerBase.[Tomcat].[localhost].[/].[dispatcherServlet] [http-nio-8080-exec-4] Servlet.service() for servlet [dispatcherServlet] in context with path [] threw exception [Request processing failed: org.thymeleaf.exceptions.TemplateInputException: An error happened during template parsing (template: "class path resource [templates/admin-index.html]")] with root cause
org.springframework.expression.spel.SpelEvaluationException: EL1008E: Property or field 'id' cannot be found on object of type 'com.tn.dto.ProductShowDTO' - maybe not public or not valid?
	at org.springframework.expression.spel.ast.PropertyOrFieldReference.readProperty(PropertyOrFieldReference.java:228)
	at org.springframework.expression.spel.ast.PropertyOrFieldReference.getValueInternal(PropertyOrFieldReference.java:111)
	at org.springframework.expression.spel.ast.PropertyOrFieldReference$AccessorLValue.getValue(PropertyOrFieldReference.java:416)
	at org.springframework.expression.spel.ast.CompoundExpression.getValueInternal(CompoundExpression.java:98)
	at org.springframework.expression.spel.ast.SpelNodeImpl.getValue(SpelNodeImpl.java:114)
	at org.springframework.expression.spel.standard.SpelExpression.getValue(SpelExpression.java:338)
	at org.thymeleaf.spring6.expression.SPELVariableExpressionEvaluator.evaluate(SPELVariableExpressionEvaluator.java:265)
	at org.thymeleaf.standard.expression.VariableExpression.executeVariableExpression(VariableExpression.java:166)
	at org.thymeleaf.standard.expression.SimpleExpression.executeSimple(SimpleExpression.java:66)
	at org.thymeleaf.standard.expression.Expression.execute(Expression.java:109)
	at org.thymeleaf.standard.expression.Expression.execute(Expression.java:138)
	at org.thymeleaf.standard.processor.AbstractStandardExpressionAttributeTagProcessor.doProcess(AbstractStandardExpressionAttributeTagProcessor.java:144)
	at org.thymeleaf.processor.element.AbstractAttributeTagProcessor.doProcess(AbstractAttributeTagProcessor.java:74)
	at org.thymeleaf.processor.element.AbstractElementTagProcessor.process(AbstractElementTagProcessor.java:95)
	at org.thymeleaf.util.ProcessorConfigurationUtils$ElementTagProcessorWrapper.process(ProcessorConfigurationUtils.java:633)
	at org.thymeleaf.engine.ProcessorTemplateHandler.handleOpenElement(ProcessorTemplateHandler.java:1314)
	at org.thymeleaf.engine.OpenElementTag.beHandled(OpenElementTag.java:205)
	at org.thymeleaf.engine.Model.process(Model.java:282)
	at org.thymeleaf.engine.Model.process(Model.java:290)
	at org.thymeleaf.engine.IteratedGatheringModelProcessable.processIterationModel(IteratedGatheringModelProcessable.java:368)
	at org.thymeleaf.engine.IteratedGatheringModelProcessable.process(IteratedGatheringModelProcessable.java:222)
	at org.thymeleaf.engine.ProcessorTemplateHandler.handleCloseElement(ProcessorTemplateHandler.java:1640)
	at org.thymeleaf.engine.CloseElementTag.beHandled(CloseElementTag.java:139)
	at org.thymeleaf.engine.Model.process(Model.java:282)
	at org.thymeleaf.engine.ProcessorTemplateHandler.handleOpenElement(ProcessorTemplateHandler.java:1587)
	at org.thymeleaf.engine.TemplateHandlerAdapterMarkupHandler.handleOpenElementEnd(TemplateHandlerAdapterMarkupHandler.java:304)
	at org.thymeleaf.templateparser.markup.InlinedOutputExpressionMarkupHandler$InlineMarkupAdapterPreProcessorHandler.handleOpenElementEnd(InlinedOutputExpressionMarkupHandler.java:278)
	at org.thymeleaf.standard.inline.OutputExpressionInlinePreProcessorHandler.handleOpenElementEnd(OutputExpressionInlinePreProcessorHandler.java:186)
	at org.thymeleaf.templateparser.markup.InlinedOutputExpressionMarkupHandler.handleOpenElementEnd(InlinedOutputExpressionMarkupHandler.java:124)
	at org.attoparser.HtmlElement.handleOpenElementEnd(HtmlElement.java:109)
	at org.attoparser.HtmlMarkupHandler.handleOpenElementEnd(HtmlMarkupHandler.java:297)
	at org.attoparser.MarkupEventProcessorHandler.handleOpenElementEnd(MarkupEventProcessorHandler.java:402)
	at org.attoparser.ParsingElementMarkupUtil.parseOpenElement(ParsingElementMarkupUtil.java:159)
	at org.attoparser.MarkupParser.parseBuffer(MarkupParser.java:710)
	at org.attoparser.MarkupParser.parseDocument(MarkupParser.java:301)
	at org.attoparser.MarkupParser.parse(MarkupParser.java:257)
	at org.thymeleaf.templateparser.markup.AbstractMarkupTemplateParser.parse(AbstractMarkupTemplateParser.java:230)
	at org.thymeleaf.templateparser.markup.AbstractMarkupTemplateParser.parseStandalone(AbstractMarkupTemplateParser.java:100)
	at org.thymeleaf.engine.TemplateManager.parseAndProcess(TemplateManager.java:666)
	at org.thymeleaf.TemplateEngine.process(TemplateEngine.java:1103)
	at org.thymeleaf.TemplateEngine.process(TemplateEngine.java:1077)
	at org.thymeleaf.spring6.view.ThymeleafView.renderFragment(ThymeleafView.java:372)
	at org.thymeleaf.spring6.view.ThymeleafView.render(ThymeleafView.java:192)
	at org.springframework.web.servlet.DispatcherServlet.render(DispatcherServlet.java:1415)
	at org.springframework.web.servlet.DispatcherServlet.processDispatchResult(DispatcherServlet.java:1159)
	at org.springframework.web.servlet.DispatcherServlet.doDispatch(DispatcherServlet.java:1098)
	at org.springframework.web.servlet.DispatcherServlet.doService(DispatcherServlet.java:974)
	at org.springframework.web.servlet.FrameworkServlet.processRequest(FrameworkServlet.java:1014)
	at org.springframework.web.servlet.FrameworkServlet.doGet(FrameworkServlet.java:903)
	at jakarta.servlet.http.HttpServlet.service(HttpServlet.java:564)
	at org.springframework.web.servlet.FrameworkServlet.service(FrameworkServlet.java:885)
	at jakarta.servlet.http.HttpServlet.service(HttpServlet.java:658)
	at org.apache.catalina.core.ApplicationFilterChain.internalDoFilter(ApplicationFilterChain.java:206)
	at org.apache.catalina.core.ApplicationFilterChain.doFilter(ApplicationFilterChain.java:150)
	at org.apache.tomcat.websocket.server.WsFilter.doFilter(WsFilter.java:51)
	at org.apache.catalina.core.ApplicationFilterChain.internalDoFilter(ApplicationFilterChain.java:175)
	at org.apache.catalina.core.ApplicationFilterChain.doFilter(ApplicationFilterChain.java:150)
	at org.springframework.web.filter.CompositeFilter$VirtualFilterChain.doFilter(CompositeFilter.java:108)
	at org.springframework.security.web.FilterChainProxy.lambda$doFilterInternal$3(FilterChainProxy.java:231)
	at org.springframework.security.web.FilterChainProxy$VirtualFilterChain.doFilter(FilterChainProxy.java:365)
	at org.springframework.security.web.access.intercept.FilterSecurityInterceptor.invoke(FilterSecurityInterceptor.java:117)
	at org.springframework.security.web.access.intercept.FilterSecurityInterceptor.doFilter(FilterSecurityInterceptor.java:83)
	at org.springframework.security.web.FilterChainProxy$VirtualFilterChain.doFilter(FilterChainProxy.java:374)
	at org.springframework.security.web.access.ExceptionTranslationFilter.doFilter(ExceptionTranslationFilter.java:126)
	at org.springframework.security.web.access.ExceptionTranslationFilter.doFilter(ExceptionTranslationFilter.java:120)
	at org.springframework.security.web.FilterChainProxy$VirtualFilterChain.doFilter(FilterChainProxy.java:374)
	at org.springframework.security.web.authentication.AnonymousAuthenticationFilter.doFilter(AnonymousAuthenticationFilter.java:100)
	at org.springframework.security.web.FilterChainProxy$VirtualFilterChain.doFilter(FilterChainProxy.java:374)
	at org.springframework.security.web.servletapi.SecurityContextHolderAwareRequestFilter.doFilter(SecurityContextHolderAwareRequestFilter.java:179)
	at org.springframework.security.web.FilterChainProxy$VirtualFilterChain.doFilter(FilterChainProxy.java:374)
	at org.springframework.security.web.savedrequest.RequestCacheAwareFilter.doFilter(RequestCacheAwareFilter.java:63)
	at org.springframework.security.web.FilterChainProxy$VirtualFilterChain.doFilter(FilterChainProxy.java:374)
	at org.springframework.security.web.authentication.AbstractAuthenticationProcessingFilter.doFilter(AbstractAuthenticationProcessingFilter.java:227)
	at org.springframework.security.web.authentication.AbstractAuthenticationProcessingFilter.doFilter(AbstractAuthenticationProcessingFilter.java:221)
	at org.springframework.security.web.FilterChainProxy$VirtualFilterChain.doFilter(FilterChainProxy.java:374)
	at org.springframework.security.web.authentication.logout.LogoutFilter.doFilter(LogoutFilter.java:107)
	at org.springframework.security.web.authentication.logout.LogoutFilter.doFilter(LogoutFilter.java:93)
	at org.springframework.security.web.FilterChainProxy$VirtualFilterChain.doFilter(FilterChainProxy.java:374)
	at org.springframework.security.web.header.HeaderWriterFilter.doHeadersAfter(HeaderWriterFilter.java:90)
	at org.springframework.security.web.header.HeaderWriterFilter.doFilterInternal(HeaderWriterFilter.java:75)
	at org.springframework.web.filter.OncePerRequestFilter.doFilter(OncePerRequestFilter.java:116)
	at org.springframework.security.web.FilterChainProxy$VirtualFilterChain.doFilter(FilterChainProxy.java:374)
	at org.springframework.security.web.context.SecurityContextHolderFilter.doFilter(SecurityContextHolderFilter.java:82)
	at org.springframework.security.web.context.SecurityContextHolderFilter.doFilter(SecurityContextHolderFilter.java:69)
	at org.springframework.security.web.FilterChainProxy$VirtualFilterChain.doFilter(FilterChainProxy.java:374)
	at org.springframework.security.web.context.request.async.WebAsyncManagerIntegrationFilter.doFilterInternal(WebAsyncManagerIntegrationFilter.java:62)
	at org.springframework.web.filter.OncePerRequestFilter.doFilter(OncePerRequestFilter.java:116)
	at org.springframework.security.web.FilterChainProxy$VirtualFilterChain.doFilter(FilterChainProxy.java:374)
	at org.springframework.security.web.session.DisableEncodeUrlFilter.doFilterInternal(DisableEncodeUrlFilter.java:42)
	at org.springframework.web.filter.OncePerRequestFilter.doFilter(OncePerRequestFilter.java:116)
	at org.springframework.security.web.FilterChainProxy$VirtualFilterChain.doFilter(FilterChainProxy.java:374)
	at org.springframework.security.web.FilterChainProxy.doFilterInternal(FilterChainProxy.java:233)
	at org.springframework.security.web.FilterChainProxy.doFilter(FilterChainProxy.java:191)
	at org.springframework.web.filter.CompositeFilter$VirtualFilterChain.doFilter(CompositeFilter.java:113)
	at org.springframework.web.servlet.handler.HandlerMappingIntrospector.lambda$createCacheFilter$3(HandlerMappingIntrospector.java:195)
	at org.springframework.web.filter.CompositeFilter$VirtualFilterChain.doFilter(CompositeFilter.java:113)
	at org.springframework.web.filter.CompositeFilter.doFilter(CompositeFilter.java:74)
	at org.springframework.security.config.annotation.web.configuration.WebMvcSecurityConfiguration$CompositeFilterChainProxy.doFilter(WebMvcSecurityConfiguration.java:230)
	at org.springframework.web.filter.DelegatingFilterProxy.invokeDelegate(DelegatingFilterProxy.java:352)
	at org.springframework.web.filter.DelegatingFilterProxy.doFilter(DelegatingFilterProxy.java:268)
	at org.apache.catalina.core.ApplicationFilterChain.internalDoFilter(ApplicationFilterChain.java:175)
	at org.apache.catalina.core.ApplicationFilterChain.doFilter(ApplicationFilterChain.java:150)
	at org.springframework.web.filter.RequestContextFilter.doFilterInternal(RequestContextFilter.java:100)
	at org.springframework.web.filter.OncePerRequestFilter.doFilter(OncePerRequestFilter.java:116)
	at org.apache.catalina.core.ApplicationFilterChain.internalDoFilter(ApplicationFilterChain.java:175)
	at org.apache.catalina.core.ApplicationFilterChain.doFilter(ApplicationFilterChain.java:150)
	at org.springframework.web.filter.FormContentFilter.doFilterInternal(FormContentFilter.java:93)
	at org.springframework.web.filter.OncePerRequestFilter.doFilter(OncePerRequestFilter.java:116)
	at org.apache.catalina.core.ApplicationFilterChain.internalDoFilter(ApplicationFilterChain.java:175)
	at org.apache.catalina.core.ApplicationFilterChain.doFilter(ApplicationFilterChain.java:150)
	at org.springframework.web.filter.CharacterEncodingFilter.doFilterInternal(CharacterEncodingFilter.java:201)
	at org.springframework.web.filter.OncePerRequestFilter.doFilter(OncePerRequestFilter.java:116)
	at org.apache.catalina.core.ApplicationFilterChain.internalDoFilter(ApplicationFilterChain.java:175)
	at org.apache.catalina.core.ApplicationFilterChain.doFilter(ApplicationFilterChain.java:150)
	at org.apache.catalina.core.StandardWrapperValve.invoke(StandardWrapperValve.java:167)
	at org.apache.catalina.core.StandardContextValve.invoke(StandardContextValve.java:90)
	at org.apache.catalina.authenticator.AuthenticatorBase.invoke(AuthenticatorBase.java:482)
	at org.apache.catalina.core.StandardHostValve.invoke(StandardHostValve.java:115)
	at org.apache.catalina.valves.ErrorReportValve.invoke(ErrorReportValve.java:93)
	at org.apache.catalina.core.StandardEngineValve.invoke(StandardEngineValve.java:74)
	at org.apache.catalina.connector.CoyoteAdapter.service(CoyoteAdapter.java:344)
	at org.apache.coyote.http11.Http11Processor.service(Http11Processor.java:391)
	at org.apache.coyote.AbstractProcessorLight.process(AbstractProcessorLight.java:63)
	at org.apache.coyote.AbstractProtocol$ConnectionHandler.process(AbstractProtocol.java:896)
	at org.apache.tomcat.util.net.NioEndpoint$SocketProcessor.doRun(NioEndpoint.java:1736)
	at org.apache.tomcat.util.net.SocketProcessorBase.run(SocketProcessorBase.java:52)
	at org.apache.tomcat.util.threads.ThreadPoolExecutor.runWorker(ThreadPoolExecutor.java:1191)
	at org.apache.tomcat.util.threads.ThreadPoolExecutor$Worker.run(ThreadPoolExecutor.java:659)
	at org.apache.tomcat.util.threads.TaskThread$WrappingRunnable.run(TaskThread.java:63)
	at java.base/java.lang.Thread.run(Thread.java:840)
2025-05-07 04:39:53,951 INFO org.springframework.orm.jpa.LocalContainerEntityManagerFactoryBean [SpringApplicationShutdownHook] Closing JPA EntityManagerFactory for persistence unit 'default'
2025-05-07 04:39:53,957 INFO com.zaxxer.hikari.HikariDataSource [SpringApplicationShutdownHook] HikariPool-1 - Shutdown initiated...
2025-05-07 04:39:54,015 INFO com.zaxxer.hikari.HikariDataSource [SpringApplicationShutdownHook] HikariPool-1 - Shutdown completed.
2025-05-07 04:40:41,036 INFO com.tn.Demo25AccountThymeleafApplication [restartedMain] Starting Demo25AccountThymeleafApplication using Java 17.0.10 with PID 388 (C:\Users\Public\Javapro\demo25_AccountThymeleaf\target\classes started by havan in C:\Users\Public\Javapro\demo25_AccountThymeleaf)
2025-05-07 04:40:41,041 INFO com.tn.Demo25AccountThymeleafApplication [restartedMain] The following 1 profile is active: "prod"
2025-05-07 04:40:41,094 INFO org.springframework.boot.devtools.env.DevToolsPropertyDefaultsPostProcessor [restartedMain] Devtools property defaults active! Set 'spring.devtools.add-properties' to 'false' to disable
2025-05-07 04:40:41,094 INFO org.springframework.boot.devtools.env.DevToolsPropertyDefaultsPostProcessor [restartedMain] For additional web related logging consider setting the 'logging.level.web' property to 'DEBUG'
2025-05-07 04:40:41,812 INFO org.springframework.data.repository.config.RepositoryConfigurationDelegate [restartedMain] Bootstrapping Spring Data JPA repositories in DEFAULT mode.
2025-05-07 04:40:41,891 INFO org.springframework.data.repository.config.RepositoryConfigurationDelegate [restartedMain] Finished Spring Data repository scanning in 72 ms. Found 6 JPA repository interfaces.
2025-05-07 04:40:42,585 INFO org.springframework.boot.web.embedded.tomcat.TomcatWebServer [restartedMain] Tomcat initialized with port(s): 8080 (http)
2025-05-07 04:40:42,597 INFO org.apache.catalina.core.StandardService [restartedMain] Starting service [Tomcat]
2025-05-07 04:40:42,597 INFO org.apache.catalina.core.StandardEngine [restartedMain] Starting Servlet engine: [Apache Tomcat/10.1.20]
2025-05-07 04:40:42,669 INFO org.apache.catalina.core.ContainerBase.[Tomcat].[localhost].[/] [restartedMain] Initializing Spring embedded WebApplicationContext
2025-05-07 04:40:42,671 INFO org.springframework.boot.web.servlet.context.ServletWebServerApplicationContext [restartedMain] Root WebApplicationContext: initialization completed in 1576 ms
2025-05-07 04:40:42,851 INFO org.hibernate.jpa.internal.util.LogHelper [restartedMain] HHH000204: Processing PersistenceUnitInfo [name: default]
2025-05-07 04:40:42,911 INFO org.hibernate.Version [restartedMain] HHH000412: Hibernate ORM core version 6.2.24.Final
2025-05-07 04:40:42,920 INFO org.hibernate.cfg.Environment [restartedMain] HHH000406: Using bytecode reflection optimizer
2025-05-07 04:40:43,147 INFO org.springframework.orm.jpa.persistenceunit.SpringPersistenceUnitInfo [restartedMain] No LoadTimeWeaver setup: ignoring JPA class transformer
2025-05-07 04:40:43,166 INFO com.zaxxer.hikari.HikariDataSource [restartedMain] HikariPool-1 - Starting...
2025-05-07 04:40:43,281 INFO com.zaxxer.hikari.pool.HikariPool [restartedMain] HikariPool-1 - Added connection com.mysql.cj.jdbc.ConnectionImpl@5ceb113a
2025-05-07 04:40:43,281 INFO com.zaxxer.hikari.HikariDataSource [restartedMain] HikariPool-1 - Start completed.
2025-05-07 04:40:43,316 WARN org.hibernate.dialect.Dialect [restartedMain] HHH000511: The 5.5.0 version for [org.hibernate.dialect.MySQLDialect] is no longer supported, hence certain features may not work properly. The minimum supported version is 5.7.0. Check the community dialects project for available legacy versions.
2025-05-07 04:40:44,136 INFO org.hibernate.engine.transaction.jta.platform.internal.JtaPlatformInitiator [restartedMain] HHH000489: No JTA platform available (set 'hibernate.transaction.jta.platform' to enable JTA platform integration)
2025-05-07 04:40:44,234 INFO org.springframework.orm.jpa.LocalContainerEntityManagerFactoryBean [restartedMain] Initialized JPA EntityManagerFactory for persistence unit 'default'
2025-05-07 04:40:44,521 INFO org.springframework.data.jpa.repository.query.QueryEnhancerFactory [restartedMain] Hibernate is in classpath; If applicable, HQL parser will be used.
2025-05-07 04:40:44,811 WARN org.springframework.boot.autoconfigure.orm.jpa.JpaBaseConfiguration$JpaWebConfiguration [restartedMain] spring.jpa.open-in-view is enabled by default. Therefore, database queries may be performed during view rendering. Explicitly configure spring.jpa.open-in-view to disable this warning
2025-05-07 04:40:45,081 INFO org.springframework.security.web.DefaultSecurityFilterChain [restartedMain] Will secure any request with [org.springframework.security.web.session.DisableEncodeUrlFilter@344b7d83, org.springframework.security.web.context.request.async.WebAsyncManagerIntegrationFilter@73c8a32d, org.springframework.security.web.context.SecurityContextHolderFilter@7e22cc3, org.springframework.security.web.header.HeaderWriterFilter@4a17327d, org.springframework.security.web.authentication.logout.LogoutFilter@3c8c47ad, org.springframework.security.web.authentication.UsernamePasswordAuthenticationFilter@5b7f3d95, org.springframework.security.web.savedrequest.RequestCacheAwareFilter@1bc5d158, org.springframework.security.web.servletapi.SecurityContextHolderAwareRequestFilter@6a7f3cb5, org.springframework.security.web.authentication.AnonymousAuthenticationFilter@5179ab54, org.springframework.security.web.access.ExceptionTranslationFilter@5becde0c, org.springframework.security.web.access.intercept.FilterSecurityInterceptor@5bed459]
2025-05-07 04:40:45,301 INFO org.springframework.boot.devtools.autoconfigure.OptionalLiveReloadServer [restartedMain] LiveReload server is running on port 35729
2025-05-07 04:40:45,347 INFO org.springframework.boot.web.embedded.tomcat.TomcatWebServer [restartedMain] Tomcat started on port(s): 8080 (http) with context path ''
2025-05-07 04:40:45,351 INFO com.tn.Demo25AccountThymeleafApplication [restartedMain] Started Demo25AccountThymeleafApplication in 4.845 seconds (process running for 5.72)
2025-05-07 04:40:48,541 INFO org.apache.catalina.core.ContainerBase.[Tomcat].[localhost].[/] [http-nio-8080-exec-1] Initializing Spring DispatcherServlet 'dispatcherServlet'
2025-05-07 04:40:48,544 INFO org.springframework.web.servlet.DispatcherServlet [http-nio-8080-exec-1] Initializing Servlet 'dispatcherServlet'
2025-05-07 04:40:48,544 INFO org.springframework.web.servlet.DispatcherServlet [http-nio-8080-exec-1] Completed initialization in 0 ms
2025-05-07 04:41:25,446 WARN org.thymeleaf.standard.processor.AbstractStandardFragmentInsertionTagProcessor [http-nio-8080-exec-6] [THYMELEAF][http-nio-8080-exec-6][admin-index] Deprecated unwrapped fragment expression "admin-product-list.html::AdminProductList" found in template admin-index, line 39, col 10. Please use the complete syntax of fragment expressions instead ("~{admin-product-list.html::AdminProductList}"). The old, unwrapped syntax for fragment expressions will be removed in future versions of Thymeleaf.
2025-05-07 04:41:25,465 WARN org.thymeleaf.standard.processor.AbstractStandardFragmentInsertionTagProcessor [http-nio-8080-exec-6] [THYMELEAF][http-nio-8080-exec-6][admin-product-list.html] Deprecated unwrapped fragment expression "layout-admin.html::LayoutAdmin" found in template admin-product-list.html, line 4, col 10. Please use the complete syntax of fragment expressions instead ("~{layout-admin.html::LayoutAdmin}"). The old, unwrapped syntax for fragment expressions will be removed in future versions of Thymeleaf.
2025-05-07 04:41:25,476 ERROR org.thymeleaf.TemplateEngine [http-nio-8080-exec-6] [THYMELEAF][http-nio-8080-exec-6] Exception processing template "admin-index": An error happened during template parsing (template: "class path resource [templates/admin-index.html]")
org.thymeleaf.exceptions.TemplateInputException: An error happened during template parsing (template: "class path resource [templates/admin-index.html]")
	at org.thymeleaf.templateparser.markup.AbstractMarkupTemplateParser.parse(AbstractMarkupTemplateParser.java:241)
	at org.thymeleaf.templateparser.markup.AbstractMarkupTemplateParser.parseStandalone(AbstractMarkupTemplateParser.java:100)
	at org.thymeleaf.engine.TemplateManager.parseAndProcess(TemplateManager.java:666)
	at org.thymeleaf.TemplateEngine.process(TemplateEngine.java:1103)
	at org.thymeleaf.TemplateEngine.process(TemplateEngine.java:1077)
	at org.thymeleaf.spring6.view.ThymeleafView.renderFragment(ThymeleafView.java:372)
	at org.thymeleaf.spring6.view.ThymeleafView.render(ThymeleafView.java:192)
	at org.springframework.web.servlet.DispatcherServlet.render(DispatcherServlet.java:1415)
	at org.springframework.web.servlet.DispatcherServlet.processDispatchResult(DispatcherServlet.java:1159)
	at org.springframework.web.servlet.DispatcherServlet.doDispatch(DispatcherServlet.java:1098)
	at org.springframework.web.servlet.DispatcherServlet.doService(DispatcherServlet.java:974)
	at org.springframework.web.servlet.FrameworkServlet.processRequest(FrameworkServlet.java:1014)
	at org.springframework.web.servlet.FrameworkServlet.doGet(FrameworkServlet.java:903)
	at jakarta.servlet.http.HttpServlet.service(HttpServlet.java:564)
	at org.springframework.web.servlet.FrameworkServlet.service(FrameworkServlet.java:885)
	at jakarta.servlet.http.HttpServlet.service(HttpServlet.java:658)
	at org.apache.catalina.core.ApplicationFilterChain.internalDoFilter(ApplicationFilterChain.java:206)
	at org.apache.catalina.core.ApplicationFilterChain.doFilter(ApplicationFilterChain.java:150)
	at org.apache.tomcat.websocket.server.WsFilter.doFilter(WsFilter.java:51)
	at org.apache.catalina.core.ApplicationFilterChain.internalDoFilter(ApplicationFilterChain.java:175)
	at org.apache.catalina.core.ApplicationFilterChain.doFilter(ApplicationFilterChain.java:150)
	at org.springframework.web.filter.CompositeFilter$VirtualFilterChain.doFilter(CompositeFilter.java:108)
	at org.springframework.security.web.FilterChainProxy.lambda$doFilterInternal$3(FilterChainProxy.java:231)
	at org.springframework.security.web.FilterChainProxy$VirtualFilterChain.doFilter(FilterChainProxy.java:365)
	at org.springframework.security.web.access.intercept.FilterSecurityInterceptor.invoke(FilterSecurityInterceptor.java:117)
	at org.springframework.security.web.access.intercept.FilterSecurityInterceptor.doFilter(FilterSecurityInterceptor.java:83)
	at org.springframework.security.web.FilterChainProxy$VirtualFilterChain.doFilter(FilterChainProxy.java:374)
	at org.springframework.security.web.access.ExceptionTranslationFilter.doFilter(ExceptionTranslationFilter.java:126)
	at org.springframework.security.web.access.ExceptionTranslationFilter.doFilter(ExceptionTranslationFilter.java:120)
	at org.springframework.security.web.FilterChainProxy$VirtualFilterChain.doFilter(FilterChainProxy.java:374)
	at org.springframework.security.web.authentication.AnonymousAuthenticationFilter.doFilter(AnonymousAuthenticationFilter.java:100)
	at org.springframework.security.web.FilterChainProxy$VirtualFilterChain.doFilter(FilterChainProxy.java:374)
	at org.springframework.security.web.servletapi.SecurityContextHolderAwareRequestFilter.doFilter(SecurityContextHolderAwareRequestFilter.java:179)
	at org.springframework.security.web.FilterChainProxy$VirtualFilterChain.doFilter(FilterChainProxy.java:374)
	at org.springframework.security.web.savedrequest.RequestCacheAwareFilter.doFilter(RequestCacheAwareFilter.java:63)
	at org.springframework.security.web.FilterChainProxy$VirtualFilterChain.doFilter(FilterChainProxy.java:374)
	at org.springframework.security.web.authentication.AbstractAuthenticationProcessingFilter.doFilter(AbstractAuthenticationProcessingFilter.java:227)
	at org.springframework.security.web.authentication.AbstractAuthenticationProcessingFilter.doFilter(AbstractAuthenticationProcessingFilter.java:221)
	at org.springframework.security.web.FilterChainProxy$VirtualFilterChain.doFilter(FilterChainProxy.java:374)
	at org.springframework.security.web.authentication.logout.LogoutFilter.doFilter(LogoutFilter.java:107)
	at org.springframework.security.web.authentication.logout.LogoutFilter.doFilter(LogoutFilter.java:93)
	at org.springframework.security.web.FilterChainProxy$VirtualFilterChain.doFilter(FilterChainProxy.java:374)
	at org.springframework.security.web.header.HeaderWriterFilter.doHeadersAfter(HeaderWriterFilter.java:90)
	at org.springframework.security.web.header.HeaderWriterFilter.doFilterInternal(HeaderWriterFilter.java:75)
	at org.springframework.web.filter.OncePerRequestFilter.doFilter(OncePerRequestFilter.java:116)
	at org.springframework.security.web.FilterChainProxy$VirtualFilterChain.doFilter(FilterChainProxy.java:374)
	at org.springframework.security.web.context.SecurityContextHolderFilter.doFilter(SecurityContextHolderFilter.java:82)
	at org.springframework.security.web.context.SecurityContextHolderFilter.doFilter(SecurityContextHolderFilter.java:69)
	at org.springframework.security.web.FilterChainProxy$VirtualFilterChain.doFilter(FilterChainProxy.java:374)
	at org.springframework.security.web.context.request.async.WebAsyncManagerIntegrationFilter.doFilterInternal(WebAsyncManagerIntegrationFilter.java:62)
	at org.springframework.web.filter.OncePerRequestFilter.doFilter(OncePerRequestFilter.java:116)
	at org.springframework.security.web.FilterChainProxy$VirtualFilterChain.doFilter(FilterChainProxy.java:374)
	at org.springframework.security.web.session.DisableEncodeUrlFilter.doFilterInternal(DisableEncodeUrlFilter.java:42)
	at org.springframework.web.filter.OncePerRequestFilter.doFilter(OncePerRequestFilter.java:116)
	at org.springframework.security.web.FilterChainProxy$VirtualFilterChain.doFilter(FilterChainProxy.java:374)
	at org.springframework.security.web.FilterChainProxy.doFilterInternal(FilterChainProxy.java:233)
	at org.springframework.security.web.FilterChainProxy.doFilter(FilterChainProxy.java:191)
	at org.springframework.web.filter.CompositeFilter$VirtualFilterChain.doFilter(CompositeFilter.java:113)
	at org.springframework.web.servlet.handler.HandlerMappingIntrospector.lambda$createCacheFilter$3(HandlerMappingIntrospector.java:195)
	at org.springframework.web.filter.CompositeFilter$VirtualFilterChain.doFilter(CompositeFilter.java:113)
	at org.springframework.web.filter.CompositeFilter.doFilter(CompositeFilter.java:74)
	at org.springframework.security.config.annotation.web.configuration.WebMvcSecurityConfiguration$CompositeFilterChainProxy.doFilter(WebMvcSecurityConfiguration.java:230)
	at org.springframework.web.filter.DelegatingFilterProxy.invokeDelegate(DelegatingFilterProxy.java:352)
	at org.springframework.web.filter.DelegatingFilterProxy.doFilter(DelegatingFilterProxy.java:268)
	at org.apache.catalina.core.ApplicationFilterChain.internalDoFilter(ApplicationFilterChain.java:175)
	at org.apache.catalina.core.ApplicationFilterChain.doFilter(ApplicationFilterChain.java:150)
	at org.springframework.web.filter.RequestContextFilter.doFilterInternal(RequestContextFilter.java:100)
	at org.springframework.web.filter.OncePerRequestFilter.doFilter(OncePerRequestFilter.java:116)
	at org.apache.catalina.core.ApplicationFilterChain.internalDoFilter(ApplicationFilterChain.java:175)
	at org.apache.catalina.core.ApplicationFilterChain.doFilter(ApplicationFilterChain.java:150)
	at org.springframework.web.filter.FormContentFilter.doFilterInternal(FormContentFilter.java:93)
	at org.springframework.web.filter.OncePerRequestFilter.doFilter(OncePerRequestFilter.java:116)
	at org.apache.catalina.core.ApplicationFilterChain.internalDoFilter(ApplicationFilterChain.java:175)
	at org.apache.catalina.core.ApplicationFilterChain.doFilter(ApplicationFilterChain.java:150)
	at org.springframework.web.filter.CharacterEncodingFilter.doFilterInternal(CharacterEncodingFilter.java:201)
	at org.springframework.web.filter.OncePerRequestFilter.doFilter(OncePerRequestFilter.java:116)
	at org.apache.catalina.core.ApplicationFilterChain.internalDoFilter(ApplicationFilterChain.java:175)
	at org.apache.catalina.core.ApplicationFilterChain.doFilter(ApplicationFilterChain.java:150)
	at org.apache.catalina.core.StandardWrapperValve.invoke(StandardWrapperValve.java:167)
	at org.apache.catalina.core.StandardContextValve.invoke(StandardContextValve.java:90)
	at org.apache.catalina.authenticator.AuthenticatorBase.invoke(AuthenticatorBase.java:482)
	at org.apache.catalina.core.StandardHostValve.invoke(StandardHostValve.java:115)
	at org.apache.catalina.valves.ErrorReportValve.invoke(ErrorReportValve.java:93)
	at org.apache.catalina.core.StandardEngineValve.invoke(StandardEngineValve.java:74)
	at org.apache.catalina.connector.CoyoteAdapter.service(CoyoteAdapter.java:344)
	at org.apache.coyote.http11.Http11Processor.service(Http11Processor.java:391)
	at org.apache.coyote.AbstractProcessorLight.process(AbstractProcessorLight.java:63)
	at org.apache.coyote.AbstractProtocol$ConnectionHandler.process(AbstractProtocol.java:896)
	at org.apache.tomcat.util.net.NioEndpoint$SocketProcessor.doRun(NioEndpoint.java:1736)
	at org.apache.tomcat.util.net.SocketProcessorBase.run(SocketProcessorBase.java:52)
	at org.apache.tomcat.util.threads.ThreadPoolExecutor.runWorker(ThreadPoolExecutor.java:1191)
	at org.apache.tomcat.util.threads.ThreadPoolExecutor$Worker.run(ThreadPoolExecutor.java:659)
	at org.apache.tomcat.util.threads.TaskThread$WrappingRunnable.run(TaskThread.java:63)
	at java.base/java.lang.Thread.run(Thread.java:840)
Caused by: org.attoparser.ParseException: Exception evaluating SpringEL expression: "obj.id" (template: "admin-product-list.html" - line 26, col 17)
	at org.attoparser.MarkupParser.parseDocument(MarkupParser.java:393)
	at org.attoparser.MarkupParser.parse(MarkupParser.java:257)
	at org.thymeleaf.templateparser.markup.AbstractMarkupTemplateParser.parse(AbstractMarkupTemplateParser.java:230)
	... 93 common frames omitted
Caused by: org.thymeleaf.exceptions.TemplateProcessingException: Exception evaluating SpringEL expression: "obj.id" (template: "admin-product-list.html" - line 26, col 17)
	at org.thymeleaf.spring6.expression.SPELVariableExpressionEvaluator.evaluate(SPELVariableExpressionEvaluator.java:292)
	at org.thymeleaf.standard.expression.VariableExpression.executeVariableExpression(VariableExpression.java:166)
	at org.thymeleaf.standard.expression.SimpleExpression.executeSimple(SimpleExpression.java:66)
	at org.thymeleaf.standard.expression.Expression.execute(Expression.java:109)
	at org.thymeleaf.standard.expression.Expression.execute(Expression.java:138)
	at org.thymeleaf.standard.processor.AbstractStandardExpressionAttributeTagProcessor.doProcess(AbstractStandardExpressionAttributeTagProcessor.java:144)
	at org.thymeleaf.processor.element.AbstractAttributeTagProcessor.doProcess(AbstractAttributeTagProcessor.java:74)
	at org.thymeleaf.processor.element.AbstractElementTagProcessor.process(AbstractElementTagProcessor.java:95)
	at org.thymeleaf.util.ProcessorConfigurationUtils$ElementTagProcessorWrapper.process(ProcessorConfigurationUtils.java:633)
	at org.thymeleaf.engine.ProcessorTemplateHandler.handleOpenElement(ProcessorTemplateHandler.java:1314)
	at org.thymeleaf.engine.OpenElementTag.beHandled(OpenElementTag.java:205)
	at org.thymeleaf.engine.Model.process(Model.java:282)
	at org.thymeleaf.engine.Model.process(Model.java:290)
	at org.thymeleaf.engine.IteratedGatheringModelProcessable.processIterationModel(IteratedGatheringModelProcessable.java:368)
	at org.thymeleaf.engine.IteratedGatheringModelProcessable.process(IteratedGatheringModelProcessable.java:222)
	at org.thymeleaf.engine.ProcessorTemplateHandler.handleCloseElement(ProcessorTemplateHandler.java:1640)
	at org.thymeleaf.engine.CloseElementTag.beHandled(CloseElementTag.java:139)
	at org.thymeleaf.engine.Model.process(Model.java:282)
	at org.thymeleaf.engine.ProcessorTemplateHandler.handleOpenElement(ProcessorTemplateHandler.java:1587)
	at org.thymeleaf.engine.TemplateHandlerAdapterMarkupHandler.handleOpenElementEnd(TemplateHandlerAdapterMarkupHandler.java:304)
	at org.thymeleaf.templateparser.markup.InlinedOutputExpressionMarkupHandler$InlineMarkupAdapterPreProcessorHandler.handleOpenElementEnd(InlinedOutputExpressionMarkupHandler.java:278)
	at org.thymeleaf.standard.inline.OutputExpressionInlinePreProcessorHandler.handleOpenElementEnd(OutputExpressionInlinePreProcessorHandler.java:186)
	at org.thymeleaf.templateparser.markup.InlinedOutputExpressionMarkupHandler.handleOpenElementEnd(InlinedOutputExpressionMarkupHandler.java:124)
	at org.attoparser.HtmlElement.handleOpenElementEnd(HtmlElement.java:109)
	at org.attoparser.HtmlMarkupHandler.handleOpenElementEnd(HtmlMarkupHandler.java:297)
	at org.attoparser.MarkupEventProcessorHandler.handleOpenElementEnd(MarkupEventProcessorHandler.java:402)
	at org.attoparser.ParsingElementMarkupUtil.parseOpenElement(ParsingElementMarkupUtil.java:159)
	at org.attoparser.MarkupParser.parseBuffer(MarkupParser.java:710)
	at org.attoparser.MarkupParser.parseDocument(MarkupParser.java:301)
	... 95 common frames omitted
Caused by: org.springframework.expression.spel.SpelEvaluationException: EL1008E: Property or field 'id' cannot be found on object of type 'com.tn.dto.ProductShowDTO' - maybe not public or not valid?
	at org.springframework.expression.spel.ast.PropertyOrFieldReference.readProperty(PropertyOrFieldReference.java:228)
	at org.springframework.expression.spel.ast.PropertyOrFieldReference.getValueInternal(PropertyOrFieldReference.java:111)
	at org.springframework.expression.spel.ast.PropertyOrFieldReference$AccessorLValue.getValue(PropertyOrFieldReference.java:416)
	at org.springframework.expression.spel.ast.CompoundExpression.getValueInternal(CompoundExpression.java:98)
	at org.springframework.expression.spel.ast.SpelNodeImpl.getValue(SpelNodeImpl.java:114)
	at org.springframework.expression.spel.standard.SpelExpression.getValue(SpelExpression.java:338)
	at org.thymeleaf.spring6.expression.SPELVariableExpressionEvaluator.evaluate(SPELVariableExpressionEvaluator.java:265)
	... 123 common frames omitted
2025-05-07 04:41:25,499 ERROR org.apache.catalina.core.ContainerBase.[Tomcat].[localhost].[/].[dispatcherServlet] [http-nio-8080-exec-6] Servlet.service() for servlet [dispatcherServlet] in context with path [] threw exception [Request processing failed: org.thymeleaf.exceptions.TemplateInputException: An error happened during template parsing (template: "class path resource [templates/admin-index.html]")] with root cause
org.springframework.expression.spel.SpelEvaluationException: EL1008E: Property or field 'id' cannot be found on object of type 'com.tn.dto.ProductShowDTO' - maybe not public or not valid?
	at org.springframework.expression.spel.ast.PropertyOrFieldReference.readProperty(PropertyOrFieldReference.java:228)
	at org.springframework.expression.spel.ast.PropertyOrFieldReference.getValueInternal(PropertyOrFieldReference.java:111)
	at org.springframework.expression.spel.ast.PropertyOrFieldReference$AccessorLValue.getValue(PropertyOrFieldReference.java:416)
	at org.springframework.expression.spel.ast.CompoundExpression.getValueInternal(CompoundExpression.java:98)
	at org.springframework.expression.spel.ast.SpelNodeImpl.getValue(SpelNodeImpl.java:114)
	at org.springframework.expression.spel.standard.SpelExpression.getValue(SpelExpression.java:338)
	at org.thymeleaf.spring6.expression.SPELVariableExpressionEvaluator.evaluate(SPELVariableExpressionEvaluator.java:265)
	at org.thymeleaf.standard.expression.VariableExpression.executeVariableExpression(VariableExpression.java:166)
	at org.thymeleaf.standard.expression.SimpleExpression.executeSimple(SimpleExpression.java:66)
	at org.thymeleaf.standard.expression.Expression.execute(Expression.java:109)
	at org.thymeleaf.standard.expression.Expression.execute(Expression.java:138)
	at org.thymeleaf.standard.processor.AbstractStandardExpressionAttributeTagProcessor.doProcess(AbstractStandardExpressionAttributeTagProcessor.java:144)
	at org.thymeleaf.processor.element.AbstractAttributeTagProcessor.doProcess(AbstractAttributeTagProcessor.java:74)
	at org.thymeleaf.processor.element.AbstractElementTagProcessor.process(AbstractElementTagProcessor.java:95)
	at org.thymeleaf.util.ProcessorConfigurationUtils$ElementTagProcessorWrapper.process(ProcessorConfigurationUtils.java:633)
	at org.thymeleaf.engine.ProcessorTemplateHandler.handleOpenElement(ProcessorTemplateHandler.java:1314)
	at org.thymeleaf.engine.OpenElementTag.beHandled(OpenElementTag.java:205)
	at org.thymeleaf.engine.Model.process(Model.java:282)
	at org.thymeleaf.engine.Model.process(Model.java:290)
	at org.thymeleaf.engine.IteratedGatheringModelProcessable.processIterationModel(IteratedGatheringModelProcessable.java:368)
	at org.thymeleaf.engine.IteratedGatheringModelProcessable.process(IteratedGatheringModelProcessable.java:222)
	at org.thymeleaf.engine.ProcessorTemplateHandler.handleCloseElement(ProcessorTemplateHandler.java:1640)
	at org.thymeleaf.engine.CloseElementTag.beHandled(CloseElementTag.java:139)
	at org.thymeleaf.engine.Model.process(Model.java:282)
	at org.thymeleaf.engine.ProcessorTemplateHandler.handleOpenElement(ProcessorTemplateHandler.java:1587)
	at org.thymeleaf.engine.TemplateHandlerAdapterMarkupHandler.handleOpenElementEnd(TemplateHandlerAdapterMarkupHandler.java:304)
	at org.thymeleaf.templateparser.markup.InlinedOutputExpressionMarkupHandler$InlineMarkupAdapterPreProcessorHandler.handleOpenElementEnd(InlinedOutputExpressionMarkupHandler.java:278)
	at org.thymeleaf.standard.inline.OutputExpressionInlinePreProcessorHandler.handleOpenElementEnd(OutputExpressionInlinePreProcessorHandler.java:186)
	at org.thymeleaf.templateparser.markup.InlinedOutputExpressionMarkupHandler.handleOpenElementEnd(InlinedOutputExpressionMarkupHandler.java:124)
	at org.attoparser.HtmlElement.handleOpenElementEnd(HtmlElement.java:109)
	at org.attoparser.HtmlMarkupHandler.handleOpenElementEnd(HtmlMarkupHandler.java:297)
	at org.attoparser.MarkupEventProcessorHandler.handleOpenElementEnd(MarkupEventProcessorHandler.java:402)
	at org.attoparser.ParsingElementMarkupUtil.parseOpenElement(ParsingElementMarkupUtil.java:159)
	at org.attoparser.MarkupParser.parseBuffer(MarkupParser.java:710)
	at org.attoparser.MarkupParser.parseDocument(MarkupParser.java:301)
	at org.attoparser.MarkupParser.parse(MarkupParser.java:257)
	at org.thymeleaf.templateparser.markup.AbstractMarkupTemplateParser.parse(AbstractMarkupTemplateParser.java:230)
	at org.thymeleaf.templateparser.markup.AbstractMarkupTemplateParser.parseStandalone(AbstractMarkupTemplateParser.java:100)
	at org.thymeleaf.engine.TemplateManager.parseAndProcess(TemplateManager.java:666)
	at org.thymeleaf.TemplateEngine.process(TemplateEngine.java:1103)
	at org.thymeleaf.TemplateEngine.process(TemplateEngine.java:1077)
	at org.thymeleaf.spring6.view.ThymeleafView.renderFragment(ThymeleafView.java:372)
	at org.thymeleaf.spring6.view.ThymeleafView.render(ThymeleafView.java:192)
	at org.springframework.web.servlet.DispatcherServlet.render(DispatcherServlet.java:1415)
	at org.springframework.web.servlet.DispatcherServlet.processDispatchResult(DispatcherServlet.java:1159)
	at org.springframework.web.servlet.DispatcherServlet.doDispatch(DispatcherServlet.java:1098)
	at org.springframework.web.servlet.DispatcherServlet.doService(DispatcherServlet.java:974)
	at org.springframework.web.servlet.FrameworkServlet.processRequest(FrameworkServlet.java:1014)
	at org.springframework.web.servlet.FrameworkServlet.doGet(FrameworkServlet.java:903)
	at jakarta.servlet.http.HttpServlet.service(HttpServlet.java:564)
	at org.springframework.web.servlet.FrameworkServlet.service(FrameworkServlet.java:885)
	at jakarta.servlet.http.HttpServlet.service(HttpServlet.java:658)
	at org.apache.catalina.core.ApplicationFilterChain.internalDoFilter(ApplicationFilterChain.java:206)
	at org.apache.catalina.core.ApplicationFilterChain.doFilter(ApplicationFilterChain.java:150)
	at org.apache.tomcat.websocket.server.WsFilter.doFilter(WsFilter.java:51)
	at org.apache.catalina.core.ApplicationFilterChain.internalDoFilter(ApplicationFilterChain.java:175)
	at org.apache.catalina.core.ApplicationFilterChain.doFilter(ApplicationFilterChain.java:150)
	at org.springframework.web.filter.CompositeFilter$VirtualFilterChain.doFilter(CompositeFilter.java:108)
	at org.springframework.security.web.FilterChainProxy.lambda$doFilterInternal$3(FilterChainProxy.java:231)
	at org.springframework.security.web.FilterChainProxy$VirtualFilterChain.doFilter(FilterChainProxy.java:365)
	at org.springframework.security.web.access.intercept.FilterSecurityInterceptor.invoke(FilterSecurityInterceptor.java:117)
	at org.springframework.security.web.access.intercept.FilterSecurityInterceptor.doFilter(FilterSecurityInterceptor.java:83)
	at org.springframework.security.web.FilterChainProxy$VirtualFilterChain.doFilter(FilterChainProxy.java:374)
	at org.springframework.security.web.access.ExceptionTranslationFilter.doFilter(ExceptionTranslationFilter.java:126)
	at org.springframework.security.web.access.ExceptionTranslationFilter.doFilter(ExceptionTranslationFilter.java:120)
	at org.springframework.security.web.FilterChainProxy$VirtualFilterChain.doFilter(FilterChainProxy.java:374)
	at org.springframework.security.web.authentication.AnonymousAuthenticationFilter.doFilter(AnonymousAuthenticationFilter.java:100)
	at org.springframework.security.web.FilterChainProxy$VirtualFilterChain.doFilter(FilterChainProxy.java:374)
	at org.springframework.security.web.servletapi.SecurityContextHolderAwareRequestFilter.doFilter(SecurityContextHolderAwareRequestFilter.java:179)
	at org.springframework.security.web.FilterChainProxy$VirtualFilterChain.doFilter(FilterChainProxy.java:374)
	at org.springframework.security.web.savedrequest.RequestCacheAwareFilter.doFilter(RequestCacheAwareFilter.java:63)
	at org.springframework.security.web.FilterChainProxy$VirtualFilterChain.doFilter(FilterChainProxy.java:374)
	at org.springframework.security.web.authentication.AbstractAuthenticationProcessingFilter.doFilter(AbstractAuthenticationProcessingFilter.java:227)
	at org.springframework.security.web.authentication.AbstractAuthenticationProcessingFilter.doFilter(AbstractAuthenticationProcessingFilter.java:221)
	at org.springframework.security.web.FilterChainProxy$VirtualFilterChain.doFilter(FilterChainProxy.java:374)
	at org.springframework.security.web.authentication.logout.LogoutFilter.doFilter(LogoutFilter.java:107)
	at org.springframework.security.web.authentication.logout.LogoutFilter.doFilter(LogoutFilter.java:93)
	at org.springframework.security.web.FilterChainProxy$VirtualFilterChain.doFilter(FilterChainProxy.java:374)
	at org.springframework.security.web.header.HeaderWriterFilter.doHeadersAfter(HeaderWriterFilter.java:90)
	at org.springframework.security.web.header.HeaderWriterFilter.doFilterInternal(HeaderWriterFilter.java:75)
	at org.springframework.web.filter.OncePerRequestFilter.doFilter(OncePerRequestFilter.java:116)
	at org.springframework.security.web.FilterChainProxy$VirtualFilterChain.doFilter(FilterChainProxy.java:374)
	at org.springframework.security.web.context.SecurityContextHolderFilter.doFilter(SecurityContextHolderFilter.java:82)
	at org.springframework.security.web.context.SecurityContextHolderFilter.doFilter(SecurityContextHolderFilter.java:69)
	at org.springframework.security.web.FilterChainProxy$VirtualFilterChain.doFilter(FilterChainProxy.java:374)
	at org.springframework.security.web.context.request.async.WebAsyncManagerIntegrationFilter.doFilterInternal(WebAsyncManagerIntegrationFilter.java:62)
	at org.springframework.web.filter.OncePerRequestFilter.doFilter(OncePerRequestFilter.java:116)
	at org.springframework.security.web.FilterChainProxy$VirtualFilterChain.doFilter(FilterChainProxy.java:374)
	at org.springframework.security.web.session.DisableEncodeUrlFilter.doFilterInternal(DisableEncodeUrlFilter.java:42)
	at org.springframework.web.filter.OncePerRequestFilter.doFilter(OncePerRequestFilter.java:116)
	at org.springframework.security.web.FilterChainProxy$VirtualFilterChain.doFilter(FilterChainProxy.java:374)
	at org.springframework.security.web.FilterChainProxy.doFilterInternal(FilterChainProxy.java:233)
	at org.springframework.security.web.FilterChainProxy.doFilter(FilterChainProxy.java:191)
	at org.springframework.web.filter.CompositeFilter$VirtualFilterChain.doFilter(CompositeFilter.java:113)
	at org.springframework.web.servlet.handler.HandlerMappingIntrospector.lambda$createCacheFilter$3(HandlerMappingIntrospector.java:195)
	at org.springframework.web.filter.CompositeFilter$VirtualFilterChain.doFilter(CompositeFilter.java:113)
	at org.springframework.web.filter.CompositeFilter.doFilter(CompositeFilter.java:74)
	at org.springframework.security.config.annotation.web.configuration.WebMvcSecurityConfiguration$CompositeFilterChainProxy.doFilter(WebMvcSecurityConfiguration.java:230)
	at org.springframework.web.filter.DelegatingFilterProxy.invokeDelegate(DelegatingFilterProxy.java:352)
	at org.springframework.web.filter.DelegatingFilterProxy.doFilter(DelegatingFilterProxy.java:268)
	at org.apache.catalina.core.ApplicationFilterChain.internalDoFilter(ApplicationFilterChain.java:175)
	at org.apache.catalina.core.ApplicationFilterChain.doFilter(ApplicationFilterChain.java:150)
	at org.springframework.web.filter.RequestContextFilter.doFilterInternal(RequestContextFilter.java:100)
	at org.springframework.web.filter.OncePerRequestFilter.doFilter(OncePerRequestFilter.java:116)
	at org.apache.catalina.core.ApplicationFilterChain.internalDoFilter(ApplicationFilterChain.java:175)
	at org.apache.catalina.core.ApplicationFilterChain.doFilter(ApplicationFilterChain.java:150)
	at org.springframework.web.filter.FormContentFilter.doFilterInternal(FormContentFilter.java:93)
	at org.springframework.web.filter.OncePerRequestFilter.doFilter(OncePerRequestFilter.java:116)
	at org.apache.catalina.core.ApplicationFilterChain.internalDoFilter(ApplicationFilterChain.java:175)
	at org.apache.catalina.core.ApplicationFilterChain.doFilter(ApplicationFilterChain.java:150)
	at org.springframework.web.filter.CharacterEncodingFilter.doFilterInternal(CharacterEncodingFilter.java:201)
	at org.springframework.web.filter.OncePerRequestFilter.doFilter(OncePerRequestFilter.java:116)
	at org.apache.catalina.core.ApplicationFilterChain.internalDoFilter(ApplicationFilterChain.java:175)
	at org.apache.catalina.core.ApplicationFilterChain.doFilter(ApplicationFilterChain.java:150)
	at org.apache.catalina.core.StandardWrapperValve.invoke(StandardWrapperValve.java:167)
	at org.apache.catalina.core.StandardContextValve.invoke(StandardContextValve.java:90)
	at org.apache.catalina.authenticator.AuthenticatorBase.invoke(AuthenticatorBase.java:482)
	at org.apache.catalina.core.StandardHostValve.invoke(StandardHostValve.java:115)
	at org.apache.catalina.valves.ErrorReportValve.invoke(ErrorReportValve.java:93)
	at org.apache.catalina.core.StandardEngineValve.invoke(StandardEngineValve.java:74)
	at org.apache.catalina.connector.CoyoteAdapter.service(CoyoteAdapter.java:344)
	at org.apache.coyote.http11.Http11Processor.service(Http11Processor.java:391)
	at org.apache.coyote.AbstractProcessorLight.process(AbstractProcessorLight.java:63)
	at org.apache.coyote.AbstractProtocol$ConnectionHandler.process(AbstractProtocol.java:896)
	at org.apache.tomcat.util.net.NioEndpoint$SocketProcessor.doRun(NioEndpoint.java:1736)
	at org.apache.tomcat.util.net.SocketProcessorBase.run(SocketProcessorBase.java:52)
	at org.apache.tomcat.util.threads.ThreadPoolExecutor.runWorker(ThreadPoolExecutor.java:1191)
	at org.apache.tomcat.util.threads.ThreadPoolExecutor$Worker.run(ThreadPoolExecutor.java:659)
	at org.apache.tomcat.util.threads.TaskThread$WrappingRunnable.run(TaskThread.java:63)
	at java.base/java.lang.Thread.run(Thread.java:840)
2025-05-07 04:41:28,105 ERROR org.apache.catalina.core.ContainerBase.[Tomcat].[localhost].[/].[dispatcherServlet] [http-nio-8080-exec-1] Servlet.service() for servlet [dispatcherServlet] in context with path [] threw exception [Request processing failed: java.lang.IllegalStateException: Illegal pop() with non-matching JdbcValuesSourceProcessingState] with root cause
java.lang.IllegalStateException: Illegal pop() with non-matching JdbcValuesSourceProcessingState
	at org.hibernate.sql.results.spi.LoadContexts.deregister(LoadContexts.java:46)
	at org.hibernate.sql.results.spi.ListResultsConsumer.consume(ListResultsConsumer.java:209)
	at org.hibernate.sql.results.spi.ListResultsConsumer.consume(ListResultsConsumer.java:33)
	at org.hibernate.sql.exec.internal.JdbcSelectExecutorStandardImpl.doExecuteQuery(JdbcSelectExecutorStandardImpl.java:361)
	at org.hibernate.sql.exec.internal.JdbcSelectExecutorStandardImpl.executeQuery(JdbcSelectExecutorStandardImpl.java:168)
	at org.hibernate.sql.exec.internal.JdbcSelectExecutorStandardImpl.list(JdbcSelectExecutorStandardImpl.java:93)
	at org.hibernate.sql.exec.spi.JdbcSelectExecutor.list(JdbcSelectExecutor.java:31)
	at org.hibernate.loader.ast.internal.CollectionLoaderSingleKey.load(CollectionLoaderSingleKey.java:114)
	at org.hibernate.persister.collection.AbstractCollectionPersister.initialize(AbstractCollectionPersister.java:680)
	at org.hibernate.event.internal.DefaultInitializeCollectionEventListener.onInitializeCollection(DefaultInitializeCollectionEventListener.java:75)
	at org.hibernate.event.service.internal.EventListenerGroupImpl.fireEventOnEachListener(EventListenerGroupImpl.java:127)
	at org.hibernate.internal.SessionImpl.initializeCollection(SessionImpl.java:1702)
	at org.hibernate.collection.spi.AbstractPersistentCollection.lambda$initialize$3(AbstractPersistentCollection.java:617)
	at org.hibernate.collection.spi.AbstractPersistentCollection.withTemporarySessionIfNeeded(AbstractPersistentCollection.java:265)
	at org.hibernate.collection.spi.AbstractPersistentCollection.initialize(AbstractPersistentCollection.java:615)
	at org.hibernate.collection.spi.AbstractPersistentCollection.read(AbstractPersistentCollection.java:136)
	at org.hibernate.collection.spi.PersistentSet.toString(PersistentSet.java:300)
	at java.base/java.lang.StringConcatHelper.stringOf(StringConcatHelper.java:453)
	at com.tn.entity.Account.toString(Account.java:13)
	at java.base/java.lang.String.valueOf(String.java:4220)
	at java.base/java.lang.StringBuilder.append(StringBuilder.java:173)
	at java.base/java.util.AbstractCollection.toString(AbstractCollection.java:457)
	at java.base/java.util.Collections$UnmodifiableCollection.toString(Collections.java:1047)
	at java.base/java.lang.String.valueOf(String.java:4220)
	at java.base/java.io.PrintStream.println(PrintStream.java:1047)
	at com.tn.controller.AccountController.getAll(AccountController.java:83)
	at java.base/jdk.internal.reflect.NativeMethodAccessorImpl.invoke0(Native Method)
	at java.base/jdk.internal.reflect.NativeMethodAccessorImpl.invoke(NativeMethodAccessorImpl.java:77)
	at java.base/jdk.internal.reflect.DelegatingMethodAccessorImpl.invoke(DelegatingMethodAccessorImpl.java:43)
	at java.base/java.lang.reflect.Method.invoke(Method.java:568)
	at org.springframework.web.method.support.InvocableHandlerMethod.doInvoke(InvocableHandlerMethod.java:205)
	at org.springframework.web.method.support.InvocableHandlerMethod.invokeForRequest(InvocableHandlerMethod.java:150)
	at org.springframework.web.servlet.mvc.method.annotation.ServletInvocableHandlerMethod.invokeAndHandle(ServletInvocableHandlerMethod.java:118)
	at org.springframework.web.servlet.mvc.method.annotation.RequestMappingHandlerAdapter.invokeHandlerMethod(RequestMappingHandlerAdapter.java:892)
	at org.springframework.web.servlet.mvc.method.annotation.RequestMappingHandlerAdapter.handleInternal(RequestMappingHandlerAdapter.java:798)
	at org.springframework.web.servlet.mvc.method.AbstractHandlerMethodAdapter.handle(AbstractHandlerMethodAdapter.java:87)
	at org.springframework.web.servlet.DispatcherServlet.doDispatch(DispatcherServlet.java:1081)
	at org.springframework.web.servlet.DispatcherServlet.doService(DispatcherServlet.java:974)
	at org.springframework.web.servlet.FrameworkServlet.processRequest(FrameworkServlet.java:1014)
	at org.springframework.web.servlet.FrameworkServlet.doGet(FrameworkServlet.java:903)
	at jakarta.servlet.http.HttpServlet.service(HttpServlet.java:564)
	at org.springframework.web.servlet.FrameworkServlet.service(FrameworkServlet.java:885)
	at jakarta.servlet.http.HttpServlet.service(HttpServlet.java:658)
	at org.apache.catalina.core.ApplicationFilterChain.internalDoFilter(ApplicationFilterChain.java:206)
	at org.apache.catalina.core.ApplicationFilterChain.doFilter(ApplicationFilterChain.java:150)
	at org.apache.tomcat.websocket.server.WsFilter.doFilter(WsFilter.java:51)
	at org.apache.catalina.core.ApplicationFilterChain.internalDoFilter(ApplicationFilterChain.java:175)
	at org.apache.catalina.core.ApplicationFilterChain.doFilter(ApplicationFilterChain.java:150)
	at org.springframework.web.filter.CompositeFilter$VirtualFilterChain.doFilter(CompositeFilter.java:108)
	at org.springframework.security.web.FilterChainProxy.lambda$doFilterInternal$3(FilterChainProxy.java:231)
	at org.springframework.security.web.FilterChainProxy$VirtualFilterChain.doFilter(FilterChainProxy.java:365)
	at org.springframework.security.web.access.intercept.FilterSecurityInterceptor.invoke(FilterSecurityInterceptor.java:117)
	at org.springframework.security.web.access.intercept.FilterSecurityInterceptor.doFilter(FilterSecurityInterceptor.java:83)
	at org.springframework.security.web.FilterChainProxy$VirtualFilterChain.doFilter(FilterChainProxy.java:374)
	at org.springframework.security.web.access.ExceptionTranslationFilter.doFilter(ExceptionTranslationFilter.java:126)
	at org.springframework.security.web.access.ExceptionTranslationFilter.doFilter(ExceptionTranslationFilter.java:120)
	at org.springframework.security.web.FilterChainProxy$VirtualFilterChain.doFilter(FilterChainProxy.java:374)
	at org.springframework.security.web.authentication.AnonymousAuthenticationFilter.doFilter(AnonymousAuthenticationFilter.java:100)
	at org.springframework.security.web.FilterChainProxy$VirtualFilterChain.doFilter(FilterChainProxy.java:374)
	at org.springframework.security.web.servletapi.SecurityContextHolderAwareRequestFilter.doFilter(SecurityContextHolderAwareRequestFilter.java:179)
	at org.springframework.security.web.FilterChainProxy$VirtualFilterChain.doFilter(FilterChainProxy.java:374)
	at org.springframework.security.web.savedrequest.RequestCacheAwareFilter.doFilter(RequestCacheAwareFilter.java:63)
	at org.springframework.security.web.FilterChainProxy$VirtualFilterChain.doFilter(FilterChainProxy.java:374)
	at org.springframework.security.web.authentication.AbstractAuthenticationProcessingFilter.doFilter(AbstractAuthenticationProcessingFilter.java:227)
	at org.springframework.security.web.authentication.AbstractAuthenticationProcessingFilter.doFilter(AbstractAuthenticationProcessingFilter.java:221)
	at org.springframework.security.web.FilterChainProxy$VirtualFilterChain.doFilter(FilterChainProxy.java:374)
	at org.springframework.security.web.authentication.logout.LogoutFilter.doFilter(LogoutFilter.java:107)
	at org.springframework.security.web.authentication.logout.LogoutFilter.doFilter(LogoutFilter.java:93)
	at org.springframework.security.web.FilterChainProxy$VirtualFilterChain.doFilter(FilterChainProxy.java:374)
	at org.springframework.security.web.header.HeaderWriterFilter.doHeadersAfter(HeaderWriterFilter.java:90)
	at org.springframework.security.web.header.HeaderWriterFilter.doFilterInternal(HeaderWriterFilter.java:75)
	at org.springframework.web.filter.OncePerRequestFilter.doFilter(OncePerRequestFilter.java:116)
	at org.springframework.security.web.FilterChainProxy$VirtualFilterChain.doFilter(FilterChainProxy.java:374)
	at org.springframework.security.web.context.SecurityContextHolderFilter.doFilter(SecurityContextHolderFilter.java:82)
	at org.springframework.security.web.context.SecurityContextHolderFilter.doFilter(SecurityContextHolderFilter.java:69)
	at org.springframework.security.web.FilterChainProxy$VirtualFilterChain.doFilter(FilterChainProxy.java:374)
	at org.springframework.security.web.context.request.async.WebAsyncManagerIntegrationFilter.doFilterInternal(WebAsyncManagerIntegrationFilter.java:62)
	at org.springframework.web.filter.OncePerRequestFilter.doFilter(OncePerRequestFilter.java:116)
	at org.springframework.security.web.FilterChainProxy$VirtualFilterChain.doFilter(FilterChainProxy.java:374)
	at org.springframework.security.web.session.DisableEncodeUrlFilter.doFilterInternal(DisableEncodeUrlFilter.java:42)
	at org.springframework.web.filter.OncePerRequestFilter.doFilter(OncePerRequestFilter.java:116)
	at org.springframework.security.web.FilterChainProxy$VirtualFilterChain.doFilter(FilterChainProxy.java:374)
	at org.springframework.security.web.FilterChainProxy.doFilterInternal(FilterChainProxy.java:233)
	at org.springframework.security.web.FilterChainProxy.doFilter(FilterChainProxy.java:191)
	at org.springframework.web.filter.CompositeFilter$VirtualFilterChain.doFilter(CompositeFilter.java:113)
	at org.springframework.web.servlet.handler.HandlerMappingIntrospector.lambda$createCacheFilter$3(HandlerMappingIntrospector.java:195)
	at org.springframework.web.filter.CompositeFilter$VirtualFilterChain.doFilter(CompositeFilter.java:113)
	at org.springframework.web.filter.CompositeFilter.doFilter(CompositeFilter.java:74)
	at org.springframework.security.config.annotation.web.configuration.WebMvcSecurityConfiguration$CompositeFilterChainProxy.doFilter(WebMvcSecurityConfiguration.java:230)
	at org.springframework.web.filter.DelegatingFilterProxy.invokeDelegate(DelegatingFilterProxy.java:352)
	at org.springframework.web.filter.DelegatingFilterProxy.doFilter(DelegatingFilterProxy.java:268)
	at org.apache.catalina.core.ApplicationFilterChain.internalDoFilter(ApplicationFilterChain.java:175)
	at org.apache.catalina.core.ApplicationFilterChain.doFilter(ApplicationFilterChain.java:150)
	at org.springframework.web.filter.RequestContextFilter.doFilterInternal(RequestContextFilter.java:100)
	at org.springframework.web.filter.OncePerRequestFilter.doFilter(OncePerRequestFilter.java:116)
	at org.apache.catalina.core.ApplicationFilterChain.internalDoFilter(ApplicationFilterChain.java:175)
	at org.apache.catalina.core.ApplicationFilterChain.doFilter(ApplicationFilterChain.java:150)
	at org.springframework.web.filter.FormContentFilter.doFilterInternal(FormContentFilter.java:93)
	at org.springframework.web.filter.OncePerRequestFilter.doFilter(OncePerRequestFilter.java:116)
	at org.apache.catalina.core.ApplicationFilterChain.internalDoFilter(ApplicationFilterChain.java:175)
	at org.apache.catalina.core.ApplicationFilterChain.doFilter(ApplicationFilterChain.java:150)
	at org.springframework.web.filter.CharacterEncodingFilter.doFilterInternal(CharacterEncodingFilter.java:201)
	at org.springframework.web.filter.OncePerRequestFilter.doFilter(OncePerRequestFilter.java:116)
	at org.apache.catalina.core.ApplicationFilterChain.internalDoFilter(ApplicationFilterChain.java:175)
	at org.apache.catalina.core.ApplicationFilterChain.doFilter(ApplicationFilterChain.java:150)
	at org.apache.catalina.core.StandardWrapperValve.invoke(StandardWrapperValve.java:167)
	at org.apache.catalina.core.StandardContextValve.invoke(StandardContextValve.java:90)
	at org.apache.catalina.authenticator.AuthenticatorBase.invoke(AuthenticatorBase.java:482)
	at org.apache.catalina.core.StandardHostValve.invoke(StandardHostValve.java:115)
	at org.apache.catalina.valves.ErrorReportValve.invoke(ErrorReportValve.java:93)
	at org.apache.catalina.core.StandardEngineValve.invoke(StandardEngineValve.java:74)
	at org.apache.catalina.connector.CoyoteAdapter.service(CoyoteAdapter.java:344)
	at org.apache.coyote.http11.Http11Processor.service(Http11Processor.java:391)
	at org.apache.coyote.AbstractProcessorLight.process(AbstractProcessorLight.java:63)
	at org.apache.coyote.AbstractProtocol$ConnectionHandler.process(AbstractProtocol.java:896)
	at org.apache.tomcat.util.net.NioEndpoint$SocketProcessor.doRun(NioEndpoint.java:1736)
	at org.apache.tomcat.util.net.SocketProcessorBase.run(SocketProcessorBase.java:52)
	at org.apache.tomcat.util.threads.ThreadPoolExecutor.runWorker(ThreadPoolExecutor.java:1191)
	at org.apache.tomcat.util.threads.ThreadPoolExecutor$Worker.run(ThreadPoolExecutor.java:659)
	at org.apache.tomcat.util.threads.TaskThread$WrappingRunnable.run(TaskThread.java:63)
	at java.base/java.lang.Thread.run(Thread.java:840)
2025-05-07 04:45:04,645 INFO org.springframework.orm.jpa.LocalContainerEntityManagerFactoryBean [SpringApplicationShutdownHook] Closing JPA EntityManagerFactory for persistence unit 'default'
2025-05-07 04:45:04,659 INFO com.zaxxer.hikari.HikariDataSource [SpringApplicationShutdownHook] HikariPool-1 - Shutdown initiated...
2025-05-07 04:45:04,675 INFO com.zaxxer.hikari.HikariDataSource [SpringApplicationShutdownHook] HikariPool-1 - Shutdown completed.
2025-05-07 04:45:10,643 INFO com.tn.Demo25AccountThymeleafApplication [restartedMain] Starting Demo25AccountThymeleafApplication using Java 17.0.10 with PID 3100 (C:\Users\Public\Javapro\demo25_AccountThymeleaf\target\classes started by havan in C:\Users\Public\Javapro\demo25_AccountThymeleaf)
2025-05-07 04:45:10,646 INFO com.tn.Demo25AccountThymeleafApplication [restartedMain] The following 1 profile is active: "prod"
2025-05-07 04:45:10,702 INFO org.springframework.boot.devtools.env.DevToolsPropertyDefaultsPostProcessor [restartedMain] Devtools property defaults active! Set 'spring.devtools.add-properties' to 'false' to disable
2025-05-07 04:45:10,702 INFO org.springframework.boot.devtools.env.DevToolsPropertyDefaultsPostProcessor [restartedMain] For additional web related logging consider setting the 'logging.level.web' property to 'DEBUG'
2025-05-07 04:45:11,415 INFO org.springframework.data.repository.config.RepositoryConfigurationDelegate [restartedMain] Bootstrapping Spring Data JPA repositories in DEFAULT mode.
2025-05-07 04:45:11,487 INFO org.springframework.data.repository.config.RepositoryConfigurationDelegate [restartedMain] Finished Spring Data repository scanning in 67 ms. Found 6 JPA repository interfaces.
2025-05-07 04:45:12,115 INFO org.springframework.boot.web.embedded.tomcat.TomcatWebServer [restartedMain] Tomcat initialized with port(s): 8080 (http)
2025-05-07 04:45:12,125 INFO org.apache.catalina.core.StandardService [restartedMain] Starting service [Tomcat]
2025-05-07 04:45:12,125 INFO org.apache.catalina.core.StandardEngine [restartedMain] Starting Servlet engine: [Apache Tomcat/10.1.20]
2025-05-07 04:45:12,183 INFO org.apache.catalina.core.ContainerBase.[Tomcat].[localhost].[/] [restartedMain] Initializing Spring embedded WebApplicationContext
2025-05-07 04:45:12,184 INFO org.springframework.boot.web.servlet.context.ServletWebServerApplicationContext [restartedMain] Root WebApplicationContext: initialization completed in 1480 ms
2025-05-07 04:45:12,328 INFO org.hibernate.jpa.internal.util.LogHelper [restartedMain] HHH000204: Processing PersistenceUnitInfo [name: default]
2025-05-07 04:45:12,380 INFO org.hibernate.Version [restartedMain] HHH000412: Hibernate ORM core version 6.2.24.Final
2025-05-07 04:45:12,382 INFO org.hibernate.cfg.Environment [restartedMain] HHH000406: Using bytecode reflection optimizer
2025-05-07 04:45:12,640 INFO org.springframework.orm.jpa.persistenceunit.SpringPersistenceUnitInfo [restartedMain] No LoadTimeWeaver setup: ignoring JPA class transformer
2025-05-07 04:45:12,668 INFO com.zaxxer.hikari.HikariDataSource [restartedMain] HikariPool-1 - Starting...
2025-05-07 04:45:12,787 INFO com.zaxxer.hikari.pool.HikariPool [restartedMain] HikariPool-1 - Added connection com.mysql.cj.jdbc.ConnectionImpl@7f4cc337
2025-05-07 04:45:12,789 INFO com.zaxxer.hikari.HikariDataSource [restartedMain] HikariPool-1 - Start completed.
2025-05-07 04:45:12,820 WARN org.hibernate.dialect.Dialect [restartedMain] HHH000511: The 5.5.0 version for [org.hibernate.dialect.MySQLDialect] is no longer supported, hence certain features may not work properly. The minimum supported version is 5.7.0. Check the community dialects project for available legacy versions.
2025-05-07 04:45:13,627 INFO org.hibernate.engine.transaction.jta.platform.internal.JtaPlatformInitiator [restartedMain] HHH000489: No JTA platform available (set 'hibernate.transaction.jta.platform' to enable JTA platform integration)
2025-05-07 04:45:13,735 INFO org.springframework.orm.jpa.LocalContainerEntityManagerFactoryBean [restartedMain] Initialized JPA EntityManagerFactory for persistence unit 'default'
2025-05-07 04:45:14,055 INFO org.springframework.data.jpa.repository.query.QueryEnhancerFactory [restartedMain] Hibernate is in classpath; If applicable, HQL parser will be used.
2025-05-07 04:45:14,345 WARN org.springframework.boot.autoconfigure.orm.jpa.JpaBaseConfiguration$JpaWebConfiguration [restartedMain] spring.jpa.open-in-view is enabled by default. Therefore, database queries may be performed during view rendering. Explicitly configure spring.jpa.open-in-view to disable this warning
2025-05-07 04:45:14,601 INFO org.springframework.security.web.DefaultSecurityFilterChain [restartedMain] Will secure any request with [org.springframework.security.web.session.DisableEncodeUrlFilter@120558ab, org.springframework.security.web.context.request.async.WebAsyncManagerIntegrationFilter@6250c834, org.springframework.security.web.context.SecurityContextHolderFilter@26b2733, org.springframework.security.web.header.HeaderWriterFilter@1b53dce3, org.springframework.security.web.authentication.logout.LogoutFilter@1efbcef9, org.springframework.security.web.authentication.UsernamePasswordAuthenticationFilter@1c221f32, org.springframework.security.web.savedrequest.RequestCacheAwareFilter@5a7a8dc3, org.springframework.security.web.servletapi.SecurityContextHolderAwareRequestFilter@109f6e6, org.springframework.security.web.authentication.AnonymousAuthenticationFilter@6e0790c3, org.springframework.security.web.access.ExceptionTranslationFilter@6c2b532e, org.springframework.security.web.access.intercept.FilterSecurityInterceptor@7338001]
2025-05-07 04:45:14,854 INFO org.springframework.boot.devtools.autoconfigure.OptionalLiveReloadServer [restartedMain] LiveReload server is running on port 35729
2025-05-07 04:45:14,899 INFO org.springframework.boot.web.embedded.tomcat.TomcatWebServer [restartedMain] Tomcat started on port(s): 8080 (http) with context path ''
2025-05-07 04:45:14,916 INFO com.tn.Demo25AccountThymeleafApplication [restartedMain] Started Demo25AccountThymeleafApplication in 4.705 seconds (process running for 5.769)
2025-05-07 04:45:19,010 INFO org.apache.catalina.core.ContainerBase.[Tomcat].[localhost].[/] [http-nio-8080-exec-1] Initializing Spring DispatcherServlet 'dispatcherServlet'
2025-05-07 04:45:19,010 INFO org.springframework.web.servlet.DispatcherServlet [http-nio-8080-exec-1] Initializing Servlet 'dispatcherServlet'
2025-05-07 04:45:19,013 INFO org.springframework.web.servlet.DispatcherServlet [http-nio-8080-exec-1] Completed initialization in 3 ms
2025-05-07 04:45:19,468 WARN org.thymeleaf.standard.processor.AbstractStandardFragmentInsertionTagProcessor [http-nio-8080-exec-1] [THYMELEAF][http-nio-8080-exec-1][admin-index] Deprecated unwrapped fragment expression "admin-account-list.html::AdminAccountList" found in template admin-index, line 32, col 10. Please use the complete syntax of fragment expressions instead ("~{admin-account-list.html::AdminAccountList}"). The old, unwrapped syntax for fragment expressions will be removed in future versions of Thymeleaf.
2025-05-07 04:45:19,497 WARN org.thymeleaf.standard.processor.AbstractStandardFragmentInsertionTagProcessor [http-nio-8080-exec-1] [THYMELEAF][http-nio-8080-exec-1][admin-account-list.html] Deprecated unwrapped fragment expression "layout-admin.html::LayoutAdmin" found in template admin-account-list.html, line 3, col 10. Please use the complete syntax of fragment expressions instead ("~{layout-admin.html::LayoutAdmin}"). The old, unwrapped syntax for fragment expressions will be removed in future versions of Thymeleaf.
2025-05-07 04:45:19,514 ERROR org.thymeleaf.TemplateEngine [http-nio-8080-exec-1] [THYMELEAF][http-nio-8080-exec-1] Exception processing template "admin-index": An error happened during template parsing (template: "class path resource [templates/admin-index.html]")
org.thymeleaf.exceptions.TemplateInputException: An error happened during template parsing (template: "class path resource [templates/admin-index.html]")
	at org.thymeleaf.templateparser.markup.AbstractMarkupTemplateParser.parse(AbstractMarkupTemplateParser.java:241)
	at org.thymeleaf.templateparser.markup.AbstractMarkupTemplateParser.parseStandalone(AbstractMarkupTemplateParser.java:100)
	at org.thymeleaf.engine.TemplateManager.parseAndProcess(TemplateManager.java:666)
	at org.thymeleaf.TemplateEngine.process(TemplateEngine.java:1103)
	at org.thymeleaf.TemplateEngine.process(TemplateEngine.java:1077)
	at org.thymeleaf.spring6.view.ThymeleafView.renderFragment(ThymeleafView.java:372)
	at org.thymeleaf.spring6.view.ThymeleafView.render(ThymeleafView.java:192)
	at org.springframework.web.servlet.DispatcherServlet.render(DispatcherServlet.java:1415)
	at org.springframework.web.servlet.DispatcherServlet.processDispatchResult(DispatcherServlet.java:1159)
	at org.springframework.web.servlet.DispatcherServlet.doDispatch(DispatcherServlet.java:1098)
	at org.springframework.web.servlet.DispatcherServlet.doService(DispatcherServlet.java:974)
	at org.springframework.web.servlet.FrameworkServlet.processRequest(FrameworkServlet.java:1014)
	at org.springframework.web.servlet.FrameworkServlet.doGet(FrameworkServlet.java:903)
	at jakarta.servlet.http.HttpServlet.service(HttpServlet.java:564)
	at org.springframework.web.servlet.FrameworkServlet.service(FrameworkServlet.java:885)
	at jakarta.servlet.http.HttpServlet.service(HttpServlet.java:658)
	at org.apache.catalina.core.ApplicationFilterChain.internalDoFilter(ApplicationFilterChain.java:206)
	at org.apache.catalina.core.ApplicationFilterChain.doFilter(ApplicationFilterChain.java:150)
	at org.apache.tomcat.websocket.server.WsFilter.doFilter(WsFilter.java:51)
	at org.apache.catalina.core.ApplicationFilterChain.internalDoFilter(ApplicationFilterChain.java:175)
	at org.apache.catalina.core.ApplicationFilterChain.doFilter(ApplicationFilterChain.java:150)
	at org.springframework.web.filter.CompositeFilter$VirtualFilterChain.doFilter(CompositeFilter.java:108)
	at org.springframework.security.web.FilterChainProxy.lambda$doFilterInternal$3(FilterChainProxy.java:231)
	at org.springframework.security.web.FilterChainProxy$VirtualFilterChain.doFilter(FilterChainProxy.java:365)
	at org.springframework.security.web.access.intercept.FilterSecurityInterceptor.invoke(FilterSecurityInterceptor.java:117)
	at org.springframework.security.web.access.intercept.FilterSecurityInterceptor.doFilter(FilterSecurityInterceptor.java:83)
	at org.springframework.security.web.FilterChainProxy$VirtualFilterChain.doFilter(FilterChainProxy.java:374)
	at org.springframework.security.web.access.ExceptionTranslationFilter.doFilter(ExceptionTranslationFilter.java:126)
	at org.springframework.security.web.access.ExceptionTranslationFilter.doFilter(ExceptionTranslationFilter.java:120)
	at org.springframework.security.web.FilterChainProxy$VirtualFilterChain.doFilter(FilterChainProxy.java:374)
	at org.springframework.security.web.authentication.AnonymousAuthenticationFilter.doFilter(AnonymousAuthenticationFilter.java:100)
	at org.springframework.security.web.FilterChainProxy$VirtualFilterChain.doFilter(FilterChainProxy.java:374)
	at org.springframework.security.web.servletapi.SecurityContextHolderAwareRequestFilter.doFilter(SecurityContextHolderAwareRequestFilter.java:179)
	at org.springframework.security.web.FilterChainProxy$VirtualFilterChain.doFilter(FilterChainProxy.java:374)
	at org.springframework.security.web.savedrequest.RequestCacheAwareFilter.doFilter(RequestCacheAwareFilter.java:63)
	at org.springframework.security.web.FilterChainProxy$VirtualFilterChain.doFilter(FilterChainProxy.java:374)
	at org.springframework.security.web.authentication.AbstractAuthenticationProcessingFilter.doFilter(AbstractAuthenticationProcessingFilter.java:227)
	at org.springframework.security.web.authentication.AbstractAuthenticationProcessingFilter.doFilter(AbstractAuthenticationProcessingFilter.java:221)
	at org.springframework.security.web.FilterChainProxy$VirtualFilterChain.doFilter(FilterChainProxy.java:374)
	at org.springframework.security.web.authentication.logout.LogoutFilter.doFilter(LogoutFilter.java:107)
	at org.springframework.security.web.authentication.logout.LogoutFilter.doFilter(LogoutFilter.java:93)
	at org.springframework.security.web.FilterChainProxy$VirtualFilterChain.doFilter(FilterChainProxy.java:374)
	at org.springframework.security.web.header.HeaderWriterFilter.doHeadersAfter(HeaderWriterFilter.java:90)
	at org.springframework.security.web.header.HeaderWriterFilter.doFilterInternal(HeaderWriterFilter.java:75)
	at org.springframework.web.filter.OncePerRequestFilter.doFilter(OncePerRequestFilter.java:116)
	at org.springframework.security.web.FilterChainProxy$VirtualFilterChain.doFilter(FilterChainProxy.java:374)
	at org.springframework.security.web.context.SecurityContextHolderFilter.doFilter(SecurityContextHolderFilter.java:82)
	at org.springframework.security.web.context.SecurityContextHolderFilter.doFilter(SecurityContextHolderFilter.java:69)
	at org.springframework.security.web.FilterChainProxy$VirtualFilterChain.doFilter(FilterChainProxy.java:374)
	at org.springframework.security.web.context.request.async.WebAsyncManagerIntegrationFilter.doFilterInternal(WebAsyncManagerIntegrationFilter.java:62)
	at org.springframework.web.filter.OncePerRequestFilter.doFilter(OncePerRequestFilter.java:116)
	at org.springframework.security.web.FilterChainProxy$VirtualFilterChain.doFilter(FilterChainProxy.java:374)
	at org.springframework.security.web.session.DisableEncodeUrlFilter.doFilterInternal(DisableEncodeUrlFilter.java:42)
	at org.springframework.web.filter.OncePerRequestFilter.doFilter(OncePerRequestFilter.java:116)
	at org.springframework.security.web.FilterChainProxy$VirtualFilterChain.doFilter(FilterChainProxy.java:374)
	at org.springframework.security.web.FilterChainProxy.doFilterInternal(FilterChainProxy.java:233)
	at org.springframework.security.web.FilterChainProxy.doFilter(FilterChainProxy.java:191)
	at org.springframework.web.filter.CompositeFilter$VirtualFilterChain.doFilter(CompositeFilter.java:113)
	at org.springframework.web.servlet.handler.HandlerMappingIntrospector.lambda$createCacheFilter$3(HandlerMappingIntrospector.java:195)
	at org.springframework.web.filter.CompositeFilter$VirtualFilterChain.doFilter(CompositeFilter.java:113)
	at org.springframework.web.filter.CompositeFilter.doFilter(CompositeFilter.java:74)
	at org.springframework.security.config.annotation.web.configuration.WebMvcSecurityConfiguration$CompositeFilterChainProxy.doFilter(WebMvcSecurityConfiguration.java:230)
	at org.springframework.web.filter.DelegatingFilterProxy.invokeDelegate(DelegatingFilterProxy.java:352)
	at org.springframework.web.filter.DelegatingFilterProxy.doFilter(DelegatingFilterProxy.java:268)
	at org.apache.catalina.core.ApplicationFilterChain.internalDoFilter(ApplicationFilterChain.java:175)
	at org.apache.catalina.core.ApplicationFilterChain.doFilter(ApplicationFilterChain.java:150)
	at org.springframework.web.filter.RequestContextFilter.doFilterInternal(RequestContextFilter.java:100)
	at org.springframework.web.filter.OncePerRequestFilter.doFilter(OncePerRequestFilter.java:116)
	at org.apache.catalina.core.ApplicationFilterChain.internalDoFilter(ApplicationFilterChain.java:175)
	at org.apache.catalina.core.ApplicationFilterChain.doFilter(ApplicationFilterChain.java:150)
	at org.springframework.web.filter.FormContentFilter.doFilterInternal(FormContentFilter.java:93)
	at org.springframework.web.filter.OncePerRequestFilter.doFilter(OncePerRequestFilter.java:116)
	at org.apache.catalina.core.ApplicationFilterChain.internalDoFilter(ApplicationFilterChain.java:175)
	at org.apache.catalina.core.ApplicationFilterChain.doFilter(ApplicationFilterChain.java:150)
	at org.springframework.web.filter.CharacterEncodingFilter.doFilterInternal(CharacterEncodingFilter.java:201)
	at org.springframework.web.filter.OncePerRequestFilter.doFilter(OncePerRequestFilter.java:116)
	at org.apache.catalina.core.ApplicationFilterChain.internalDoFilter(ApplicationFilterChain.java:175)
	at org.apache.catalina.core.ApplicationFilterChain.doFilter(ApplicationFilterChain.java:150)
	at org.apache.catalina.core.StandardWrapperValve.invoke(StandardWrapperValve.java:167)
	at org.apache.catalina.core.StandardContextValve.invoke(StandardContextValve.java:90)
	at org.apache.catalina.authenticator.AuthenticatorBase.invoke(AuthenticatorBase.java:482)
	at org.apache.catalina.core.StandardHostValve.invoke(StandardHostValve.java:115)
	at org.apache.catalina.valves.ErrorReportValve.invoke(ErrorReportValve.java:93)
	at org.apache.catalina.core.StandardEngineValve.invoke(StandardEngineValve.java:74)
	at org.apache.catalina.connector.CoyoteAdapter.service(CoyoteAdapter.java:344)
	at org.apache.coyote.http11.Http11Processor.service(Http11Processor.java:391)
	at org.apache.coyote.AbstractProcessorLight.process(AbstractProcessorLight.java:63)
	at org.apache.coyote.AbstractProtocol$ConnectionHandler.process(AbstractProtocol.java:896)
	at org.apache.tomcat.util.net.NioEndpoint$SocketProcessor.doRun(NioEndpoint.java:1736)
	at org.apache.tomcat.util.net.SocketProcessorBase.run(SocketProcessorBase.java:52)
	at org.apache.tomcat.util.threads.ThreadPoolExecutor.runWorker(ThreadPoolExecutor.java:1191)
	at org.apache.tomcat.util.threads.ThreadPoolExecutor$Worker.run(ThreadPoolExecutor.java:659)
	at org.apache.tomcat.util.threads.TaskThread$WrappingRunnable.run(TaskThread.java:63)
	at java.base/java.lang.Thread.run(Thread.java:840)
Caused by: org.attoparser.ParseException: Exception evaluating SpringEL expression: "obj.id" (template: "admin-account-list.html" - line 24, col 21)
	at org.attoparser.MarkupParser.parseDocument(MarkupParser.java:393)
	at org.attoparser.MarkupParser.parse(MarkupParser.java:257)
	at org.thymeleaf.templateparser.markup.AbstractMarkupTemplateParser.parse(AbstractMarkupTemplateParser.java:230)
	... 93 common frames omitted
Caused by: org.thymeleaf.exceptions.TemplateProcessingException: Exception evaluating SpringEL expression: "obj.id" (template: "admin-account-list.html" - line 24, col 21)
	at org.thymeleaf.spring6.expression.SPELVariableExpressionEvaluator.evaluate(SPELVariableExpressionEvaluator.java:292)
	at org.thymeleaf.standard.expression.VariableExpression.executeVariableExpression(VariableExpression.java:166)
	at org.thymeleaf.standard.expression.SimpleExpression.executeSimple(SimpleExpression.java:66)
	at org.thymeleaf.standard.expression.Expression.execute(Expression.java:109)
	at org.thymeleaf.standard.expression.Expression.execute(Expression.java:138)
	at org.thymeleaf.standard.processor.AbstractStandardExpressionAttributeTagProcessor.doProcess(AbstractStandardExpressionAttributeTagProcessor.java:144)
	at org.thymeleaf.processor.element.AbstractAttributeTagProcessor.doProcess(AbstractAttributeTagProcessor.java:74)
	at org.thymeleaf.processor.element.AbstractElementTagProcessor.process(AbstractElementTagProcessor.java:95)
	at org.thymeleaf.util.ProcessorConfigurationUtils$ElementTagProcessorWrapper.process(ProcessorConfigurationUtils.java:633)
	at org.thymeleaf.engine.ProcessorTemplateHandler.handleOpenElement(ProcessorTemplateHandler.java:1314)
	at org.thymeleaf.engine.OpenElementTag.beHandled(OpenElementTag.java:205)
	at org.thymeleaf.engine.Model.process(Model.java:282)
	at org.thymeleaf.engine.Model.process(Model.java:290)
	at org.thymeleaf.engine.IteratedGatheringModelProcessable.processIterationModel(IteratedGatheringModelProcessable.java:368)
	at org.thymeleaf.engine.IteratedGatheringModelProcessable.process(IteratedGatheringModelProcessable.java:222)
	at org.thymeleaf.engine.ProcessorTemplateHandler.handleCloseElement(ProcessorTemplateHandler.java:1640)
	at org.thymeleaf.engine.CloseElementTag.beHandled(CloseElementTag.java:139)
	at org.thymeleaf.engine.Model.process(Model.java:282)
	at org.thymeleaf.engine.ProcessorTemplateHandler.handleOpenElement(ProcessorTemplateHandler.java:1587)
	at org.thymeleaf.engine.TemplateHandlerAdapterMarkupHandler.handleOpenElementEnd(TemplateHandlerAdapterMarkupHandler.java:304)
	at org.thymeleaf.templateparser.markup.InlinedOutputExpressionMarkupHandler$InlineMarkupAdapterPreProcessorHandler.handleOpenElementEnd(InlinedOutputExpressionMarkupHandler.java:278)
	at org.thymeleaf.standard.inline.OutputExpressionInlinePreProcessorHandler.handleOpenElementEnd(OutputExpressionInlinePreProcessorHandler.java:186)
	at org.thymeleaf.templateparser.markup.InlinedOutputExpressionMarkupHandler.handleOpenElementEnd(InlinedOutputExpressionMarkupHandler.java:124)
	at org.attoparser.HtmlElement.handleOpenElementEnd(HtmlElement.java:109)
	at org.attoparser.HtmlMarkupHandler.handleOpenElementEnd(HtmlMarkupHandler.java:297)
	at org.attoparser.MarkupEventProcessorHandler.handleOpenElementEnd(MarkupEventProcessorHandler.java:402)
	at org.attoparser.ParsingElementMarkupUtil.parseOpenElement(ParsingElementMarkupUtil.java:159)
	at org.attoparser.MarkupParser.parseBuffer(MarkupParser.java:710)
	at org.attoparser.MarkupParser.parseDocument(MarkupParser.java:301)
	... 95 common frames omitted
Caused by: org.springframework.expression.spel.SpelEvaluationException: EL1008E: Property or field 'id' cannot be found on object of type 'com.tn.entity.Account' - maybe not public or not valid?
	at org.springframework.expression.spel.ast.PropertyOrFieldReference.readProperty(PropertyOrFieldReference.java:228)
	at org.springframework.expression.spel.ast.PropertyOrFieldReference.getValueInternal(PropertyOrFieldReference.java:111)
	at org.springframework.expression.spel.ast.PropertyOrFieldReference$AccessorLValue.getValue(PropertyOrFieldReference.java:416)
	at org.springframework.expression.spel.ast.CompoundExpression.getValueInternal(CompoundExpression.java:98)
	at org.springframework.expression.spel.ast.SpelNodeImpl.getValue(SpelNodeImpl.java:114)
	at org.springframework.expression.spel.standard.SpelExpression.getValue(SpelExpression.java:338)
	at org.thymeleaf.spring6.expression.SPELVariableExpressionEvaluator.evaluate(SPELVariableExpressionEvaluator.java:265)
	... 123 common frames omitted
2025-05-07 04:45:19,529 ERROR org.apache.catalina.core.ContainerBase.[Tomcat].[localhost].[/].[dispatcherServlet] [http-nio-8080-exec-1] Servlet.service() for servlet [dispatcherServlet] in context with path [] threw exception [Request processing failed: org.thymeleaf.exceptions.TemplateInputException: An error happened during template parsing (template: "class path resource [templates/admin-index.html]")] with root cause
org.springframework.expression.spel.SpelEvaluationException: EL1008E: Property or field 'id' cannot be found on object of type 'com.tn.entity.Account' - maybe not public or not valid?
	at org.springframework.expression.spel.ast.PropertyOrFieldReference.readProperty(PropertyOrFieldReference.java:228)
	at org.springframework.expression.spel.ast.PropertyOrFieldReference.getValueInternal(PropertyOrFieldReference.java:111)
	at org.springframework.expression.spel.ast.PropertyOrFieldReference$AccessorLValue.getValue(PropertyOrFieldReference.java:416)
	at org.springframework.expression.spel.ast.CompoundExpression.getValueInternal(CompoundExpression.java:98)
	at org.springframework.expression.spel.ast.SpelNodeImpl.getValue(SpelNodeImpl.java:114)
	at org.springframework.expression.spel.standard.SpelExpression.getValue(SpelExpression.java:338)
	at org.thymeleaf.spring6.expression.SPELVariableExpressionEvaluator.evaluate(SPELVariableExpressionEvaluator.java:265)
	at org.thymeleaf.standard.expression.VariableExpression.executeVariableExpression(VariableExpression.java:166)
	at org.thymeleaf.standard.expression.SimpleExpression.executeSimple(SimpleExpression.java:66)
	at org.thymeleaf.standard.expression.Expression.execute(Expression.java:109)
	at org.thymeleaf.standard.expression.Expression.execute(Expression.java:138)
	at org.thymeleaf.standard.processor.AbstractStandardExpressionAttributeTagProcessor.doProcess(AbstractStandardExpressionAttributeTagProcessor.java:144)
	at org.thymeleaf.processor.element.AbstractAttributeTagProcessor.doProcess(AbstractAttributeTagProcessor.java:74)
	at org.thymeleaf.processor.element.AbstractElementTagProcessor.process(AbstractElementTagProcessor.java:95)
	at org.thymeleaf.util.ProcessorConfigurationUtils$ElementTagProcessorWrapper.process(ProcessorConfigurationUtils.java:633)
	at org.thymeleaf.engine.ProcessorTemplateHandler.handleOpenElement(ProcessorTemplateHandler.java:1314)
	at org.thymeleaf.engine.OpenElementTag.beHandled(OpenElementTag.java:205)
	at org.thymeleaf.engine.Model.process(Model.java:282)
	at org.thymeleaf.engine.Model.process(Model.java:290)
	at org.thymeleaf.engine.IteratedGatheringModelProcessable.processIterationModel(IteratedGatheringModelProcessable.java:368)
	at org.thymeleaf.engine.IteratedGatheringModelProcessable.process(IteratedGatheringModelProcessable.java:222)
	at org.thymeleaf.engine.ProcessorTemplateHandler.handleCloseElement(ProcessorTemplateHandler.java:1640)
	at org.thymeleaf.engine.CloseElementTag.beHandled(CloseElementTag.java:139)
	at org.thymeleaf.engine.Model.process(Model.java:282)
	at org.thymeleaf.engine.ProcessorTemplateHandler.handleOpenElement(ProcessorTemplateHandler.java:1587)
	at org.thymeleaf.engine.TemplateHandlerAdapterMarkupHandler.handleOpenElementEnd(TemplateHandlerAdapterMarkupHandler.java:304)
	at org.thymeleaf.templateparser.markup.InlinedOutputExpressionMarkupHandler$InlineMarkupAdapterPreProcessorHandler.handleOpenElementEnd(InlinedOutputExpressionMarkupHandler.java:278)
	at org.thymeleaf.standard.inline.OutputExpressionInlinePreProcessorHandler.handleOpenElementEnd(OutputExpressionInlinePreProcessorHandler.java:186)
	at org.thymeleaf.templateparser.markup.InlinedOutputExpressionMarkupHandler.handleOpenElementEnd(InlinedOutputExpressionMarkupHandler.java:124)
	at org.attoparser.HtmlElement.handleOpenElementEnd(HtmlElement.java:109)
	at org.attoparser.HtmlMarkupHandler.handleOpenElementEnd(HtmlMarkupHandler.java:297)
	at org.attoparser.MarkupEventProcessorHandler.handleOpenElementEnd(MarkupEventProcessorHandler.java:402)
	at org.attoparser.ParsingElementMarkupUtil.parseOpenElement(ParsingElementMarkupUtil.java:159)
	at org.attoparser.MarkupParser.parseBuffer(MarkupParser.java:710)
	at org.attoparser.MarkupParser.parseDocument(MarkupParser.java:301)
	at org.attoparser.MarkupParser.parse(MarkupParser.java:257)
	at org.thymeleaf.templateparser.markup.AbstractMarkupTemplateParser.parse(AbstractMarkupTemplateParser.java:230)
	at org.thymeleaf.templateparser.markup.AbstractMarkupTemplateParser.parseStandalone(AbstractMarkupTemplateParser.java:100)
	at org.thymeleaf.engine.TemplateManager.parseAndProcess(TemplateManager.java:666)
	at org.thymeleaf.TemplateEngine.process(TemplateEngine.java:1103)
	at org.thymeleaf.TemplateEngine.process(TemplateEngine.java:1077)
	at org.thymeleaf.spring6.view.ThymeleafView.renderFragment(ThymeleafView.java:372)
	at org.thymeleaf.spring6.view.ThymeleafView.render(ThymeleafView.java:192)
	at org.springframework.web.servlet.DispatcherServlet.render(DispatcherServlet.java:1415)
	at org.springframework.web.servlet.DispatcherServlet.processDispatchResult(DispatcherServlet.java:1159)
	at org.springframework.web.servlet.DispatcherServlet.doDispatch(DispatcherServlet.java:1098)
	at org.springframework.web.servlet.DispatcherServlet.doService(DispatcherServlet.java:974)
	at org.springframework.web.servlet.FrameworkServlet.processRequest(FrameworkServlet.java:1014)
	at org.springframework.web.servlet.FrameworkServlet.doGet(FrameworkServlet.java:903)
	at jakarta.servlet.http.HttpServlet.service(HttpServlet.java:564)
	at org.springframework.web.servlet.FrameworkServlet.service(FrameworkServlet.java:885)
	at jakarta.servlet.http.HttpServlet.service(HttpServlet.java:658)
	at org.apache.catalina.core.ApplicationFilterChain.internalDoFilter(ApplicationFilterChain.java:206)
	at org.apache.catalina.core.ApplicationFilterChain.doFilter(ApplicationFilterChain.java:150)
	at org.apache.tomcat.websocket.server.WsFilter.doFilter(WsFilter.java:51)
	at org.apache.catalina.core.ApplicationFilterChain.internalDoFilter(ApplicationFilterChain.java:175)
	at org.apache.catalina.core.ApplicationFilterChain.doFilter(ApplicationFilterChain.java:150)
	at org.springframework.web.filter.CompositeFilter$VirtualFilterChain.doFilter(CompositeFilter.java:108)
	at org.springframework.security.web.FilterChainProxy.lambda$doFilterInternal$3(FilterChainProxy.java:231)
	at org.springframework.security.web.FilterChainProxy$VirtualFilterChain.doFilter(FilterChainProxy.java:365)
	at org.springframework.security.web.access.intercept.FilterSecurityInterceptor.invoke(FilterSecurityInterceptor.java:117)
	at org.springframework.security.web.access.intercept.FilterSecurityInterceptor.doFilter(FilterSecurityInterceptor.java:83)
	at org.springframework.security.web.FilterChainProxy$VirtualFilterChain.doFilter(FilterChainProxy.java:374)
	at org.springframework.security.web.access.ExceptionTranslationFilter.doFilter(ExceptionTranslationFilter.java:126)
	at org.springframework.security.web.access.ExceptionTranslationFilter.doFilter(ExceptionTranslationFilter.java:120)
	at org.springframework.security.web.FilterChainProxy$VirtualFilterChain.doFilter(FilterChainProxy.java:374)
	at org.springframework.security.web.authentication.AnonymousAuthenticationFilter.doFilter(AnonymousAuthenticationFilter.java:100)
	at org.springframework.security.web.FilterChainProxy$VirtualFilterChain.doFilter(FilterChainProxy.java:374)
	at org.springframework.security.web.servletapi.SecurityContextHolderAwareRequestFilter.doFilter(SecurityContextHolderAwareRequestFilter.java:179)
	at org.springframework.security.web.FilterChainProxy$VirtualFilterChain.doFilter(FilterChainProxy.java:374)
	at org.springframework.security.web.savedrequest.RequestCacheAwareFilter.doFilter(RequestCacheAwareFilter.java:63)
	at org.springframework.security.web.FilterChainProxy$VirtualFilterChain.doFilter(FilterChainProxy.java:374)
	at org.springframework.security.web.authentication.AbstractAuthenticationProcessingFilter.doFilter(AbstractAuthenticationProcessingFilter.java:227)
	at org.springframework.security.web.authentication.AbstractAuthenticationProcessingFilter.doFilter(AbstractAuthenticationProcessingFilter.java:221)
	at org.springframework.security.web.FilterChainProxy$VirtualFilterChain.doFilter(FilterChainProxy.java:374)
	at org.springframework.security.web.authentication.logout.LogoutFilter.doFilter(LogoutFilter.java:107)
	at org.springframework.security.web.authentication.logout.LogoutFilter.doFilter(LogoutFilter.java:93)
	at org.springframework.security.web.FilterChainProxy$VirtualFilterChain.doFilter(FilterChainProxy.java:374)
	at org.springframework.security.web.header.HeaderWriterFilter.doHeadersAfter(HeaderWriterFilter.java:90)
	at org.springframework.security.web.header.HeaderWriterFilter.doFilterInternal(HeaderWriterFilter.java:75)
	at org.springframework.web.filter.OncePerRequestFilter.doFilter(OncePerRequestFilter.java:116)
	at org.springframework.security.web.FilterChainProxy$VirtualFilterChain.doFilter(FilterChainProxy.java:374)
	at org.springframework.security.web.context.SecurityContextHolderFilter.doFilter(SecurityContextHolderFilter.java:82)
	at org.springframework.security.web.context.SecurityContextHolderFilter.doFilter(SecurityContextHolderFilter.java:69)
	at org.springframework.security.web.FilterChainProxy$VirtualFilterChain.doFilter(FilterChainProxy.java:374)
	at org.springframework.security.web.context.request.async.WebAsyncManagerIntegrationFilter.doFilterInternal(WebAsyncManagerIntegrationFilter.java:62)
	at org.springframework.web.filter.OncePerRequestFilter.doFilter(OncePerRequestFilter.java:116)
	at org.springframework.security.web.FilterChainProxy$VirtualFilterChain.doFilter(FilterChainProxy.java:374)
	at org.springframework.security.web.session.DisableEncodeUrlFilter.doFilterInternal(DisableEncodeUrlFilter.java:42)
	at org.springframework.web.filter.OncePerRequestFilter.doFilter(OncePerRequestFilter.java:116)
	at org.springframework.security.web.FilterChainProxy$VirtualFilterChain.doFilter(FilterChainProxy.java:374)
	at org.springframework.security.web.FilterChainProxy.doFilterInternal(FilterChainProxy.java:233)
	at org.springframework.security.web.FilterChainProxy.doFilter(FilterChainProxy.java:191)
	at org.springframework.web.filter.CompositeFilter$VirtualFilterChain.doFilter(CompositeFilter.java:113)
	at org.springframework.web.servlet.handler.HandlerMappingIntrospector.lambda$createCacheFilter$3(HandlerMappingIntrospector.java:195)
	at org.springframework.web.filter.CompositeFilter$VirtualFilterChain.doFilter(CompositeFilter.java:113)
	at org.springframework.web.filter.CompositeFilter.doFilter(CompositeFilter.java:74)
	at org.springframework.security.config.annotation.web.configuration.WebMvcSecurityConfiguration$CompositeFilterChainProxy.doFilter(WebMvcSecurityConfiguration.java:230)
	at org.springframework.web.filter.DelegatingFilterProxy.invokeDelegate(DelegatingFilterProxy.java:352)
	at org.springframework.web.filter.DelegatingFilterProxy.doFilter(DelegatingFilterProxy.java:268)
	at org.apache.catalina.core.ApplicationFilterChain.internalDoFilter(ApplicationFilterChain.java:175)
	at org.apache.catalina.core.ApplicationFilterChain.doFilter(ApplicationFilterChain.java:150)
	at org.springframework.web.filter.RequestContextFilter.doFilterInternal(RequestContextFilter.java:100)
	at org.springframework.web.filter.OncePerRequestFilter.doFilter(OncePerRequestFilter.java:116)
	at org.apache.catalina.core.ApplicationFilterChain.internalDoFilter(ApplicationFilterChain.java:175)
	at org.apache.catalina.core.ApplicationFilterChain.doFilter(ApplicationFilterChain.java:150)
	at org.springframework.web.filter.FormContentFilter.doFilterInternal(FormContentFilter.java:93)
	at org.springframework.web.filter.OncePerRequestFilter.doFilter(OncePerRequestFilter.java:116)
	at org.apache.catalina.core.ApplicationFilterChain.internalDoFilter(ApplicationFilterChain.java:175)
	at org.apache.catalina.core.ApplicationFilterChain.doFilter(ApplicationFilterChain.java:150)
	at org.springframework.web.filter.CharacterEncodingFilter.doFilterInternal(CharacterEncodingFilter.java:201)
	at org.springframework.web.filter.OncePerRequestFilter.doFilter(OncePerRequestFilter.java:116)
	at org.apache.catalina.core.ApplicationFilterChain.internalDoFilter(ApplicationFilterChain.java:175)
	at org.apache.catalina.core.ApplicationFilterChain.doFilter(ApplicationFilterChain.java:150)
	at org.apache.catalina.core.StandardWrapperValve.invoke(StandardWrapperValve.java:167)
	at org.apache.catalina.core.StandardContextValve.invoke(StandardContextValve.java:90)
	at org.apache.catalina.authenticator.AuthenticatorBase.invoke(AuthenticatorBase.java:482)
	at org.apache.catalina.core.StandardHostValve.invoke(StandardHostValve.java:115)
	at org.apache.catalina.valves.ErrorReportValve.invoke(ErrorReportValve.java:93)
	at org.apache.catalina.core.StandardEngineValve.invoke(StandardEngineValve.java:74)
	at org.apache.catalina.connector.CoyoteAdapter.service(CoyoteAdapter.java:344)
	at org.apache.coyote.http11.Http11Processor.service(Http11Processor.java:391)
	at org.apache.coyote.AbstractProcessorLight.process(AbstractProcessorLight.java:63)
	at org.apache.coyote.AbstractProtocol$ConnectionHandler.process(AbstractProtocol.java:896)
	at org.apache.tomcat.util.net.NioEndpoint$SocketProcessor.doRun(NioEndpoint.java:1736)
	at org.apache.tomcat.util.net.SocketProcessorBase.run(SocketProcessorBase.java:52)
	at org.apache.tomcat.util.threads.ThreadPoolExecutor.runWorker(ThreadPoolExecutor.java:1191)
	at org.apache.tomcat.util.threads.ThreadPoolExecutor$Worker.run(ThreadPoolExecutor.java:659)
	at org.apache.tomcat.util.threads.TaskThread$WrappingRunnable.run(TaskThread.java:63)
	at java.base/java.lang.Thread.run(Thread.java:840)
2025-05-07 04:48:04,009 INFO org.springframework.orm.jpa.LocalContainerEntityManagerFactoryBean [SpringApplicationShutdownHook] Closing JPA EntityManagerFactory for persistence unit 'default'
2025-05-07 04:48:04,014 INFO com.zaxxer.hikari.HikariDataSource [SpringApplicationShutdownHook] HikariPool-1 - Shutdown initiated...
2025-05-07 04:48:04,020 INFO com.zaxxer.hikari.HikariDataSource [SpringApplicationShutdownHook] HikariPool-1 - Shutdown completed.
2025-05-07 04:48:11,771 INFO com.tn.Demo25AccountThymeleafApplication [restartedMain] Starting Demo25AccountThymeleafApplication using Java 17.0.10 with PID 12636 (C:\Users\Public\Javapro\demo25_AccountThymeleaf\target\classes started by havan in C:\Users\Public\Javapro\demo25_AccountThymeleaf)
2025-05-07 04:48:11,774 INFO com.tn.Demo25AccountThymeleafApplication [restartedMain] The following 1 profile is active: "prod"
2025-05-07 04:48:11,831 INFO org.springframework.boot.devtools.env.DevToolsPropertyDefaultsPostProcessor [restartedMain] Devtools property defaults active! Set 'spring.devtools.add-properties' to 'false' to disable
2025-05-07 04:48:11,831 INFO org.springframework.boot.devtools.env.DevToolsPropertyDefaultsPostProcessor [restartedMain] For additional web related logging consider setting the 'logging.level.web' property to 'DEBUG'
2025-05-07 04:48:12,622 INFO org.springframework.data.repository.config.RepositoryConfigurationDelegate [restartedMain] Bootstrapping Spring Data JPA repositories in DEFAULT mode.
2025-05-07 04:48:12,711 INFO org.springframework.data.repository.config.RepositoryConfigurationDelegate [restartedMain] Finished Spring Data repository scanning in 81 ms. Found 6 JPA repository interfaces.
2025-05-07 04:48:13,482 INFO org.springframework.boot.web.embedded.tomcat.TomcatWebServer [restartedMain] Tomcat initialized with port(s): 8080 (http)
2025-05-07 04:48:13,489 INFO org.apache.catalina.core.StandardService [restartedMain] Starting service [Tomcat]
2025-05-07 04:48:13,489 INFO org.apache.catalina.core.StandardEngine [restartedMain] Starting Servlet engine: [Apache Tomcat/10.1.20]
2025-05-07 04:48:13,554 INFO org.apache.catalina.core.ContainerBase.[Tomcat].[localhost].[/] [restartedMain] Initializing Spring embedded WebApplicationContext
2025-05-07 04:48:13,554 INFO org.springframework.boot.web.servlet.context.ServletWebServerApplicationContext [restartedMain] Root WebApplicationContext: initialization completed in 1723 ms
2025-05-07 04:48:13,699 INFO org.hibernate.jpa.internal.util.LogHelper [restartedMain] HHH000204: Processing PersistenceUnitInfo [name: default]
2025-05-07 04:48:13,753 INFO org.hibernate.Version [restartedMain] HHH000412: Hibernate ORM core version 6.2.24.Final
2025-05-07 04:48:13,756 INFO org.hibernate.cfg.Environment [restartedMain] HHH000406: Using bytecode reflection optimizer
2025-05-07 04:48:14,016 INFO org.springframework.orm.jpa.persistenceunit.SpringPersistenceUnitInfo [restartedMain] No LoadTimeWeaver setup: ignoring JPA class transformer
2025-05-07 04:48:14,046 INFO com.zaxxer.hikari.HikariDataSource [restartedMain] HikariPool-1 - Starting...
2025-05-07 04:48:14,204 INFO com.zaxxer.hikari.pool.HikariPool [restartedMain] HikariPool-1 - Added connection com.mysql.cj.jdbc.ConnectionImpl@70c9aa1f
2025-05-07 04:48:14,207 INFO com.zaxxer.hikari.HikariDataSource [restartedMain] HikariPool-1 - Start completed.
2025-05-07 04:48:14,257 WARN org.hibernate.dialect.Dialect [restartedMain] HHH000511: The 5.5.0 version for [org.hibernate.dialect.MySQLDialect] is no longer supported, hence certain features may not work properly. The minimum supported version is 5.7.0. Check the community dialects project for available legacy versions.
2025-05-07 04:48:15,255 INFO org.hibernate.engine.transaction.jta.platform.internal.JtaPlatformInitiator [restartedMain] HHH000489: No JTA platform available (set 'hibernate.transaction.jta.platform' to enable JTA platform integration)
2025-05-07 04:48:15,365 INFO org.springframework.orm.jpa.LocalContainerEntityManagerFactoryBean [restartedMain] Initialized JPA EntityManagerFactory for persistence unit 'default'
2025-05-07 04:48:15,748 INFO org.springframework.data.jpa.repository.query.QueryEnhancerFactory [restartedMain] Hibernate is in classpath; If applicable, HQL parser will be used.
2025-05-07 04:48:16,095 WARN org.springframework.boot.autoconfigure.orm.jpa.JpaBaseConfiguration$JpaWebConfiguration [restartedMain] spring.jpa.open-in-view is enabled by default. Therefore, database queries may be performed during view rendering. Explicitly configure spring.jpa.open-in-view to disable this warning
2025-05-07 04:48:16,425 INFO org.springframework.security.web.DefaultSecurityFilterChain [restartedMain] Will secure any request with [org.springframework.security.web.session.DisableEncodeUrlFilter@6b470d3e, org.springframework.security.web.context.request.async.WebAsyncManagerIntegrationFilter@1c40fd0e, org.springframework.security.web.context.SecurityContextHolderFilter@534ec388, org.springframework.security.web.header.HeaderWriterFilter@6055b21, org.springframework.security.web.authentication.logout.LogoutFilter@64e0e388, org.springframework.security.web.authentication.UsernamePasswordAuthenticationFilter@769186d0, org.springframework.security.web.savedrequest.RequestCacheAwareFilter@b2fe4ce, org.springframework.security.web.servletapi.SecurityContextHolderAwareRequestFilter@554a81bb, org.springframework.security.web.authentication.AnonymousAuthenticationFilter@470dae91, org.springframework.security.web.access.ExceptionTranslationFilter@7f3dad96, org.springframework.security.web.access.intercept.FilterSecurityInterceptor@3b3b26f2]
2025-05-07 04:48:16,698 INFO org.springframework.boot.devtools.autoconfigure.OptionalLiveReloadServer [restartedMain] LiveReload server is running on port 35729
2025-05-07 04:48:16,744 INFO org.springframework.boot.web.embedded.tomcat.TomcatWebServer [restartedMain] Tomcat started on port(s): 8080 (http) with context path ''
2025-05-07 04:48:16,766 INFO com.tn.Demo25AccountThymeleafApplication [restartedMain] Started Demo25AccountThymeleafApplication in 5.464 seconds (process running for 7.254)
2025-05-07 04:48:44,715 INFO org.apache.catalina.core.ContainerBase.[Tomcat].[localhost].[/] [http-nio-8080-exec-1] Initializing Spring DispatcherServlet 'dispatcherServlet'
2025-05-07 04:48:44,715 INFO org.springframework.web.servlet.DispatcherServlet [http-nio-8080-exec-1] Initializing Servlet 'dispatcherServlet'
2025-05-07 04:48:44,717 INFO org.springframework.web.servlet.DispatcherServlet [http-nio-8080-exec-1] Completed initialization in 1 ms
2025-05-07 04:49:06,873 INFO org.springframework.orm.jpa.LocalContainerEntityManagerFactoryBean [SpringApplicationShutdownHook] Closing JPA EntityManagerFactory for persistence unit 'default'
2025-05-07 04:49:06,879 INFO com.zaxxer.hikari.HikariDataSource [SpringApplicationShutdownHook] HikariPool-1 - Shutdown initiated...
2025-05-07 04:49:06,883 INFO com.zaxxer.hikari.HikariDataSource [SpringApplicationShutdownHook] HikariPool-1 - Shutdown completed.
2025-05-07 04:49:11,756 INFO com.tn.Demo25AccountThymeleafApplication [restartedMain] Starting Demo25AccountThymeleafApplication using Java 17.0.10 with PID 2632 (C:\Users\Public\Javapro\demo25_AccountThymeleaf\target\classes started by havan in C:\Users\Public\Javapro\demo25_AccountThymeleaf)
2025-05-07 04:49:11,759 INFO com.tn.Demo25AccountThymeleafApplication [restartedMain] The following 1 profile is active: "prod"
2025-05-07 04:49:11,805 INFO org.springframework.boot.devtools.env.DevToolsPropertyDefaultsPostProcessor [restartedMain] Devtools property defaults active! Set 'spring.devtools.add-properties' to 'false' to disable
2025-05-07 04:49:11,805 INFO org.springframework.boot.devtools.env.DevToolsPropertyDefaultsPostProcessor [restartedMain] For additional web related logging consider setting the 'logging.level.web' property to 'DEBUG'
2025-05-07 04:49:12,467 INFO org.springframework.data.repository.config.RepositoryConfigurationDelegate [restartedMain] Bootstrapping Spring Data JPA repositories in DEFAULT mode.
2025-05-07 04:49:12,539 INFO org.springframework.data.repository.config.RepositoryConfigurationDelegate [restartedMain] Finished Spring Data repository scanning in 66 ms. Found 6 JPA repository interfaces.
2025-05-07 04:49:13,099 INFO org.springframework.boot.web.embedded.tomcat.TomcatWebServer [restartedMain] Tomcat initialized with port(s): 8080 (http)
2025-05-07 04:49:13,109 INFO org.apache.catalina.core.StandardService [restartedMain] Starting service [Tomcat]
2025-05-07 04:49:13,109 INFO org.apache.catalina.core.StandardEngine [restartedMain] Starting Servlet engine: [Apache Tomcat/10.1.20]
2025-05-07 04:49:13,169 INFO org.apache.catalina.core.ContainerBase.[Tomcat].[localhost].[/] [restartedMain] Initializing Spring embedded WebApplicationContext
2025-05-07 04:49:13,169 INFO org.springframework.boot.web.servlet.context.ServletWebServerApplicationContext [restartedMain] Root WebApplicationContext: initialization completed in 1364 ms
2025-05-07 04:49:13,309 INFO org.hibernate.jpa.internal.util.LogHelper [restartedMain] HHH000204: Processing PersistenceUnitInfo [name: default]
2025-05-07 04:49:13,345 INFO org.hibernate.Version [restartedMain] HHH000412: Hibernate ORM core version 6.2.24.Final
2025-05-07 04:49:13,347 INFO org.hibernate.cfg.Environment [restartedMain] HHH000406: Using bytecode reflection optimizer
2025-05-07 04:49:13,506 INFO org.springframework.orm.jpa.persistenceunit.SpringPersistenceUnitInfo [restartedMain] No LoadTimeWeaver setup: ignoring JPA class transformer
2025-05-07 04:49:13,521 INFO com.zaxxer.hikari.HikariDataSource [restartedMain] HikariPool-1 - Starting...
2025-05-07 04:49:13,630 INFO com.zaxxer.hikari.pool.HikariPool [restartedMain] HikariPool-1 - Added connection com.mysql.cj.jdbc.ConnectionImpl@51ea921
2025-05-07 04:49:13,635 INFO com.zaxxer.hikari.HikariDataSource [restartedMain] HikariPool-1 - Start completed.
2025-05-07 04:49:13,663 WARN org.hibernate.dialect.Dialect [restartedMain] HHH000511: The 5.5.0 version for [org.hibernate.dialect.MySQLDialect] is no longer supported, hence certain features may not work properly. The minimum supported version is 5.7.0. Check the community dialects project for available legacy versions.
2025-05-07 04:49:14,369 INFO org.hibernate.engine.transaction.jta.platform.internal.JtaPlatformInitiator [restartedMain] HHH000489: No JTA platform available (set 'hibernate.transaction.jta.platform' to enable JTA platform integration)
2025-05-07 04:49:14,471 INFO org.springframework.orm.jpa.LocalContainerEntityManagerFactoryBean [restartedMain] Initialized JPA EntityManagerFactory for persistence unit 'default'
2025-05-07 04:49:14,767 INFO org.springframework.data.jpa.repository.query.QueryEnhancerFactory [restartedMain] Hibernate is in classpath; If applicable, HQL parser will be used.
2025-05-07 04:49:15,062 WARN org.springframework.boot.autoconfigure.orm.jpa.JpaBaseConfiguration$JpaWebConfiguration [restartedMain] spring.jpa.open-in-view is enabled by default. Therefore, database queries may be performed during view rendering. Explicitly configure spring.jpa.open-in-view to disable this warning
2025-05-07 04:49:15,342 INFO org.springframework.security.web.DefaultSecurityFilterChain [restartedMain] Will secure any request with [org.springframework.security.web.session.DisableEncodeUrlFilter@5f6b26e7, org.springframework.security.web.context.request.async.WebAsyncManagerIntegrationFilter@eeea322, org.springframework.security.web.context.SecurityContextHolderFilter@32d9250, org.springframework.security.web.header.HeaderWriterFilter@6dd54b3e, org.springframework.security.web.authentication.logout.LogoutFilter@62906570, org.springframework.security.web.authentication.UsernamePasswordAuthenticationFilter@2785a984, org.springframework.security.web.savedrequest.RequestCacheAwareFilter@7e22cc3, org.springframework.security.web.servletapi.SecurityContextHolderAwareRequestFilter@74157298, org.springframework.security.web.authentication.AnonymousAuthenticationFilter@4adf2f2, org.springframework.security.web.access.ExceptionTranslationFilter@2bd39a75, org.springframework.security.web.access.intercept.FilterSecurityInterceptor@6cbed70e]
2025-05-07 04:49:15,587 INFO org.springframework.boot.devtools.autoconfigure.OptionalLiveReloadServer [restartedMain] LiveReload server is running on port 35729
2025-05-07 04:49:15,625 INFO org.springframework.boot.web.embedded.tomcat.TomcatWebServer [restartedMain] Tomcat started on port(s): 8080 (http) with context path ''
2025-05-07 04:49:15,645 INFO com.tn.Demo25AccountThymeleafApplication [restartedMain] Started Demo25AccountThymeleafApplication in 4.311 seconds (process running for 5.078)
2025-05-07 04:49:19,020 INFO org.apache.catalina.core.ContainerBase.[Tomcat].[localhost].[/] [http-nio-8080-exec-1] Initializing Spring DispatcherServlet 'dispatcherServlet'
2025-05-07 04:49:19,025 INFO org.springframework.web.servlet.DispatcherServlet [http-nio-8080-exec-1] Initializing Servlet 'dispatcherServlet'
2025-05-07 04:49:19,025 INFO org.springframework.web.servlet.DispatcherServlet [http-nio-8080-exec-1] Completed initialization in 0 ms
2025-05-07 04:49:22,620 WARN org.thymeleaf.standard.processor.AbstractStandardFragmentInsertionTagProcessor [http-nio-8080-exec-5] [THYMELEAF][http-nio-8080-exec-5][admin-index] Deprecated unwrapped fragment expression "admin-product-list.html::AdminProductList" found in template admin-index, line 39, col 10. Please use the complete syntax of fragment expressions instead ("~{admin-product-list.html::AdminProductList}"). The old, unwrapped syntax for fragment expressions will be removed in future versions of Thymeleaf.
2025-05-07 04:49:22,635 WARN org.thymeleaf.standard.processor.AbstractStandardFragmentInsertionTagProcessor [http-nio-8080-exec-5] [THYMELEAF][http-nio-8080-exec-5][admin-product-list.html] Deprecated unwrapped fragment expression "layout-admin.html::LayoutAdmin" found in template admin-product-list.html, line 4, col 10. Please use the complete syntax of fragment expressions instead ("~{layout-admin.html::LayoutAdmin}"). The old, unwrapped syntax for fragment expressions will be removed in future versions of Thymeleaf.
2025-05-07 04:49:22,647 ERROR org.thymeleaf.TemplateEngine [http-nio-8080-exec-5] [THYMELEAF][http-nio-8080-exec-5] Exception processing template "admin-index": An error happened during template parsing (template: "class path resource [templates/admin-index.html]")
org.thymeleaf.exceptions.TemplateInputException: An error happened during template parsing (template: "class path resource [templates/admin-index.html]")
	at org.thymeleaf.templateparser.markup.AbstractMarkupTemplateParser.parse(AbstractMarkupTemplateParser.java:241)
	at org.thymeleaf.templateparser.markup.AbstractMarkupTemplateParser.parseStandalone(AbstractMarkupTemplateParser.java:100)
	at org.thymeleaf.engine.TemplateManager.parseAndProcess(TemplateManager.java:666)
	at org.thymeleaf.TemplateEngine.process(TemplateEngine.java:1103)
	at org.thymeleaf.TemplateEngine.process(TemplateEngine.java:1077)
	at org.thymeleaf.spring6.view.ThymeleafView.renderFragment(ThymeleafView.java:372)
	at org.thymeleaf.spring6.view.ThymeleafView.render(ThymeleafView.java:192)
	at org.springframework.web.servlet.DispatcherServlet.render(DispatcherServlet.java:1415)
	at org.springframework.web.servlet.DispatcherServlet.processDispatchResult(DispatcherServlet.java:1159)
	at org.springframework.web.servlet.DispatcherServlet.doDispatch(DispatcherServlet.java:1098)
	at org.springframework.web.servlet.DispatcherServlet.doService(DispatcherServlet.java:974)
	at org.springframework.web.servlet.FrameworkServlet.processRequest(FrameworkServlet.java:1014)
	at org.springframework.web.servlet.FrameworkServlet.doGet(FrameworkServlet.java:903)
	at jakarta.servlet.http.HttpServlet.service(HttpServlet.java:564)
	at org.springframework.web.servlet.FrameworkServlet.service(FrameworkServlet.java:885)
	at jakarta.servlet.http.HttpServlet.service(HttpServlet.java:658)
	at org.apache.catalina.core.ApplicationFilterChain.internalDoFilter(ApplicationFilterChain.java:206)
	at org.apache.catalina.core.ApplicationFilterChain.doFilter(ApplicationFilterChain.java:150)
	at org.apache.tomcat.websocket.server.WsFilter.doFilter(WsFilter.java:51)
	at org.apache.catalina.core.ApplicationFilterChain.internalDoFilter(ApplicationFilterChain.java:175)
	at org.apache.catalina.core.ApplicationFilterChain.doFilter(ApplicationFilterChain.java:150)
	at org.springframework.web.filter.CompositeFilter$VirtualFilterChain.doFilter(CompositeFilter.java:108)
	at org.springframework.security.web.FilterChainProxy.lambda$doFilterInternal$3(FilterChainProxy.java:231)
	at org.springframework.security.web.FilterChainProxy$VirtualFilterChain.doFilter(FilterChainProxy.java:365)
	at org.springframework.security.web.access.intercept.FilterSecurityInterceptor.invoke(FilterSecurityInterceptor.java:117)
	at org.springframework.security.web.access.intercept.FilterSecurityInterceptor.doFilter(FilterSecurityInterceptor.java:83)
	at org.springframework.security.web.FilterChainProxy$VirtualFilterChain.doFilter(FilterChainProxy.java:374)
	at org.springframework.security.web.access.ExceptionTranslationFilter.doFilter(ExceptionTranslationFilter.java:126)
	at org.springframework.security.web.access.ExceptionTranslationFilter.doFilter(ExceptionTranslationFilter.java:120)
	at org.springframework.security.web.FilterChainProxy$VirtualFilterChain.doFilter(FilterChainProxy.java:374)
	at org.springframework.security.web.authentication.AnonymousAuthenticationFilter.doFilter(AnonymousAuthenticationFilter.java:100)
	at org.springframework.security.web.FilterChainProxy$VirtualFilterChain.doFilter(FilterChainProxy.java:374)
	at org.springframework.security.web.servletapi.SecurityContextHolderAwareRequestFilter.doFilter(SecurityContextHolderAwareRequestFilter.java:179)
	at org.springframework.security.web.FilterChainProxy$VirtualFilterChain.doFilter(FilterChainProxy.java:374)
	at org.springframework.security.web.savedrequest.RequestCacheAwareFilter.doFilter(RequestCacheAwareFilter.java:63)
	at org.springframework.security.web.FilterChainProxy$VirtualFilterChain.doFilter(FilterChainProxy.java:374)
	at org.springframework.security.web.authentication.AbstractAuthenticationProcessingFilter.doFilter(AbstractAuthenticationProcessingFilter.java:227)
	at org.springframework.security.web.authentication.AbstractAuthenticationProcessingFilter.doFilter(AbstractAuthenticationProcessingFilter.java:221)
	at org.springframework.security.web.FilterChainProxy$VirtualFilterChain.doFilter(FilterChainProxy.java:374)
	at org.springframework.security.web.authentication.logout.LogoutFilter.doFilter(LogoutFilter.java:107)
	at org.springframework.security.web.authentication.logout.LogoutFilter.doFilter(LogoutFilter.java:93)
	at org.springframework.security.web.FilterChainProxy$VirtualFilterChain.doFilter(FilterChainProxy.java:374)
	at org.springframework.security.web.header.HeaderWriterFilter.doHeadersAfter(HeaderWriterFilter.java:90)
	at org.springframework.security.web.header.HeaderWriterFilter.doFilterInternal(HeaderWriterFilter.java:75)
	at org.springframework.web.filter.OncePerRequestFilter.doFilter(OncePerRequestFilter.java:116)
	at org.springframework.security.web.FilterChainProxy$VirtualFilterChain.doFilter(FilterChainProxy.java:374)
	at org.springframework.security.web.context.SecurityContextHolderFilter.doFilter(SecurityContextHolderFilter.java:82)
	at org.springframework.security.web.context.SecurityContextHolderFilter.doFilter(SecurityContextHolderFilter.java:69)
	at org.springframework.security.web.FilterChainProxy$VirtualFilterChain.doFilter(FilterChainProxy.java:374)
	at org.springframework.security.web.context.request.async.WebAsyncManagerIntegrationFilter.doFilterInternal(WebAsyncManagerIntegrationFilter.java:62)
	at org.springframework.web.filter.OncePerRequestFilter.doFilter(OncePerRequestFilter.java:116)
	at org.springframework.security.web.FilterChainProxy$VirtualFilterChain.doFilter(FilterChainProxy.java:374)
	at org.springframework.security.web.session.DisableEncodeUrlFilter.doFilterInternal(DisableEncodeUrlFilter.java:42)
	at org.springframework.web.filter.OncePerRequestFilter.doFilter(OncePerRequestFilter.java:116)
	at org.springframework.security.web.FilterChainProxy$VirtualFilterChain.doFilter(FilterChainProxy.java:374)
	at org.springframework.security.web.FilterChainProxy.doFilterInternal(FilterChainProxy.java:233)
	at org.springframework.security.web.FilterChainProxy.doFilter(FilterChainProxy.java:191)
	at org.springframework.web.filter.CompositeFilter$VirtualFilterChain.doFilter(CompositeFilter.java:113)
	at org.springframework.web.servlet.handler.HandlerMappingIntrospector.lambda$createCacheFilter$3(HandlerMappingIntrospector.java:195)
	at org.springframework.web.filter.CompositeFilter$VirtualFilterChain.doFilter(CompositeFilter.java:113)
	at org.springframework.web.filter.CompositeFilter.doFilter(CompositeFilter.java:74)
	at org.springframework.security.config.annotation.web.configuration.WebMvcSecurityConfiguration$CompositeFilterChainProxy.doFilter(WebMvcSecurityConfiguration.java:230)
	at org.springframework.web.filter.DelegatingFilterProxy.invokeDelegate(DelegatingFilterProxy.java:352)
	at org.springframework.web.filter.DelegatingFilterProxy.doFilter(DelegatingFilterProxy.java:268)
	at org.apache.catalina.core.ApplicationFilterChain.internalDoFilter(ApplicationFilterChain.java:175)
	at org.apache.catalina.core.ApplicationFilterChain.doFilter(ApplicationFilterChain.java:150)
	at org.springframework.web.filter.RequestContextFilter.doFilterInternal(RequestContextFilter.java:100)
	at org.springframework.web.filter.OncePerRequestFilter.doFilter(OncePerRequestFilter.java:116)
	at org.apache.catalina.core.ApplicationFilterChain.internalDoFilter(ApplicationFilterChain.java:175)
	at org.apache.catalina.core.ApplicationFilterChain.doFilter(ApplicationFilterChain.java:150)
	at org.springframework.web.filter.FormContentFilter.doFilterInternal(FormContentFilter.java:93)
	at org.springframework.web.filter.OncePerRequestFilter.doFilter(OncePerRequestFilter.java:116)
	at org.apache.catalina.core.ApplicationFilterChain.internalDoFilter(ApplicationFilterChain.java:175)
	at org.apache.catalina.core.ApplicationFilterChain.doFilter(ApplicationFilterChain.java:150)
	at org.springframework.web.filter.CharacterEncodingFilter.doFilterInternal(CharacterEncodingFilter.java:201)
	at org.springframework.web.filter.OncePerRequestFilter.doFilter(OncePerRequestFilter.java:116)
	at org.apache.catalina.core.ApplicationFilterChain.internalDoFilter(ApplicationFilterChain.java:175)
	at org.apache.catalina.core.ApplicationFilterChain.doFilter(ApplicationFilterChain.java:150)
	at org.apache.catalina.core.StandardWrapperValve.invoke(StandardWrapperValve.java:167)
	at org.apache.catalina.core.StandardContextValve.invoke(StandardContextValve.java:90)
	at org.apache.catalina.authenticator.AuthenticatorBase.invoke(AuthenticatorBase.java:482)
	at org.apache.catalina.core.StandardHostValve.invoke(StandardHostValve.java:115)
	at org.apache.catalina.valves.ErrorReportValve.invoke(ErrorReportValve.java:93)
	at org.apache.catalina.core.StandardEngineValve.invoke(StandardEngineValve.java:74)
	at org.apache.catalina.connector.CoyoteAdapter.service(CoyoteAdapter.java:344)
	at org.apache.coyote.http11.Http11Processor.service(Http11Processor.java:391)
	at org.apache.coyote.AbstractProcessorLight.process(AbstractProcessorLight.java:63)
	at org.apache.coyote.AbstractProtocol$ConnectionHandler.process(AbstractProtocol.java:896)
	at org.apache.tomcat.util.net.NioEndpoint$SocketProcessor.doRun(NioEndpoint.java:1736)
	at org.apache.tomcat.util.net.SocketProcessorBase.run(SocketProcessorBase.java:52)
	at org.apache.tomcat.util.threads.ThreadPoolExecutor.runWorker(ThreadPoolExecutor.java:1191)
	at org.apache.tomcat.util.threads.ThreadPoolExecutor$Worker.run(ThreadPoolExecutor.java:659)
	at org.apache.tomcat.util.threads.TaskThread$WrappingRunnable.run(TaskThread.java:63)
	at java.base/java.lang.Thread.run(Thread.java:840)
Caused by: org.attoparser.ParseException: Exception evaluating SpringEL expression: "obj.id" (template: "admin-product-list.html" - line 26, col 17)
	at org.attoparser.MarkupParser.parseDocument(MarkupParser.java:393)
	at org.attoparser.MarkupParser.parse(MarkupParser.java:257)
	at org.thymeleaf.templateparser.markup.AbstractMarkupTemplateParser.parse(AbstractMarkupTemplateParser.java:230)
	... 93 common frames omitted
Caused by: org.thymeleaf.exceptions.TemplateProcessingException: Exception evaluating SpringEL expression: "obj.id" (template: "admin-product-list.html" - line 26, col 17)
	at org.thymeleaf.spring6.expression.SPELVariableExpressionEvaluator.evaluate(SPELVariableExpressionEvaluator.java:292)
	at org.thymeleaf.standard.expression.VariableExpression.executeVariableExpression(VariableExpression.java:166)
	at org.thymeleaf.standard.expression.SimpleExpression.executeSimple(SimpleExpression.java:66)
	at org.thymeleaf.standard.expression.Expression.execute(Expression.java:109)
	at org.thymeleaf.standard.expression.Expression.execute(Expression.java:138)
	at org.thymeleaf.standard.processor.AbstractStandardExpressionAttributeTagProcessor.doProcess(AbstractStandardExpressionAttributeTagProcessor.java:144)
	at org.thymeleaf.processor.element.AbstractAttributeTagProcessor.doProcess(AbstractAttributeTagProcessor.java:74)
	at org.thymeleaf.processor.element.AbstractElementTagProcessor.process(AbstractElementTagProcessor.java:95)
	at org.thymeleaf.util.ProcessorConfigurationUtils$ElementTagProcessorWrapper.process(ProcessorConfigurationUtils.java:633)
	at org.thymeleaf.engine.ProcessorTemplateHandler.handleOpenElement(ProcessorTemplateHandler.java:1314)
	at org.thymeleaf.engine.OpenElementTag.beHandled(OpenElementTag.java:205)
	at org.thymeleaf.engine.Model.process(Model.java:282)
	at org.thymeleaf.engine.Model.process(Model.java:290)
	at org.thymeleaf.engine.IteratedGatheringModelProcessable.processIterationModel(IteratedGatheringModelProcessable.java:368)
	at org.thymeleaf.engine.IteratedGatheringModelProcessable.process(IteratedGatheringModelProcessable.java:222)
	at org.thymeleaf.engine.ProcessorTemplateHandler.handleCloseElement(ProcessorTemplateHandler.java:1640)
	at org.thymeleaf.engine.CloseElementTag.beHandled(CloseElementTag.java:139)
	at org.thymeleaf.engine.Model.process(Model.java:282)
	at org.thymeleaf.engine.ProcessorTemplateHandler.handleOpenElement(ProcessorTemplateHandler.java:1587)
	at org.thymeleaf.engine.TemplateHandlerAdapterMarkupHandler.handleOpenElementEnd(TemplateHandlerAdapterMarkupHandler.java:304)
	at org.thymeleaf.templateparser.markup.InlinedOutputExpressionMarkupHandler$InlineMarkupAdapterPreProcessorHandler.handleOpenElementEnd(InlinedOutputExpressionMarkupHandler.java:278)
	at org.thymeleaf.standard.inline.OutputExpressionInlinePreProcessorHandler.handleOpenElementEnd(OutputExpressionInlinePreProcessorHandler.java:186)
	at org.thymeleaf.templateparser.markup.InlinedOutputExpressionMarkupHandler.handleOpenElementEnd(InlinedOutputExpressionMarkupHandler.java:124)
	at org.attoparser.HtmlElement.handleOpenElementEnd(HtmlElement.java:109)
	at org.attoparser.HtmlMarkupHandler.handleOpenElementEnd(HtmlMarkupHandler.java:297)
	at org.attoparser.MarkupEventProcessorHandler.handleOpenElementEnd(MarkupEventProcessorHandler.java:402)
	at org.attoparser.ParsingElementMarkupUtil.parseOpenElement(ParsingElementMarkupUtil.java:159)
	at org.attoparser.MarkupParser.parseBuffer(MarkupParser.java:710)
	at org.attoparser.MarkupParser.parseDocument(MarkupParser.java:301)
	... 95 common frames omitted
Caused by: org.springframework.expression.spel.SpelEvaluationException: EL1008E: Property or field 'id' cannot be found on object of type 'com.tn.dto.ProductShowDTO' - maybe not public or not valid?
	at org.springframework.expression.spel.ast.PropertyOrFieldReference.readProperty(PropertyOrFieldReference.java:228)
	at org.springframework.expression.spel.ast.PropertyOrFieldReference.getValueInternal(PropertyOrFieldReference.java:111)
	at org.springframework.expression.spel.ast.PropertyOrFieldReference$AccessorLValue.getValue(PropertyOrFieldReference.java:416)
	at org.springframework.expression.spel.ast.CompoundExpression.getValueInternal(CompoundExpression.java:98)
	at org.springframework.expression.spel.ast.SpelNodeImpl.getValue(SpelNodeImpl.java:114)
	at org.springframework.expression.spel.standard.SpelExpression.getValue(SpelExpression.java:338)
	at org.thymeleaf.spring6.expression.SPELVariableExpressionEvaluator.evaluate(SPELVariableExpressionEvaluator.java:265)
	... 123 common frames omitted
2025-05-07 04:49:22,663 ERROR org.apache.catalina.core.ContainerBase.[Tomcat].[localhost].[/].[dispatcherServlet] [http-nio-8080-exec-5] Servlet.service() for servlet [dispatcherServlet] in context with path [] threw exception [Request processing failed: org.thymeleaf.exceptions.TemplateInputException: An error happened during template parsing (template: "class path resource [templates/admin-index.html]")] with root cause
org.springframework.expression.spel.SpelEvaluationException: EL1008E: Property or field 'id' cannot be found on object of type 'com.tn.dto.ProductShowDTO' - maybe not public or not valid?
	at org.springframework.expression.spel.ast.PropertyOrFieldReference.readProperty(PropertyOrFieldReference.java:228)
	at org.springframework.expression.spel.ast.PropertyOrFieldReference.getValueInternal(PropertyOrFieldReference.java:111)
	at org.springframework.expression.spel.ast.PropertyOrFieldReference$AccessorLValue.getValue(PropertyOrFieldReference.java:416)
	at org.springframework.expression.spel.ast.CompoundExpression.getValueInternal(CompoundExpression.java:98)
	at org.springframework.expression.spel.ast.SpelNodeImpl.getValue(SpelNodeImpl.java:114)
	at org.springframework.expression.spel.standard.SpelExpression.getValue(SpelExpression.java:338)
	at org.thymeleaf.spring6.expression.SPELVariableExpressionEvaluator.evaluate(SPELVariableExpressionEvaluator.java:265)
	at org.thymeleaf.standard.expression.VariableExpression.executeVariableExpression(VariableExpression.java:166)
	at org.thymeleaf.standard.expression.SimpleExpression.executeSimple(SimpleExpression.java:66)
	at org.thymeleaf.standard.expression.Expression.execute(Expression.java:109)
	at org.thymeleaf.standard.expression.Expression.execute(Expression.java:138)
	at org.thymeleaf.standard.processor.AbstractStandardExpressionAttributeTagProcessor.doProcess(AbstractStandardExpressionAttributeTagProcessor.java:144)
	at org.thymeleaf.processor.element.AbstractAttributeTagProcessor.doProcess(AbstractAttributeTagProcessor.java:74)
	at org.thymeleaf.processor.element.AbstractElementTagProcessor.process(AbstractElementTagProcessor.java:95)
	at org.thymeleaf.util.ProcessorConfigurationUtils$ElementTagProcessorWrapper.process(ProcessorConfigurationUtils.java:633)
	at org.thymeleaf.engine.ProcessorTemplateHandler.handleOpenElement(ProcessorTemplateHandler.java:1314)
	at org.thymeleaf.engine.OpenElementTag.beHandled(OpenElementTag.java:205)
	at org.thymeleaf.engine.Model.process(Model.java:282)
	at org.thymeleaf.engine.Model.process(Model.java:290)
	at org.thymeleaf.engine.IteratedGatheringModelProcessable.processIterationModel(IteratedGatheringModelProcessable.java:368)
	at org.thymeleaf.engine.IteratedGatheringModelProcessable.process(IteratedGatheringModelProcessable.java:222)
	at org.thymeleaf.engine.ProcessorTemplateHandler.handleCloseElement(ProcessorTemplateHandler.java:1640)
	at org.thymeleaf.engine.CloseElementTag.beHandled(CloseElementTag.java:139)
	at org.thymeleaf.engine.Model.process(Model.java:282)
	at org.thymeleaf.engine.ProcessorTemplateHandler.handleOpenElement(ProcessorTemplateHandler.java:1587)
	at org.thymeleaf.engine.TemplateHandlerAdapterMarkupHandler.handleOpenElementEnd(TemplateHandlerAdapterMarkupHandler.java:304)
	at org.thymeleaf.templateparser.markup.InlinedOutputExpressionMarkupHandler$InlineMarkupAdapterPreProcessorHandler.handleOpenElementEnd(InlinedOutputExpressionMarkupHandler.java:278)
	at org.thymeleaf.standard.inline.OutputExpressionInlinePreProcessorHandler.handleOpenElementEnd(OutputExpressionInlinePreProcessorHandler.java:186)
	at org.thymeleaf.templateparser.markup.InlinedOutputExpressionMarkupHandler.handleOpenElementEnd(InlinedOutputExpressionMarkupHandler.java:124)
	at org.attoparser.HtmlElement.handleOpenElementEnd(HtmlElement.java:109)
	at org.attoparser.HtmlMarkupHandler.handleOpenElementEnd(HtmlMarkupHandler.java:297)
	at org.attoparser.MarkupEventProcessorHandler.handleOpenElementEnd(MarkupEventProcessorHandler.java:402)
	at org.attoparser.ParsingElementMarkupUtil.parseOpenElement(ParsingElementMarkupUtil.java:159)
	at org.attoparser.MarkupParser.parseBuffer(MarkupParser.java:710)
	at org.attoparser.MarkupParser.parseDocument(MarkupParser.java:301)
	at org.attoparser.MarkupParser.parse(MarkupParser.java:257)
	at org.thymeleaf.templateparser.markup.AbstractMarkupTemplateParser.parse(AbstractMarkupTemplateParser.java:230)
	at org.thymeleaf.templateparser.markup.AbstractMarkupTemplateParser.parseStandalone(AbstractMarkupTemplateParser.java:100)
	at org.thymeleaf.engine.TemplateManager.parseAndProcess(TemplateManager.java:666)
	at org.thymeleaf.TemplateEngine.process(TemplateEngine.java:1103)
	at org.thymeleaf.TemplateEngine.process(TemplateEngine.java:1077)
	at org.thymeleaf.spring6.view.ThymeleafView.renderFragment(ThymeleafView.java:372)
	at org.thymeleaf.spring6.view.ThymeleafView.render(ThymeleafView.java:192)
	at org.springframework.web.servlet.DispatcherServlet.render(DispatcherServlet.java:1415)
	at org.springframework.web.servlet.DispatcherServlet.processDispatchResult(DispatcherServlet.java:1159)
	at org.springframework.web.servlet.DispatcherServlet.doDispatch(DispatcherServlet.java:1098)
	at org.springframework.web.servlet.DispatcherServlet.doService(DispatcherServlet.java:974)
	at org.springframework.web.servlet.FrameworkServlet.processRequest(FrameworkServlet.java:1014)
	at org.springframework.web.servlet.FrameworkServlet.doGet(FrameworkServlet.java:903)
	at jakarta.servlet.http.HttpServlet.service(HttpServlet.java:564)
	at org.springframework.web.servlet.FrameworkServlet.service(FrameworkServlet.java:885)
	at jakarta.servlet.http.HttpServlet.service(HttpServlet.java:658)
	at org.apache.catalina.core.ApplicationFilterChain.internalDoFilter(ApplicationFilterChain.java:206)
	at org.apache.catalina.core.ApplicationFilterChain.doFilter(ApplicationFilterChain.java:150)
	at org.apache.tomcat.websocket.server.WsFilter.doFilter(WsFilter.java:51)
	at org.apache.catalina.core.ApplicationFilterChain.internalDoFilter(ApplicationFilterChain.java:175)
	at org.apache.catalina.core.ApplicationFilterChain.doFilter(ApplicationFilterChain.java:150)
	at org.springframework.web.filter.CompositeFilter$VirtualFilterChain.doFilter(CompositeFilter.java:108)
	at org.springframework.security.web.FilterChainProxy.lambda$doFilterInternal$3(FilterChainProxy.java:231)
	at org.springframework.security.web.FilterChainProxy$VirtualFilterChain.doFilter(FilterChainProxy.java:365)
	at org.springframework.security.web.access.intercept.FilterSecurityInterceptor.invoke(FilterSecurityInterceptor.java:117)
	at org.springframework.security.web.access.intercept.FilterSecurityInterceptor.doFilter(FilterSecurityInterceptor.java:83)
	at org.springframework.security.web.FilterChainProxy$VirtualFilterChain.doFilter(FilterChainProxy.java:374)
	at org.springframework.security.web.access.ExceptionTranslationFilter.doFilter(ExceptionTranslationFilter.java:126)
	at org.springframework.security.web.access.ExceptionTranslationFilter.doFilter(ExceptionTranslationFilter.java:120)
	at org.springframework.security.web.FilterChainProxy$VirtualFilterChain.doFilter(FilterChainProxy.java:374)
	at org.springframework.security.web.authentication.AnonymousAuthenticationFilter.doFilter(AnonymousAuthenticationFilter.java:100)
	at org.springframework.security.web.FilterChainProxy$VirtualFilterChain.doFilter(FilterChainProxy.java:374)
	at org.springframework.security.web.servletapi.SecurityContextHolderAwareRequestFilter.doFilter(SecurityContextHolderAwareRequestFilter.java:179)
	at org.springframework.security.web.FilterChainProxy$VirtualFilterChain.doFilter(FilterChainProxy.java:374)
	at org.springframework.security.web.savedrequest.RequestCacheAwareFilter.doFilter(RequestCacheAwareFilter.java:63)
	at org.springframework.security.web.FilterChainProxy$VirtualFilterChain.doFilter(FilterChainProxy.java:374)
	at org.springframework.security.web.authentication.AbstractAuthenticationProcessingFilter.doFilter(AbstractAuthenticationProcessingFilter.java:227)
	at org.springframework.security.web.authentication.AbstractAuthenticationProcessingFilter.doFilter(AbstractAuthenticationProcessingFilter.java:221)
	at org.springframework.security.web.FilterChainProxy$VirtualFilterChain.doFilter(FilterChainProxy.java:374)
	at org.springframework.security.web.authentication.logout.LogoutFilter.doFilter(LogoutFilter.java:107)
	at org.springframework.security.web.authentication.logout.LogoutFilter.doFilter(LogoutFilter.java:93)
	at org.springframework.security.web.FilterChainProxy$VirtualFilterChain.doFilter(FilterChainProxy.java:374)
	at org.springframework.security.web.header.HeaderWriterFilter.doHeadersAfter(HeaderWriterFilter.java:90)
	at org.springframework.security.web.header.HeaderWriterFilter.doFilterInternal(HeaderWriterFilter.java:75)
	at org.springframework.web.filter.OncePerRequestFilter.doFilter(OncePerRequestFilter.java:116)
	at org.springframework.security.web.FilterChainProxy$VirtualFilterChain.doFilter(FilterChainProxy.java:374)
	at org.springframework.security.web.context.SecurityContextHolderFilter.doFilter(SecurityContextHolderFilter.java:82)
	at org.springframework.security.web.context.SecurityContextHolderFilter.doFilter(SecurityContextHolderFilter.java:69)
	at org.springframework.security.web.FilterChainProxy$VirtualFilterChain.doFilter(FilterChainProxy.java:374)
	at org.springframework.security.web.context.request.async.WebAsyncManagerIntegrationFilter.doFilterInternal(WebAsyncManagerIntegrationFilter.java:62)
	at org.springframework.web.filter.OncePerRequestFilter.doFilter(OncePerRequestFilter.java:116)
	at org.springframework.security.web.FilterChainProxy$VirtualFilterChain.doFilter(FilterChainProxy.java:374)
	at org.springframework.security.web.session.DisableEncodeUrlFilter.doFilterInternal(DisableEncodeUrlFilter.java:42)
	at org.springframework.web.filter.OncePerRequestFilter.doFilter(OncePerRequestFilter.java:116)
	at org.springframework.security.web.FilterChainProxy$VirtualFilterChain.doFilter(FilterChainProxy.java:374)
	at org.springframework.security.web.FilterChainProxy.doFilterInternal(FilterChainProxy.java:233)
	at org.springframework.security.web.FilterChainProxy.doFilter(FilterChainProxy.java:191)
	at org.springframework.web.filter.CompositeFilter$VirtualFilterChain.doFilter(CompositeFilter.java:113)
	at org.springframework.web.servlet.handler.HandlerMappingIntrospector.lambda$createCacheFilter$3(HandlerMappingIntrospector.java:195)
	at org.springframework.web.filter.CompositeFilter$VirtualFilterChain.doFilter(CompositeFilter.java:113)
	at org.springframework.web.filter.CompositeFilter.doFilter(CompositeFilter.java:74)
	at org.springframework.security.config.annotation.web.configuration.WebMvcSecurityConfiguration$CompositeFilterChainProxy.doFilter(WebMvcSecurityConfiguration.java:230)
	at org.springframework.web.filter.DelegatingFilterProxy.invokeDelegate(DelegatingFilterProxy.java:352)
	at org.springframework.web.filter.DelegatingFilterProxy.doFilter(DelegatingFilterProxy.java:268)
	at org.apache.catalina.core.ApplicationFilterChain.internalDoFilter(ApplicationFilterChain.java:175)
	at org.apache.catalina.core.ApplicationFilterChain.doFilter(ApplicationFilterChain.java:150)
	at org.springframework.web.filter.RequestContextFilter.doFilterInternal(RequestContextFilter.java:100)
	at org.springframework.web.filter.OncePerRequestFilter.doFilter(OncePerRequestFilter.java:116)
	at org.apache.catalina.core.ApplicationFilterChain.internalDoFilter(ApplicationFilterChain.java:175)
	at org.apache.catalina.core.ApplicationFilterChain.doFilter(ApplicationFilterChain.java:150)
	at org.springframework.web.filter.FormContentFilter.doFilterInternal(FormContentFilter.java:93)
	at org.springframework.web.filter.OncePerRequestFilter.doFilter(OncePerRequestFilter.java:116)
	at org.apache.catalina.core.ApplicationFilterChain.internalDoFilter(ApplicationFilterChain.java:175)
	at org.apache.catalina.core.ApplicationFilterChain.doFilter(ApplicationFilterChain.java:150)
	at org.springframework.web.filter.CharacterEncodingFilter.doFilterInternal(CharacterEncodingFilter.java:201)
	at org.springframework.web.filter.OncePerRequestFilter.doFilter(OncePerRequestFilter.java:116)
	at org.apache.catalina.core.ApplicationFilterChain.internalDoFilter(ApplicationFilterChain.java:175)
	at org.apache.catalina.core.ApplicationFilterChain.doFilter(ApplicationFilterChain.java:150)
	at org.apache.catalina.core.StandardWrapperValve.invoke(StandardWrapperValve.java:167)
	at org.apache.catalina.core.StandardContextValve.invoke(StandardContextValve.java:90)
	at org.apache.catalina.authenticator.AuthenticatorBase.invoke(AuthenticatorBase.java:482)
	at org.apache.catalina.core.StandardHostValve.invoke(StandardHostValve.java:115)
	at org.apache.catalina.valves.ErrorReportValve.invoke(ErrorReportValve.java:93)
	at org.apache.catalina.core.StandardEngineValve.invoke(StandardEngineValve.java:74)
	at org.apache.catalina.connector.CoyoteAdapter.service(CoyoteAdapter.java:344)
	at org.apache.coyote.http11.Http11Processor.service(Http11Processor.java:391)
	at org.apache.coyote.AbstractProcessorLight.process(AbstractProcessorLight.java:63)
	at org.apache.coyote.AbstractProtocol$ConnectionHandler.process(AbstractProtocol.java:896)
	at org.apache.tomcat.util.net.NioEndpoint$SocketProcessor.doRun(NioEndpoint.java:1736)
	at org.apache.tomcat.util.net.SocketProcessorBase.run(SocketProcessorBase.java:52)
	at org.apache.tomcat.util.threads.ThreadPoolExecutor.runWorker(ThreadPoolExecutor.java:1191)
	at org.apache.tomcat.util.threads.ThreadPoolExecutor$Worker.run(ThreadPoolExecutor.java:659)
	at org.apache.tomcat.util.threads.TaskThread$WrappingRunnable.run(TaskThread.java:63)
	at java.base/java.lang.Thread.run(Thread.java:840)
2025-05-07 04:51:13,185 INFO org.springframework.orm.jpa.LocalContainerEntityManagerFactoryBean [SpringApplicationShutdownHook] Closing JPA EntityManagerFactory for persistence unit 'default'
2025-05-07 04:51:13,189 INFO com.zaxxer.hikari.HikariDataSource [SpringApplicationShutdownHook] HikariPool-1 - Shutdown initiated...
2025-05-07 04:51:13,196 INFO com.zaxxer.hikari.HikariDataSource [SpringApplicationShutdownHook] HikariPool-1 - Shutdown completed.
2025-05-07 04:51:16,821 INFO com.tn.Demo25AccountThymeleafApplication [restartedMain] Starting Demo25AccountThymeleafApplication using Java 17.0.10 with PID 6076 (C:\Users\Public\Javapro\demo25_AccountThymeleaf\target\classes started by havan in C:\Users\Public\Javapro\demo25_AccountThymeleaf)
2025-05-07 04:51:16,822 INFO com.tn.Demo25AccountThymeleafApplication [restartedMain] The following 1 profile is active: "prod"
2025-05-07 04:51:16,874 INFO org.springframework.boot.devtools.env.DevToolsPropertyDefaultsPostProcessor [restartedMain] Devtools property defaults active! Set 'spring.devtools.add-properties' to 'false' to disable
2025-05-07 04:51:16,875 INFO org.springframework.boot.devtools.env.DevToolsPropertyDefaultsPostProcessor [restartedMain] For additional web related logging consider setting the 'logging.level.web' property to 'DEBUG'
2025-05-07 04:51:17,575 INFO org.springframework.data.repository.config.RepositoryConfigurationDelegate [restartedMain] Bootstrapping Spring Data JPA repositories in DEFAULT mode.
2025-05-07 04:51:17,650 INFO org.springframework.data.repository.config.RepositoryConfigurationDelegate [restartedMain] Finished Spring Data repository scanning in 67 ms. Found 6 JPA repository interfaces.
2025-05-07 04:51:18,208 INFO org.springframework.boot.web.embedded.tomcat.TomcatWebServer [restartedMain] Tomcat initialized with port(s): 8080 (http)
2025-05-07 04:51:18,213 INFO org.apache.catalina.core.StandardService [restartedMain] Starting service [Tomcat]
2025-05-07 04:51:18,214 INFO org.apache.catalina.core.StandardEngine [restartedMain] Starting Servlet engine: [Apache Tomcat/10.1.20]
2025-05-07 04:51:18,275 INFO org.apache.catalina.core.ContainerBase.[Tomcat].[localhost].[/] [restartedMain] Initializing Spring embedded WebApplicationContext
2025-05-07 04:51:18,276 INFO org.springframework.boot.web.servlet.context.ServletWebServerApplicationContext [restartedMain] Root WebApplicationContext: initialization completed in 1400 ms
2025-05-07 04:51:18,441 INFO org.hibernate.jpa.internal.util.LogHelper [restartedMain] HHH000204: Processing PersistenceUnitInfo [name: default]
2025-05-07 04:51:18,476 INFO org.hibernate.Version [restartedMain] HHH000412: Hibernate ORM core version 6.2.24.Final
2025-05-07 04:51:18,477 INFO org.hibernate.cfg.Environment [restartedMain] HHH000406: Using bytecode reflection optimizer
2025-05-07 04:51:18,641 INFO org.springframework.orm.jpa.persistenceunit.SpringPersistenceUnitInfo [restartedMain] No LoadTimeWeaver setup: ignoring JPA class transformer
2025-05-07 04:51:18,658 INFO com.zaxxer.hikari.HikariDataSource [restartedMain] HikariPool-1 - Starting...
2025-05-07 04:51:18,771 INFO com.zaxxer.hikari.pool.HikariPool [restartedMain] HikariPool-1 - Added connection com.mysql.cj.jdbc.ConnectionImpl@7f4cc337
2025-05-07 04:51:18,772 INFO com.zaxxer.hikari.HikariDataSource [restartedMain] HikariPool-1 - Start completed.
2025-05-07 04:51:18,799 WARN org.hibernate.dialect.Dialect [restartedMain] HHH000511: The 5.5.0 version for [org.hibernate.dialect.MySQLDialect] is no longer supported, hence certain features may not work properly. The minimum supported version is 5.7.0. Check the community dialects project for available legacy versions.
2025-05-07 04:51:19,527 INFO org.hibernate.engine.transaction.jta.platform.internal.JtaPlatformInitiator [restartedMain] HHH000489: No JTA platform available (set 'hibernate.transaction.jta.platform' to enable JTA platform integration)
2025-05-07 04:51:19,624 INFO org.springframework.orm.jpa.LocalContainerEntityManagerFactoryBean [restartedMain] Initialized JPA EntityManagerFactory for persistence unit 'default'
2025-05-07 04:51:19,936 INFO org.springframework.data.jpa.repository.query.QueryEnhancerFactory [restartedMain] Hibernate is in classpath; If applicable, HQL parser will be used.
2025-05-07 04:51:20,243 WARN org.springframework.boot.autoconfigure.orm.jpa.JpaBaseConfiguration$JpaWebConfiguration [restartedMain] spring.jpa.open-in-view is enabled by default. Therefore, database queries may be performed during view rendering. Explicitly configure spring.jpa.open-in-view to disable this warning
2025-05-07 04:51:20,542 INFO org.springframework.security.web.DefaultSecurityFilterChain [restartedMain] Will secure any request with [org.springframework.security.web.session.DisableEncodeUrlFilter@a4a2f4e, org.springframework.security.web.context.request.async.WebAsyncManagerIntegrationFilter@68be7e27, org.springframework.security.web.context.SecurityContextHolderFilter@26b2733, org.springframework.security.web.header.HeaderWriterFilter@1b53dce3, org.springframework.security.web.authentication.logout.LogoutFilter@1efbcef9, org.springframework.security.web.authentication.UsernamePasswordAuthenticationFilter@368be4ed, org.springframework.security.web.savedrequest.RequestCacheAwareFilter@5a7a8dc3, org.springframework.security.web.servletapi.SecurityContextHolderAwareRequestFilter@109f6e6, org.springframework.security.web.authentication.AnonymousAuthenticationFilter@1fb5351, org.springframework.security.web.access.ExceptionTranslationFilter@6c2b532e, org.springframework.security.web.access.intercept.FilterSecurityInterceptor@3b700803]
2025-05-07 04:51:20,813 INFO org.springframework.boot.devtools.autoconfigure.OptionalLiveReloadServer [restartedMain] LiveReload server is running on port 35729
2025-05-07 04:51:20,860 INFO org.springframework.boot.web.embedded.tomcat.TomcatWebServer [restartedMain] Tomcat started on port(s): 8080 (http) with context path ''
2025-05-07 04:51:20,877 INFO com.tn.Demo25AccountThymeleafApplication [restartedMain] Started Demo25AccountThymeleafApplication in 4.463 seconds (process running for 5.548)
2025-05-07 04:51:26,288 INFO org.apache.catalina.core.ContainerBase.[Tomcat].[localhost].[/] [http-nio-8080-exec-1] Initializing Spring DispatcherServlet 'dispatcherServlet'
2025-05-07 04:51:26,288 INFO org.springframework.web.servlet.DispatcherServlet [http-nio-8080-exec-1] Initializing Servlet 'dispatcherServlet'
2025-05-07 04:51:26,290 INFO org.springframework.web.servlet.DispatcherServlet [http-nio-8080-exec-1] Completed initialization in 2 ms
2025-05-07 04:51:30,521 WARN org.thymeleaf.standard.processor.AbstractStandardFragmentInsertionTagProcessor [http-nio-8080-exec-10] [THYMELEAF][http-nio-8080-exec-10][admin-index] Deprecated unwrapped fragment expression "admin-product-list.html::AdminProductList" found in template admin-index, line 39, col 10. Please use the complete syntax of fragment expressions instead ("~{admin-product-list.html::AdminProductList}"). The old, unwrapped syntax for fragment expressions will be removed in future versions of Thymeleaf.
2025-05-07 04:51:30,561 WARN org.thymeleaf.standard.processor.AbstractStandardFragmentInsertionTagProcessor [http-nio-8080-exec-10] [THYMELEAF][http-nio-8080-exec-10][admin-product-list.html] Deprecated unwrapped fragment expression "layout-admin.html::LayoutAdmin" found in template admin-product-list.html, line 4, col 10. Please use the complete syntax of fragment expressions instead ("~{layout-admin.html::LayoutAdmin}"). The old, unwrapped syntax for fragment expressions will be removed in future versions of Thymeleaf.
2025-05-07 04:51:40,700 WARN org.thymeleaf.standard.processor.AbstractStandardFragmentInsertionTagProcessor [http-nio-8080-exec-7] [THYMELEAF][http-nio-8080-exec-7][admin-index] Deprecated unwrapped fragment expression "admin-account-list.html::AdminAccountList" found in template admin-index, line 32, col 10. Please use the complete syntax of fragment expressions instead ("~{admin-account-list.html::AdminAccountList}"). The old, unwrapped syntax for fragment expressions will be removed in future versions of Thymeleaf.
2025-05-07 04:51:40,703 WARN org.thymeleaf.standard.processor.AbstractStandardFragmentInsertionTagProcessor [http-nio-8080-exec-7] [THYMELEAF][http-nio-8080-exec-7][admin-account-list.html] Deprecated unwrapped fragment expression "layout-admin.html::LayoutAdmin" found in template admin-account-list.html, line 3, col 10. Please use the complete syntax of fragment expressions instead ("~{layout-admin.html::LayoutAdmin}"). The old, unwrapped syntax for fragment expressions will be removed in future versions of Thymeleaf.
2025-05-07 04:51:40,709 ERROR org.thymeleaf.TemplateEngine [http-nio-8080-exec-7] [THYMELEAF][http-nio-8080-exec-7] Exception processing template "admin-index": An error happened during template parsing (template: "class path resource [templates/admin-index.html]")
org.thymeleaf.exceptions.TemplateInputException: An error happened during template parsing (template: "class path resource [templates/admin-index.html]")
	at org.thymeleaf.templateparser.markup.AbstractMarkupTemplateParser.parse(AbstractMarkupTemplateParser.java:241)
	at org.thymeleaf.templateparser.markup.AbstractMarkupTemplateParser.parseStandalone(AbstractMarkupTemplateParser.java:100)
	at org.thymeleaf.engine.TemplateManager.parseAndProcess(TemplateManager.java:666)
	at org.thymeleaf.TemplateEngine.process(TemplateEngine.java:1103)
	at org.thymeleaf.TemplateEngine.process(TemplateEngine.java:1077)
	at org.thymeleaf.spring6.view.ThymeleafView.renderFragment(ThymeleafView.java:372)
	at org.thymeleaf.spring6.view.ThymeleafView.render(ThymeleafView.java:192)
	at org.springframework.web.servlet.DispatcherServlet.render(DispatcherServlet.java:1415)
	at org.springframework.web.servlet.DispatcherServlet.processDispatchResult(DispatcherServlet.java:1159)
	at org.springframework.web.servlet.DispatcherServlet.doDispatch(DispatcherServlet.java:1098)
	at org.springframework.web.servlet.DispatcherServlet.doService(DispatcherServlet.java:974)
	at org.springframework.web.servlet.FrameworkServlet.processRequest(FrameworkServlet.java:1014)
	at org.springframework.web.servlet.FrameworkServlet.doGet(FrameworkServlet.java:903)
	at jakarta.servlet.http.HttpServlet.service(HttpServlet.java:564)
	at org.springframework.web.servlet.FrameworkServlet.service(FrameworkServlet.java:885)
	at jakarta.servlet.http.HttpServlet.service(HttpServlet.java:658)
	at org.apache.catalina.core.ApplicationFilterChain.internalDoFilter(ApplicationFilterChain.java:206)
	at org.apache.catalina.core.ApplicationFilterChain.doFilter(ApplicationFilterChain.java:150)
	at org.apache.tomcat.websocket.server.WsFilter.doFilter(WsFilter.java:51)
	at org.apache.catalina.core.ApplicationFilterChain.internalDoFilter(ApplicationFilterChain.java:175)
	at org.apache.catalina.core.ApplicationFilterChain.doFilter(ApplicationFilterChain.java:150)
	at org.springframework.web.filter.CompositeFilter$VirtualFilterChain.doFilter(CompositeFilter.java:108)
	at org.springframework.security.web.FilterChainProxy.lambda$doFilterInternal$3(FilterChainProxy.java:231)
	at org.springframework.security.web.FilterChainProxy$VirtualFilterChain.doFilter(FilterChainProxy.java:365)
	at org.springframework.security.web.access.intercept.FilterSecurityInterceptor.invoke(FilterSecurityInterceptor.java:117)
	at org.springframework.security.web.access.intercept.FilterSecurityInterceptor.doFilter(FilterSecurityInterceptor.java:83)
	at org.springframework.security.web.FilterChainProxy$VirtualFilterChain.doFilter(FilterChainProxy.java:374)
	at org.springframework.security.web.access.ExceptionTranslationFilter.doFilter(ExceptionTranslationFilter.java:126)
	at org.springframework.security.web.access.ExceptionTranslationFilter.doFilter(ExceptionTranslationFilter.java:120)
	at org.springframework.security.web.FilterChainProxy$VirtualFilterChain.doFilter(FilterChainProxy.java:374)
	at org.springframework.security.web.authentication.AnonymousAuthenticationFilter.doFilter(AnonymousAuthenticationFilter.java:100)
	at org.springframework.security.web.FilterChainProxy$VirtualFilterChain.doFilter(FilterChainProxy.java:374)
	at org.springframework.security.web.servletapi.SecurityContextHolderAwareRequestFilter.doFilter(SecurityContextHolderAwareRequestFilter.java:179)
	at org.springframework.security.web.FilterChainProxy$VirtualFilterChain.doFilter(FilterChainProxy.java:374)
	at org.springframework.security.web.savedrequest.RequestCacheAwareFilter.doFilter(RequestCacheAwareFilter.java:63)
	at org.springframework.security.web.FilterChainProxy$VirtualFilterChain.doFilter(FilterChainProxy.java:374)
	at org.springframework.security.web.authentication.AbstractAuthenticationProcessingFilter.doFilter(AbstractAuthenticationProcessingFilter.java:227)
	at org.springframework.security.web.authentication.AbstractAuthenticationProcessingFilter.doFilter(AbstractAuthenticationProcessingFilter.java:221)
	at org.springframework.security.web.FilterChainProxy$VirtualFilterChain.doFilter(FilterChainProxy.java:374)
	at org.springframework.security.web.authentication.logout.LogoutFilter.doFilter(LogoutFilter.java:107)
	at org.springframework.security.web.authentication.logout.LogoutFilter.doFilter(LogoutFilter.java:93)
	at org.springframework.security.web.FilterChainProxy$VirtualFilterChain.doFilter(FilterChainProxy.java:374)
	at org.springframework.security.web.header.HeaderWriterFilter.doHeadersAfter(HeaderWriterFilter.java:90)
	at org.springframework.security.web.header.HeaderWriterFilter.doFilterInternal(HeaderWriterFilter.java:75)
	at org.springframework.web.filter.OncePerRequestFilter.doFilter(OncePerRequestFilter.java:116)
	at org.springframework.security.web.FilterChainProxy$VirtualFilterChain.doFilter(FilterChainProxy.java:374)
	at org.springframework.security.web.context.SecurityContextHolderFilter.doFilter(SecurityContextHolderFilter.java:82)
	at org.springframework.security.web.context.SecurityContextHolderFilter.doFilter(SecurityContextHolderFilter.java:69)
	at org.springframework.security.web.FilterChainProxy$VirtualFilterChain.doFilter(FilterChainProxy.java:374)
	at org.springframework.security.web.context.request.async.WebAsyncManagerIntegrationFilter.doFilterInternal(WebAsyncManagerIntegrationFilter.java:62)
	at org.springframework.web.filter.OncePerRequestFilter.doFilter(OncePerRequestFilter.java:116)
	at org.springframework.security.web.FilterChainProxy$VirtualFilterChain.doFilter(FilterChainProxy.java:374)
	at org.springframework.security.web.session.DisableEncodeUrlFilter.doFilterInternal(DisableEncodeUrlFilter.java:42)
	at org.springframework.web.filter.OncePerRequestFilter.doFilter(OncePerRequestFilter.java:116)
	at org.springframework.security.web.FilterChainProxy$VirtualFilterChain.doFilter(FilterChainProxy.java:374)
	at org.springframework.security.web.FilterChainProxy.doFilterInternal(FilterChainProxy.java:233)
	at org.springframework.security.web.FilterChainProxy.doFilter(FilterChainProxy.java:191)
	at org.springframework.web.filter.CompositeFilter$VirtualFilterChain.doFilter(CompositeFilter.java:113)
	at org.springframework.web.servlet.handler.HandlerMappingIntrospector.lambda$createCacheFilter$3(HandlerMappingIntrospector.java:195)
	at org.springframework.web.filter.CompositeFilter$VirtualFilterChain.doFilter(CompositeFilter.java:113)
	at org.springframework.web.filter.CompositeFilter.doFilter(CompositeFilter.java:74)
	at org.springframework.security.config.annotation.web.configuration.WebMvcSecurityConfiguration$CompositeFilterChainProxy.doFilter(WebMvcSecurityConfiguration.java:230)
	at org.springframework.web.filter.DelegatingFilterProxy.invokeDelegate(DelegatingFilterProxy.java:352)
	at org.springframework.web.filter.DelegatingFilterProxy.doFilter(DelegatingFilterProxy.java:268)
	at org.apache.catalina.core.ApplicationFilterChain.internalDoFilter(ApplicationFilterChain.java:175)
	at org.apache.catalina.core.ApplicationFilterChain.doFilter(ApplicationFilterChain.java:150)
	at org.springframework.web.filter.RequestContextFilter.doFilterInternal(RequestContextFilter.java:100)
	at org.springframework.web.filter.OncePerRequestFilter.doFilter(OncePerRequestFilter.java:116)
	at org.apache.catalina.core.ApplicationFilterChain.internalDoFilter(ApplicationFilterChain.java:175)
	at org.apache.catalina.core.ApplicationFilterChain.doFilter(ApplicationFilterChain.java:150)
	at org.springframework.web.filter.FormContentFilter.doFilterInternal(FormContentFilter.java:93)
	at org.springframework.web.filter.OncePerRequestFilter.doFilter(OncePerRequestFilter.java:116)
	at org.apache.catalina.core.ApplicationFilterChain.internalDoFilter(ApplicationFilterChain.java:175)
	at org.apache.catalina.core.ApplicationFilterChain.doFilter(ApplicationFilterChain.java:150)
	at org.springframework.web.filter.CharacterEncodingFilter.doFilterInternal(CharacterEncodingFilter.java:201)
	at org.springframework.web.filter.OncePerRequestFilter.doFilter(OncePerRequestFilter.java:116)
	at org.apache.catalina.core.ApplicationFilterChain.internalDoFilter(ApplicationFilterChain.java:175)
	at org.apache.catalina.core.ApplicationFilterChain.doFilter(ApplicationFilterChain.java:150)
	at org.apache.catalina.core.StandardWrapperValve.invoke(StandardWrapperValve.java:167)
	at org.apache.catalina.core.StandardContextValve.invoke(StandardContextValve.java:90)
	at org.apache.catalina.authenticator.AuthenticatorBase.invoke(AuthenticatorBase.java:482)
	at org.apache.catalina.core.StandardHostValve.invoke(StandardHostValve.java:115)
	at org.apache.catalina.valves.ErrorReportValve.invoke(ErrorReportValve.java:93)
	at org.apache.catalina.core.StandardEngineValve.invoke(StandardEngineValve.java:74)
	at org.apache.catalina.connector.CoyoteAdapter.service(CoyoteAdapter.java:344)
	at org.apache.coyote.http11.Http11Processor.service(Http11Processor.java:391)
	at org.apache.coyote.AbstractProcessorLight.process(AbstractProcessorLight.java:63)
	at org.apache.coyote.AbstractProtocol$ConnectionHandler.process(AbstractProtocol.java:896)
	at org.apache.tomcat.util.net.NioEndpoint$SocketProcessor.doRun(NioEndpoint.java:1736)
	at org.apache.tomcat.util.net.SocketProcessorBase.run(SocketProcessorBase.java:52)
	at org.apache.tomcat.util.threads.ThreadPoolExecutor.runWorker(ThreadPoolExecutor.java:1191)
	at org.apache.tomcat.util.threads.ThreadPoolExecutor$Worker.run(ThreadPoolExecutor.java:659)
	at org.apache.tomcat.util.threads.TaskThread$WrappingRunnable.run(TaskThread.java:63)
	at java.base/java.lang.Thread.run(Thread.java:840)
Caused by: org.attoparser.ParseException: Exception evaluating SpringEL expression: "obj.id" (template: "admin-account-list.html" - line 24, col 21)
	at org.attoparser.MarkupParser.parseDocument(MarkupParser.java:393)
	at org.attoparser.MarkupParser.parse(MarkupParser.java:257)
	at org.thymeleaf.templateparser.markup.AbstractMarkupTemplateParser.parse(AbstractMarkupTemplateParser.java:230)
	... 93 common frames omitted
Caused by: org.thymeleaf.exceptions.TemplateProcessingException: Exception evaluating SpringEL expression: "obj.id" (template: "admin-account-list.html" - line 24, col 21)
	at org.thymeleaf.spring6.expression.SPELVariableExpressionEvaluator.evaluate(SPELVariableExpressionEvaluator.java:292)
	at org.thymeleaf.standard.expression.VariableExpression.executeVariableExpression(VariableExpression.java:166)
	at org.thymeleaf.standard.expression.SimpleExpression.executeSimple(SimpleExpression.java:66)
	at org.thymeleaf.standard.expression.Expression.execute(Expression.java:109)
	at org.thymeleaf.standard.expression.Expression.execute(Expression.java:138)
	at org.thymeleaf.standard.processor.AbstractStandardExpressionAttributeTagProcessor.doProcess(AbstractStandardExpressionAttributeTagProcessor.java:144)
	at org.thymeleaf.processor.element.AbstractAttributeTagProcessor.doProcess(AbstractAttributeTagProcessor.java:74)
	at org.thymeleaf.processor.element.AbstractElementTagProcessor.process(AbstractElementTagProcessor.java:95)
	at org.thymeleaf.util.ProcessorConfigurationUtils$ElementTagProcessorWrapper.process(ProcessorConfigurationUtils.java:633)
	at org.thymeleaf.engine.ProcessorTemplateHandler.handleOpenElement(ProcessorTemplateHandler.java:1314)
	at org.thymeleaf.engine.OpenElementTag.beHandled(OpenElementTag.java:205)
	at org.thymeleaf.engine.Model.process(Model.java:282)
	at org.thymeleaf.engine.Model.process(Model.java:290)
	at org.thymeleaf.engine.IteratedGatheringModelProcessable.processIterationModel(IteratedGatheringModelProcessable.java:368)
	at org.thymeleaf.engine.IteratedGatheringModelProcessable.process(IteratedGatheringModelProcessable.java:222)
	at org.thymeleaf.engine.ProcessorTemplateHandler.handleCloseElement(ProcessorTemplateHandler.java:1640)
	at org.thymeleaf.engine.CloseElementTag.beHandled(CloseElementTag.java:139)
	at org.thymeleaf.engine.Model.process(Model.java:282)
	at org.thymeleaf.engine.ProcessorTemplateHandler.handleOpenElement(ProcessorTemplateHandler.java:1587)
	at org.thymeleaf.engine.TemplateHandlerAdapterMarkupHandler.handleOpenElementEnd(TemplateHandlerAdapterMarkupHandler.java:304)
	at org.thymeleaf.templateparser.markup.InlinedOutputExpressionMarkupHandler$InlineMarkupAdapterPreProcessorHandler.handleOpenElementEnd(InlinedOutputExpressionMarkupHandler.java:278)
	at org.thymeleaf.standard.inline.OutputExpressionInlinePreProcessorHandler.handleOpenElementEnd(OutputExpressionInlinePreProcessorHandler.java:186)
	at org.thymeleaf.templateparser.markup.InlinedOutputExpressionMarkupHandler.handleOpenElementEnd(InlinedOutputExpressionMarkupHandler.java:124)
	at org.attoparser.HtmlElement.handleOpenElementEnd(HtmlElement.java:109)
	at org.attoparser.HtmlMarkupHandler.handleOpenElementEnd(HtmlMarkupHandler.java:297)
	at org.attoparser.MarkupEventProcessorHandler.handleOpenElementEnd(MarkupEventProcessorHandler.java:402)
	at org.attoparser.ParsingElementMarkupUtil.parseOpenElement(ParsingElementMarkupUtil.java:159)
	at org.attoparser.MarkupParser.parseBuffer(MarkupParser.java:710)
	at org.attoparser.MarkupParser.parseDocument(MarkupParser.java:301)
	... 95 common frames omitted
Caused by: org.springframework.expression.spel.SpelEvaluationException: EL1008E: Property or field 'id' cannot be found on object of type 'com.tn.entity.Account' - maybe not public or not valid?
	at org.springframework.expression.spel.ast.PropertyOrFieldReference.readProperty(PropertyOrFieldReference.java:228)
	at org.springframework.expression.spel.ast.PropertyOrFieldReference.getValueInternal(PropertyOrFieldReference.java:111)
	at org.springframework.expression.spel.ast.PropertyOrFieldReference$AccessorLValue.getValue(PropertyOrFieldReference.java:416)
	at org.springframework.expression.spel.ast.CompoundExpression.getValueInternal(CompoundExpression.java:98)
	at org.springframework.expression.spel.ast.SpelNodeImpl.getValue(SpelNodeImpl.java:114)
	at org.springframework.expression.spel.standard.SpelExpression.getValue(SpelExpression.java:338)
	at org.thymeleaf.spring6.expression.SPELVariableExpressionEvaluator.evaluate(SPELVariableExpressionEvaluator.java:265)
	... 123 common frames omitted
2025-05-07 04:51:40,721 ERROR org.apache.catalina.core.ContainerBase.[Tomcat].[localhost].[/].[dispatcherServlet] [http-nio-8080-exec-7] Servlet.service() for servlet [dispatcherServlet] in context with path [] threw exception [Request processing failed: org.thymeleaf.exceptions.TemplateInputException: An error happened during template parsing (template: "class path resource [templates/admin-index.html]")] with root cause
org.springframework.expression.spel.SpelEvaluationException: EL1008E: Property or field 'id' cannot be found on object of type 'com.tn.entity.Account' - maybe not public or not valid?
	at org.springframework.expression.spel.ast.PropertyOrFieldReference.readProperty(PropertyOrFieldReference.java:228)
	at org.springframework.expression.spel.ast.PropertyOrFieldReference.getValueInternal(PropertyOrFieldReference.java:111)
	at org.springframework.expression.spel.ast.PropertyOrFieldReference$AccessorLValue.getValue(PropertyOrFieldReference.java:416)
	at org.springframework.expression.spel.ast.CompoundExpression.getValueInternal(CompoundExpression.java:98)
	at org.springframework.expression.spel.ast.SpelNodeImpl.getValue(SpelNodeImpl.java:114)
	at org.springframework.expression.spel.standard.SpelExpression.getValue(SpelExpression.java:338)
	at org.thymeleaf.spring6.expression.SPELVariableExpressionEvaluator.evaluate(SPELVariableExpressionEvaluator.java:265)
	at org.thymeleaf.standard.expression.VariableExpression.executeVariableExpression(VariableExpression.java:166)
	at org.thymeleaf.standard.expression.SimpleExpression.executeSimple(SimpleExpression.java:66)
	at org.thymeleaf.standard.expression.Expression.execute(Expression.java:109)
	at org.thymeleaf.standard.expression.Expression.execute(Expression.java:138)
	at org.thymeleaf.standard.processor.AbstractStandardExpressionAttributeTagProcessor.doProcess(AbstractStandardExpressionAttributeTagProcessor.java:144)
	at org.thymeleaf.processor.element.AbstractAttributeTagProcessor.doProcess(AbstractAttributeTagProcessor.java:74)
	at org.thymeleaf.processor.element.AbstractElementTagProcessor.process(AbstractElementTagProcessor.java:95)
	at org.thymeleaf.util.ProcessorConfigurationUtils$ElementTagProcessorWrapper.process(ProcessorConfigurationUtils.java:633)
	at org.thymeleaf.engine.ProcessorTemplateHandler.handleOpenElement(ProcessorTemplateHandler.java:1314)
	at org.thymeleaf.engine.OpenElementTag.beHandled(OpenElementTag.java:205)
	at org.thymeleaf.engine.Model.process(Model.java:282)
	at org.thymeleaf.engine.Model.process(Model.java:290)
	at org.thymeleaf.engine.IteratedGatheringModelProcessable.processIterationModel(IteratedGatheringModelProcessable.java:368)
	at org.thymeleaf.engine.IteratedGatheringModelProcessable.process(IteratedGatheringModelProcessable.java:222)
	at org.thymeleaf.engine.ProcessorTemplateHandler.handleCloseElement(ProcessorTemplateHandler.java:1640)
	at org.thymeleaf.engine.CloseElementTag.beHandled(CloseElementTag.java:139)
	at org.thymeleaf.engine.Model.process(Model.java:282)
	at org.thymeleaf.engine.ProcessorTemplateHandler.handleOpenElement(ProcessorTemplateHandler.java:1587)
	at org.thymeleaf.engine.TemplateHandlerAdapterMarkupHandler.handleOpenElementEnd(TemplateHandlerAdapterMarkupHandler.java:304)
	at org.thymeleaf.templateparser.markup.InlinedOutputExpressionMarkupHandler$InlineMarkupAdapterPreProcessorHandler.handleOpenElementEnd(InlinedOutputExpressionMarkupHandler.java:278)
	at org.thymeleaf.standard.inline.OutputExpressionInlinePreProcessorHandler.handleOpenElementEnd(OutputExpressionInlinePreProcessorHandler.java:186)
	at org.thymeleaf.templateparser.markup.InlinedOutputExpressionMarkupHandler.handleOpenElementEnd(InlinedOutputExpressionMarkupHandler.java:124)
	at org.attoparser.HtmlElement.handleOpenElementEnd(HtmlElement.java:109)
	at org.attoparser.HtmlMarkupHandler.handleOpenElementEnd(HtmlMarkupHandler.java:297)
	at org.attoparser.MarkupEventProcessorHandler.handleOpenElementEnd(MarkupEventProcessorHandler.java:402)
	at org.attoparser.ParsingElementMarkupUtil.parseOpenElement(ParsingElementMarkupUtil.java:159)
	at org.attoparser.MarkupParser.parseBuffer(MarkupParser.java:710)
	at org.attoparser.MarkupParser.parseDocument(MarkupParser.java:301)
	at org.attoparser.MarkupParser.parse(MarkupParser.java:257)
	at org.thymeleaf.templateparser.markup.AbstractMarkupTemplateParser.parse(AbstractMarkupTemplateParser.java:230)
	at org.thymeleaf.templateparser.markup.AbstractMarkupTemplateParser.parseStandalone(AbstractMarkupTemplateParser.java:100)
	at org.thymeleaf.engine.TemplateManager.parseAndProcess(TemplateManager.java:666)
	at org.thymeleaf.TemplateEngine.process(TemplateEngine.java:1103)
	at org.thymeleaf.TemplateEngine.process(TemplateEngine.java:1077)
	at org.thymeleaf.spring6.view.ThymeleafView.renderFragment(ThymeleafView.java:372)
	at org.thymeleaf.spring6.view.ThymeleafView.render(ThymeleafView.java:192)
	at org.springframework.web.servlet.DispatcherServlet.render(DispatcherServlet.java:1415)
	at org.springframework.web.servlet.DispatcherServlet.processDispatchResult(DispatcherServlet.java:1159)
	at org.springframework.web.servlet.DispatcherServlet.doDispatch(DispatcherServlet.java:1098)
	at org.springframework.web.servlet.DispatcherServlet.doService(DispatcherServlet.java:974)
	at org.springframework.web.servlet.FrameworkServlet.processRequest(FrameworkServlet.java:1014)
	at org.springframework.web.servlet.FrameworkServlet.doGet(FrameworkServlet.java:903)
	at jakarta.servlet.http.HttpServlet.service(HttpServlet.java:564)
	at org.springframework.web.servlet.FrameworkServlet.service(FrameworkServlet.java:885)
	at jakarta.servlet.http.HttpServlet.service(HttpServlet.java:658)
	at org.apache.catalina.core.ApplicationFilterChain.internalDoFilter(ApplicationFilterChain.java:206)
	at org.apache.catalina.core.ApplicationFilterChain.doFilter(ApplicationFilterChain.java:150)
	at org.apache.tomcat.websocket.server.WsFilter.doFilter(WsFilter.java:51)
	at org.apache.catalina.core.ApplicationFilterChain.internalDoFilter(ApplicationFilterChain.java:175)
	at org.apache.catalina.core.ApplicationFilterChain.doFilter(ApplicationFilterChain.java:150)
	at org.springframework.web.filter.CompositeFilter$VirtualFilterChain.doFilter(CompositeFilter.java:108)
	at org.springframework.security.web.FilterChainProxy.lambda$doFilterInternal$3(FilterChainProxy.java:231)
	at org.springframework.security.web.FilterChainProxy$VirtualFilterChain.doFilter(FilterChainProxy.java:365)
	at org.springframework.security.web.access.intercept.FilterSecurityInterceptor.invoke(FilterSecurityInterceptor.java:117)
	at org.springframework.security.web.access.intercept.FilterSecurityInterceptor.doFilter(FilterSecurityInterceptor.java:83)
	at org.springframework.security.web.FilterChainProxy$VirtualFilterChain.doFilter(FilterChainProxy.java:374)
	at org.springframework.security.web.access.ExceptionTranslationFilter.doFilter(ExceptionTranslationFilter.java:126)
	at org.springframework.security.web.access.ExceptionTranslationFilter.doFilter(ExceptionTranslationFilter.java:120)
	at org.springframework.security.web.FilterChainProxy$VirtualFilterChain.doFilter(FilterChainProxy.java:374)
	at org.springframework.security.web.authentication.AnonymousAuthenticationFilter.doFilter(AnonymousAuthenticationFilter.java:100)
	at org.springframework.security.web.FilterChainProxy$VirtualFilterChain.doFilter(FilterChainProxy.java:374)
	at org.springframework.security.web.servletapi.SecurityContextHolderAwareRequestFilter.doFilter(SecurityContextHolderAwareRequestFilter.java:179)
	at org.springframework.security.web.FilterChainProxy$VirtualFilterChain.doFilter(FilterChainProxy.java:374)
	at org.springframework.security.web.savedrequest.RequestCacheAwareFilter.doFilter(RequestCacheAwareFilter.java:63)
	at org.springframework.security.web.FilterChainProxy$VirtualFilterChain.doFilter(FilterChainProxy.java:374)
	at org.springframework.security.web.authentication.AbstractAuthenticationProcessingFilter.doFilter(AbstractAuthenticationProcessingFilter.java:227)
	at org.springframework.security.web.authentication.AbstractAuthenticationProcessingFilter.doFilter(AbstractAuthenticationProcessingFilter.java:221)
	at org.springframework.security.web.FilterChainProxy$VirtualFilterChain.doFilter(FilterChainProxy.java:374)
	at org.springframework.security.web.authentication.logout.LogoutFilter.doFilter(LogoutFilter.java:107)
	at org.springframework.security.web.authentication.logout.LogoutFilter.doFilter(LogoutFilter.java:93)
	at org.springframework.security.web.FilterChainProxy$VirtualFilterChain.doFilter(FilterChainProxy.java:374)
	at org.springframework.security.web.header.HeaderWriterFilter.doHeadersAfter(HeaderWriterFilter.java:90)
	at org.springframework.security.web.header.HeaderWriterFilter.doFilterInternal(HeaderWriterFilter.java:75)
	at org.springframework.web.filter.OncePerRequestFilter.doFilter(OncePerRequestFilter.java:116)
	at org.springframework.security.web.FilterChainProxy$VirtualFilterChain.doFilter(FilterChainProxy.java:374)
	at org.springframework.security.web.context.SecurityContextHolderFilter.doFilter(SecurityContextHolderFilter.java:82)
	at org.springframework.security.web.context.SecurityContextHolderFilter.doFilter(SecurityContextHolderFilter.java:69)
	at org.springframework.security.web.FilterChainProxy$VirtualFilterChain.doFilter(FilterChainProxy.java:374)
	at org.springframework.security.web.context.request.async.WebAsyncManagerIntegrationFilter.doFilterInternal(WebAsyncManagerIntegrationFilter.java:62)
	at org.springframework.web.filter.OncePerRequestFilter.doFilter(OncePerRequestFilter.java:116)
	at org.springframework.security.web.FilterChainProxy$VirtualFilterChain.doFilter(FilterChainProxy.java:374)
	at org.springframework.security.web.session.DisableEncodeUrlFilter.doFilterInternal(DisableEncodeUrlFilter.java:42)
	at org.springframework.web.filter.OncePerRequestFilter.doFilter(OncePerRequestFilter.java:116)
	at org.springframework.security.web.FilterChainProxy$VirtualFilterChain.doFilter(FilterChainProxy.java:374)
	at org.springframework.security.web.FilterChainProxy.doFilterInternal(FilterChainProxy.java:233)
	at org.springframework.security.web.FilterChainProxy.doFilter(FilterChainProxy.java:191)
	at org.springframework.web.filter.CompositeFilter$VirtualFilterChain.doFilter(CompositeFilter.java:113)
	at org.springframework.web.servlet.handler.HandlerMappingIntrospector.lambda$createCacheFilter$3(HandlerMappingIntrospector.java:195)
	at org.springframework.web.filter.CompositeFilter$VirtualFilterChain.doFilter(CompositeFilter.java:113)
	at org.springframework.web.filter.CompositeFilter.doFilter(CompositeFilter.java:74)
	at org.springframework.security.config.annotation.web.configuration.WebMvcSecurityConfiguration$CompositeFilterChainProxy.doFilter(WebMvcSecurityConfiguration.java:230)
	at org.springframework.web.filter.DelegatingFilterProxy.invokeDelegate(DelegatingFilterProxy.java:352)
	at org.springframework.web.filter.DelegatingFilterProxy.doFilter(DelegatingFilterProxy.java:268)
	at org.apache.catalina.core.ApplicationFilterChain.internalDoFilter(ApplicationFilterChain.java:175)
	at org.apache.catalina.core.ApplicationFilterChain.doFilter(ApplicationFilterChain.java:150)
	at org.springframework.web.filter.RequestContextFilter.doFilterInternal(RequestContextFilter.java:100)
	at org.springframework.web.filter.OncePerRequestFilter.doFilter(OncePerRequestFilter.java:116)
	at org.apache.catalina.core.ApplicationFilterChain.internalDoFilter(ApplicationFilterChain.java:175)
	at org.apache.catalina.core.ApplicationFilterChain.doFilter(ApplicationFilterChain.java:150)
	at org.springframework.web.filter.FormContentFilter.doFilterInternal(FormContentFilter.java:93)
	at org.springframework.web.filter.OncePerRequestFilter.doFilter(OncePerRequestFilter.java:116)
	at org.apache.catalina.core.ApplicationFilterChain.internalDoFilter(ApplicationFilterChain.java:175)
	at org.apache.catalina.core.ApplicationFilterChain.doFilter(ApplicationFilterChain.java:150)
	at org.springframework.web.filter.CharacterEncodingFilter.doFilterInternal(CharacterEncodingFilter.java:201)
	at org.springframework.web.filter.OncePerRequestFilter.doFilter(OncePerRequestFilter.java:116)
	at org.apache.catalina.core.ApplicationFilterChain.internalDoFilter(ApplicationFilterChain.java:175)
	at org.apache.catalina.core.ApplicationFilterChain.doFilter(ApplicationFilterChain.java:150)
	at org.apache.catalina.core.StandardWrapperValve.invoke(StandardWrapperValve.java:167)
	at org.apache.catalina.core.StandardContextValve.invoke(StandardContextValve.java:90)
	at org.apache.catalina.authenticator.AuthenticatorBase.invoke(AuthenticatorBase.java:482)
	at org.apache.catalina.core.StandardHostValve.invoke(StandardHostValve.java:115)
	at org.apache.catalina.valves.ErrorReportValve.invoke(ErrorReportValve.java:93)
	at org.apache.catalina.core.StandardEngineValve.invoke(StandardEngineValve.java:74)
	at org.apache.catalina.connector.CoyoteAdapter.service(CoyoteAdapter.java:344)
	at org.apache.coyote.http11.Http11Processor.service(Http11Processor.java:391)
	at org.apache.coyote.AbstractProcessorLight.process(AbstractProcessorLight.java:63)
	at org.apache.coyote.AbstractProtocol$ConnectionHandler.process(AbstractProtocol.java:896)
	at org.apache.tomcat.util.net.NioEndpoint$SocketProcessor.doRun(NioEndpoint.java:1736)
	at org.apache.tomcat.util.net.SocketProcessorBase.run(SocketProcessorBase.java:52)
	at org.apache.tomcat.util.threads.ThreadPoolExecutor.runWorker(ThreadPoolExecutor.java:1191)
	at org.apache.tomcat.util.threads.ThreadPoolExecutor$Worker.run(ThreadPoolExecutor.java:659)
	at org.apache.tomcat.util.threads.TaskThread$WrappingRunnable.run(TaskThread.java:63)
	at java.base/java.lang.Thread.run(Thread.java:840)
2025-05-07 04:53:45,621 INFO org.springframework.orm.jpa.LocalContainerEntityManagerFactoryBean [SpringApplicationShutdownHook] Closing JPA EntityManagerFactory for persistence unit 'default'
2025-05-07 04:53:45,621 INFO com.zaxxer.hikari.HikariDataSource [SpringApplicationShutdownHook] HikariPool-1 - Shutdown initiated...
2025-05-07 04:53:45,630 INFO com.zaxxer.hikari.HikariDataSource [SpringApplicationShutdownHook] HikariPool-1 - Shutdown completed.
2025-05-07 04:53:52,547 INFO com.tn.Demo25AccountThymeleafApplication [restartedMain] Starting Demo25AccountThymeleafApplication using Java 17.0.10 with PID 15744 (C:\Users\Public\Javapro\demo25_AccountThymeleaf\target\classes started by havan in C:\Users\Public\Javapro\demo25_AccountThymeleaf)
2025-05-07 04:53:52,550 INFO com.tn.Demo25AccountThymeleafApplication [restartedMain] The following 1 profile is active: "prod"
2025-05-07 04:53:52,598 INFO org.springframework.boot.devtools.env.DevToolsPropertyDefaultsPostProcessor [restartedMain] Devtools property defaults active! Set 'spring.devtools.add-properties' to 'false' to disable
2025-05-07 04:53:52,598 INFO org.springframework.boot.devtools.env.DevToolsPropertyDefaultsPostProcessor [restartedMain] For additional web related logging consider setting the 'logging.level.web' property to 'DEBUG'
2025-05-07 04:53:53,596 INFO org.springframework.data.repository.config.RepositoryConfigurationDelegate [restartedMain] Bootstrapping Spring Data JPA repositories in DEFAULT mode.
2025-05-07 04:53:53,747 INFO org.springframework.data.repository.config.RepositoryConfigurationDelegate [restartedMain] Finished Spring Data repository scanning in 136 ms. Found 6 JPA repository interfaces.
2025-05-07 04:53:54,488 INFO org.springframework.boot.web.embedded.tomcat.TomcatWebServer [restartedMain] Tomcat initialized with port(s): 8080 (http)
2025-05-07 04:53:54,499 INFO org.apache.catalina.core.StandardService [restartedMain] Starting service [Tomcat]
2025-05-07 04:53:54,499 INFO org.apache.catalina.core.StandardEngine [restartedMain] Starting Servlet engine: [Apache Tomcat/10.1.20]
2025-05-07 04:53:54,589 INFO org.apache.catalina.core.ContainerBase.[Tomcat].[localhost].[/] [restartedMain] Initializing Spring embedded WebApplicationContext
2025-05-07 04:53:54,589 INFO org.springframework.boot.web.servlet.context.ServletWebServerApplicationContext [restartedMain] Root WebApplicationContext: initialization completed in 1990 ms
2025-05-07 04:53:54,797 INFO org.hibernate.jpa.internal.util.LogHelper [restartedMain] HHH000204: Processing PersistenceUnitInfo [name: default]
2025-05-07 04:53:54,842 INFO org.hibernate.Version [restartedMain] HHH000412: Hibernate ORM core version 6.2.24.Final
2025-05-07 04:53:54,843 INFO org.hibernate.cfg.Environment [restartedMain] HHH000406: Using bytecode reflection optimizer
2025-05-07 04:53:55,043 INFO org.springframework.orm.jpa.persistenceunit.SpringPersistenceUnitInfo [restartedMain] No LoadTimeWeaver setup: ignoring JPA class transformer
2025-05-07 04:53:55,062 INFO com.zaxxer.hikari.HikariDataSource [restartedMain] HikariPool-1 - Starting...
2025-05-07 04:53:55,187 INFO com.zaxxer.hikari.pool.HikariPool [restartedMain] HikariPool-1 - Added connection com.mysql.cj.jdbc.ConnectionImpl@47c5adec
2025-05-07 04:53:55,190 INFO com.zaxxer.hikari.HikariDataSource [restartedMain] HikariPool-1 - Start completed.
2025-05-07 04:53:55,221 WARN org.hibernate.dialect.Dialect [restartedMain] HHH000511: The 5.5.0 version for [org.hibernate.dialect.MySQLDialect] is no longer supported, hence certain features may not work properly. The minimum supported version is 5.7.0. Check the community dialects project for available legacy versions.
2025-05-07 04:53:56,344 INFO org.hibernate.engine.transaction.jta.platform.internal.JtaPlatformInitiator [restartedMain] HHH000489: No JTA platform available (set 'hibernate.transaction.jta.platform' to enable JTA platform integration)
2025-05-07 04:53:56,468 INFO org.springframework.orm.jpa.LocalContainerEntityManagerFactoryBean [restartedMain] Initialized JPA EntityManagerFactory for persistence unit 'default'
2025-05-07 04:53:56,867 INFO org.springframework.data.jpa.repository.query.QueryEnhancerFactory [restartedMain] Hibernate is in classpath; If applicable, HQL parser will be used.
2025-05-07 04:53:57,195 WARN org.springframework.boot.autoconfigure.orm.jpa.JpaBaseConfiguration$JpaWebConfiguration [restartedMain] spring.jpa.open-in-view is enabled by default. Therefore, database queries may be performed during view rendering. Explicitly configure spring.jpa.open-in-view to disable this warning
2025-05-07 04:53:57,492 INFO org.springframework.security.web.DefaultSecurityFilterChain [restartedMain] Will secure any request with [org.springframework.security.web.session.DisableEncodeUrlFilter@66486c9d, org.springframework.security.web.context.request.async.WebAsyncManagerIntegrationFilter@1b34eb7a, org.springframework.security.web.context.SecurityContextHolderFilter@2ffa6c8e, org.springframework.security.web.header.HeaderWriterFilter@61ddd083, org.springframework.security.web.authentication.logout.LogoutFilter@25e66d91, org.springframework.security.web.authentication.UsernamePasswordAuthenticationFilter@5b4a716e, org.springframework.security.web.savedrequest.RequestCacheAwareFilter@1d7acb2, org.springframework.security.web.servletapi.SecurityContextHolderAwareRequestFilter@ae7c176, org.springframework.security.web.authentication.AnonymousAuthenticationFilter@13fd3873, org.springframework.security.web.access.ExceptionTranslationFilter@14cd486c, org.springframework.security.web.access.intercept.FilterSecurityInterceptor@16bd8b5c]
2025-05-07 04:53:57,751 INFO org.springframework.boot.devtools.autoconfigure.OptionalLiveReloadServer [restartedMain] LiveReload server is running on port 35729
2025-05-07 04:53:57,796 INFO org.springframework.boot.web.embedded.tomcat.TomcatWebServer [restartedMain] Tomcat started on port(s): 8080 (http) with context path ''
2025-05-07 04:53:57,808 INFO com.tn.Demo25AccountThymeleafApplication [restartedMain] Started Demo25AccountThymeleafApplication in 5.672 seconds (process running for 6.867)
2025-05-07 04:54:01,429 INFO org.apache.catalina.core.ContainerBase.[Tomcat].[localhost].[/] [http-nio-8080-exec-1] Initializing Spring DispatcherServlet 'dispatcherServlet'
2025-05-07 04:54:01,429 INFO org.springframework.web.servlet.DispatcherServlet [http-nio-8080-exec-1] Initializing Servlet 'dispatcherServlet'
2025-05-07 04:54:01,431 INFO org.springframework.web.servlet.DispatcherServlet [http-nio-8080-exec-1] Completed initialization in 2 ms
2025-05-07 04:54:01,928 WARN org.thymeleaf.standard.processor.AbstractStandardFragmentInsertionTagProcessor [http-nio-8080-exec-1] [THYMELEAF][http-nio-8080-exec-1][admin-index] Deprecated unwrapped fragment expression "admin-account-list.html::AdminAccountList" found in template admin-index, line 32, col 10. Please use the complete syntax of fragment expressions instead ("~{admin-account-list.html::AdminAccountList}"). The old, unwrapped syntax for fragment expressions will be removed in future versions of Thymeleaf.
2025-05-07 04:54:01,962 WARN org.thymeleaf.standard.processor.AbstractStandardFragmentInsertionTagProcessor [http-nio-8080-exec-1] [THYMELEAF][http-nio-8080-exec-1][admin-account-list.html] Deprecated unwrapped fragment expression "layout-admin.html::LayoutAdmin" found in template admin-account-list.html, line 3, col 10. Please use the complete syntax of fragment expressions instead ("~{layout-admin.html::LayoutAdmin}"). The old, unwrapped syntax for fragment expressions will be removed in future versions of Thymeleaf.
2025-05-07 04:54:01,977 ERROR org.thymeleaf.TemplateEngine [http-nio-8080-exec-1] [THYMELEAF][http-nio-8080-exec-1] Exception processing template "admin-index": An error happened during template parsing (template: "class path resource [templates/admin-index.html]")
org.thymeleaf.exceptions.TemplateInputException: An error happened during template parsing (template: "class path resource [templates/admin-index.html]")
	at org.thymeleaf.templateparser.markup.AbstractMarkupTemplateParser.parse(AbstractMarkupTemplateParser.java:241)
	at org.thymeleaf.templateparser.markup.AbstractMarkupTemplateParser.parseStandalone(AbstractMarkupTemplateParser.java:100)
	at org.thymeleaf.engine.TemplateManager.parseAndProcess(TemplateManager.java:666)
	at org.thymeleaf.TemplateEngine.process(TemplateEngine.java:1103)
	at org.thymeleaf.TemplateEngine.process(TemplateEngine.java:1077)
	at org.thymeleaf.spring6.view.ThymeleafView.renderFragment(ThymeleafView.java:372)
	at org.thymeleaf.spring6.view.ThymeleafView.render(ThymeleafView.java:192)
	at org.springframework.web.servlet.DispatcherServlet.render(DispatcherServlet.java:1415)
	at org.springframework.web.servlet.DispatcherServlet.processDispatchResult(DispatcherServlet.java:1159)
	at org.springframework.web.servlet.DispatcherServlet.doDispatch(DispatcherServlet.java:1098)
	at org.springframework.web.servlet.DispatcherServlet.doService(DispatcherServlet.java:974)
	at org.springframework.web.servlet.FrameworkServlet.processRequest(FrameworkServlet.java:1014)
	at org.springframework.web.servlet.FrameworkServlet.doGet(FrameworkServlet.java:903)
	at jakarta.servlet.http.HttpServlet.service(HttpServlet.java:564)
	at org.springframework.web.servlet.FrameworkServlet.service(FrameworkServlet.java:885)
	at jakarta.servlet.http.HttpServlet.service(HttpServlet.java:658)
	at org.apache.catalina.core.ApplicationFilterChain.internalDoFilter(ApplicationFilterChain.java:206)
	at org.apache.catalina.core.ApplicationFilterChain.doFilter(ApplicationFilterChain.java:150)
	at org.apache.tomcat.websocket.server.WsFilter.doFilter(WsFilter.java:51)
	at org.apache.catalina.core.ApplicationFilterChain.internalDoFilter(ApplicationFilterChain.java:175)
	at org.apache.catalina.core.ApplicationFilterChain.doFilter(ApplicationFilterChain.java:150)
	at org.springframework.web.filter.CompositeFilter$VirtualFilterChain.doFilter(CompositeFilter.java:108)
	at org.springframework.security.web.FilterChainProxy.lambda$doFilterInternal$3(FilterChainProxy.java:231)
	at org.springframework.security.web.FilterChainProxy$VirtualFilterChain.doFilter(FilterChainProxy.java:365)
	at org.springframework.security.web.access.intercept.FilterSecurityInterceptor.invoke(FilterSecurityInterceptor.java:117)
	at org.springframework.security.web.access.intercept.FilterSecurityInterceptor.doFilter(FilterSecurityInterceptor.java:83)
	at org.springframework.security.web.FilterChainProxy$VirtualFilterChain.doFilter(FilterChainProxy.java:374)
	at org.springframework.security.web.access.ExceptionTranslationFilter.doFilter(ExceptionTranslationFilter.java:126)
	at org.springframework.security.web.access.ExceptionTranslationFilter.doFilter(ExceptionTranslationFilter.java:120)
	at org.springframework.security.web.FilterChainProxy$VirtualFilterChain.doFilter(FilterChainProxy.java:374)
	at org.springframework.security.web.authentication.AnonymousAuthenticationFilter.doFilter(AnonymousAuthenticationFilter.java:100)
	at org.springframework.security.web.FilterChainProxy$VirtualFilterChain.doFilter(FilterChainProxy.java:374)
	at org.springframework.security.web.servletapi.SecurityContextHolderAwareRequestFilter.doFilter(SecurityContextHolderAwareRequestFilter.java:179)
	at org.springframework.security.web.FilterChainProxy$VirtualFilterChain.doFilter(FilterChainProxy.java:374)
	at org.springframework.security.web.savedrequest.RequestCacheAwareFilter.doFilter(RequestCacheAwareFilter.java:63)
	at org.springframework.security.web.FilterChainProxy$VirtualFilterChain.doFilter(FilterChainProxy.java:374)
	at org.springframework.security.web.authentication.AbstractAuthenticationProcessingFilter.doFilter(AbstractAuthenticationProcessingFilter.java:227)
	at org.springframework.security.web.authentication.AbstractAuthenticationProcessingFilter.doFilter(AbstractAuthenticationProcessingFilter.java:221)
	at org.springframework.security.web.FilterChainProxy$VirtualFilterChain.doFilter(FilterChainProxy.java:374)
	at org.springframework.security.web.authentication.logout.LogoutFilter.doFilter(LogoutFilter.java:107)
	at org.springframework.security.web.authentication.logout.LogoutFilter.doFilter(LogoutFilter.java:93)
	at org.springframework.security.web.FilterChainProxy$VirtualFilterChain.doFilter(FilterChainProxy.java:374)
	at org.springframework.security.web.header.HeaderWriterFilter.doHeadersAfter(HeaderWriterFilter.java:90)
	at org.springframework.security.web.header.HeaderWriterFilter.doFilterInternal(HeaderWriterFilter.java:75)
	at org.springframework.web.filter.OncePerRequestFilter.doFilter(OncePerRequestFilter.java:116)
	at org.springframework.security.web.FilterChainProxy$VirtualFilterChain.doFilter(FilterChainProxy.java:374)
	at org.springframework.security.web.context.SecurityContextHolderFilter.doFilter(SecurityContextHolderFilter.java:82)
	at org.springframework.security.web.context.SecurityContextHolderFilter.doFilter(SecurityContextHolderFilter.java:69)
	at org.springframework.security.web.FilterChainProxy$VirtualFilterChain.doFilter(FilterChainProxy.java:374)
	at org.springframework.security.web.context.request.async.WebAsyncManagerIntegrationFilter.doFilterInternal(WebAsyncManagerIntegrationFilter.java:62)
	at org.springframework.web.filter.OncePerRequestFilter.doFilter(OncePerRequestFilter.java:116)
	at org.springframework.security.web.FilterChainProxy$VirtualFilterChain.doFilter(FilterChainProxy.java:374)
	at org.springframework.security.web.session.DisableEncodeUrlFilter.doFilterInternal(DisableEncodeUrlFilter.java:42)
	at org.springframework.web.filter.OncePerRequestFilter.doFilter(OncePerRequestFilter.java:116)
	at org.springframework.security.web.FilterChainProxy$VirtualFilterChain.doFilter(FilterChainProxy.java:374)
	at org.springframework.security.web.FilterChainProxy.doFilterInternal(FilterChainProxy.java:233)
	at org.springframework.security.web.FilterChainProxy.doFilter(FilterChainProxy.java:191)
	at org.springframework.web.filter.CompositeFilter$VirtualFilterChain.doFilter(CompositeFilter.java:113)
	at org.springframework.web.servlet.handler.HandlerMappingIntrospector.lambda$createCacheFilter$3(HandlerMappingIntrospector.java:195)
	at org.springframework.web.filter.CompositeFilter$VirtualFilterChain.doFilter(CompositeFilter.java:113)
	at org.springframework.web.filter.CompositeFilter.doFilter(CompositeFilter.java:74)
	at org.springframework.security.config.annotation.web.configuration.WebMvcSecurityConfiguration$CompositeFilterChainProxy.doFilter(WebMvcSecurityConfiguration.java:230)
	at org.springframework.web.filter.DelegatingFilterProxy.invokeDelegate(DelegatingFilterProxy.java:352)
	at org.springframework.web.filter.DelegatingFilterProxy.doFilter(DelegatingFilterProxy.java:268)
	at org.apache.catalina.core.ApplicationFilterChain.internalDoFilter(ApplicationFilterChain.java:175)
	at org.apache.catalina.core.ApplicationFilterChain.doFilter(ApplicationFilterChain.java:150)
	at org.springframework.web.filter.RequestContextFilter.doFilterInternal(RequestContextFilter.java:100)
	at org.springframework.web.filter.OncePerRequestFilter.doFilter(OncePerRequestFilter.java:116)
	at org.apache.catalina.core.ApplicationFilterChain.internalDoFilter(ApplicationFilterChain.java:175)
	at org.apache.catalina.core.ApplicationFilterChain.doFilter(ApplicationFilterChain.java:150)
	at org.springframework.web.filter.FormContentFilter.doFilterInternal(FormContentFilter.java:93)
	at org.springframework.web.filter.OncePerRequestFilter.doFilter(OncePerRequestFilter.java:116)
	at org.apache.catalina.core.ApplicationFilterChain.internalDoFilter(ApplicationFilterChain.java:175)
	at org.apache.catalina.core.ApplicationFilterChain.doFilter(ApplicationFilterChain.java:150)
	at org.springframework.web.filter.CharacterEncodingFilter.doFilterInternal(CharacterEncodingFilter.java:201)
	at org.springframework.web.filter.OncePerRequestFilter.doFilter(OncePerRequestFilter.java:116)
	at org.apache.catalina.core.ApplicationFilterChain.internalDoFilter(ApplicationFilterChain.java:175)
	at org.apache.catalina.core.ApplicationFilterChain.doFilter(ApplicationFilterChain.java:150)
	at org.apache.catalina.core.StandardWrapperValve.invoke(StandardWrapperValve.java:167)
	at org.apache.catalina.core.StandardContextValve.invoke(StandardContextValve.java:90)
	at org.apache.catalina.authenticator.AuthenticatorBase.invoke(AuthenticatorBase.java:482)
	at org.apache.catalina.core.StandardHostValve.invoke(StandardHostValve.java:115)
	at org.apache.catalina.valves.ErrorReportValve.invoke(ErrorReportValve.java:93)
	at org.apache.catalina.core.StandardEngineValve.invoke(StandardEngineValve.java:74)
	at org.apache.catalina.connector.CoyoteAdapter.service(CoyoteAdapter.java:344)
	at org.apache.coyote.http11.Http11Processor.service(Http11Processor.java:391)
	at org.apache.coyote.AbstractProcessorLight.process(AbstractProcessorLight.java:63)
	at org.apache.coyote.AbstractProtocol$ConnectionHandler.process(AbstractProtocol.java:896)
	at org.apache.tomcat.util.net.NioEndpoint$SocketProcessor.doRun(NioEndpoint.java:1736)
	at org.apache.tomcat.util.net.SocketProcessorBase.run(SocketProcessorBase.java:52)
	at org.apache.tomcat.util.threads.ThreadPoolExecutor.runWorker(ThreadPoolExecutor.java:1191)
	at org.apache.tomcat.util.threads.ThreadPoolExecutor$Worker.run(ThreadPoolExecutor.java:659)
	at org.apache.tomcat.util.threads.TaskThread$WrappingRunnable.run(TaskThread.java:63)
	at java.base/java.lang.Thread.run(Thread.java:840)
Caused by: org.attoparser.ParseException: Exception evaluating SpringEL expression: "obj.productId" (template: "admin-account-list.html" - line 24, col 21)
	at org.attoparser.MarkupParser.parseDocument(MarkupParser.java:393)
	at org.attoparser.MarkupParser.parse(MarkupParser.java:257)
	at org.thymeleaf.templateparser.markup.AbstractMarkupTemplateParser.parse(AbstractMarkupTemplateParser.java:230)
	... 93 common frames omitted
Caused by: org.thymeleaf.exceptions.TemplateProcessingException: Exception evaluating SpringEL expression: "obj.productId" (template: "admin-account-list.html" - line 24, col 21)
	at org.thymeleaf.spring6.expression.SPELVariableExpressionEvaluator.evaluate(SPELVariableExpressionEvaluator.java:292)
	at org.thymeleaf.standard.expression.VariableExpression.executeVariableExpression(VariableExpression.java:166)
	at org.thymeleaf.standard.expression.SimpleExpression.executeSimple(SimpleExpression.java:66)
	at org.thymeleaf.standard.expression.Expression.execute(Expression.java:109)
	at org.thymeleaf.standard.expression.Expression.execute(Expression.java:138)
	at org.thymeleaf.standard.processor.AbstractStandardExpressionAttributeTagProcessor.doProcess(AbstractStandardExpressionAttributeTagProcessor.java:144)
	at org.thymeleaf.processor.element.AbstractAttributeTagProcessor.doProcess(AbstractAttributeTagProcessor.java:74)
	at org.thymeleaf.processor.element.AbstractElementTagProcessor.process(AbstractElementTagProcessor.java:95)
	at org.thymeleaf.util.ProcessorConfigurationUtils$ElementTagProcessorWrapper.process(ProcessorConfigurationUtils.java:633)
	at org.thymeleaf.engine.ProcessorTemplateHandler.handleOpenElement(ProcessorTemplateHandler.java:1314)
	at org.thymeleaf.engine.OpenElementTag.beHandled(OpenElementTag.java:205)
	at org.thymeleaf.engine.Model.process(Model.java:282)
	at org.thymeleaf.engine.Model.process(Model.java:290)
	at org.thymeleaf.engine.IteratedGatheringModelProcessable.processIterationModel(IteratedGatheringModelProcessable.java:368)
	at org.thymeleaf.engine.IteratedGatheringModelProcessable.process(IteratedGatheringModelProcessable.java:222)
	at org.thymeleaf.engine.ProcessorTemplateHandler.handleCloseElement(ProcessorTemplateHandler.java:1640)
	at org.thymeleaf.engine.CloseElementTag.beHandled(CloseElementTag.java:139)
	at org.thymeleaf.engine.Model.process(Model.java:282)
	at org.thymeleaf.engine.ProcessorTemplateHandler.handleOpenElement(ProcessorTemplateHandler.java:1587)
	at org.thymeleaf.engine.TemplateHandlerAdapterMarkupHandler.handleOpenElementEnd(TemplateHandlerAdapterMarkupHandler.java:304)
	at org.thymeleaf.templateparser.markup.InlinedOutputExpressionMarkupHandler$InlineMarkupAdapterPreProcessorHandler.handleOpenElementEnd(InlinedOutputExpressionMarkupHandler.java:278)
	at org.thymeleaf.standard.inline.OutputExpressionInlinePreProcessorHandler.handleOpenElementEnd(OutputExpressionInlinePreProcessorHandler.java:186)
	at org.thymeleaf.templateparser.markup.InlinedOutputExpressionMarkupHandler.handleOpenElementEnd(InlinedOutputExpressionMarkupHandler.java:124)
	at org.attoparser.HtmlElement.handleOpenElementEnd(HtmlElement.java:109)
	at org.attoparser.HtmlMarkupHandler.handleOpenElementEnd(HtmlMarkupHandler.java:297)
	at org.attoparser.MarkupEventProcessorHandler.handleOpenElementEnd(MarkupEventProcessorHandler.java:402)
	at org.attoparser.ParsingElementMarkupUtil.parseOpenElement(ParsingElementMarkupUtil.java:159)
	at org.attoparser.MarkupParser.parseBuffer(MarkupParser.java:710)
	at org.attoparser.MarkupParser.parseDocument(MarkupParser.java:301)
	... 95 common frames omitted
Caused by: org.springframework.expression.spel.SpelEvaluationException: EL1008E: Property or field 'productId' cannot be found on object of type 'com.tn.entity.Account' - maybe not public or not valid?
	at org.springframework.expression.spel.ast.PropertyOrFieldReference.readProperty(PropertyOrFieldReference.java:228)
	at org.springframework.expression.spel.ast.PropertyOrFieldReference.getValueInternal(PropertyOrFieldReference.java:111)
	at org.springframework.expression.spel.ast.PropertyOrFieldReference$AccessorLValue.getValue(PropertyOrFieldReference.java:416)
	at org.springframework.expression.spel.ast.CompoundExpression.getValueInternal(CompoundExpression.java:98)
	at org.springframework.expression.spel.ast.SpelNodeImpl.getValue(SpelNodeImpl.java:114)
	at org.springframework.expression.spel.standard.SpelExpression.getValue(SpelExpression.java:338)
	at org.thymeleaf.spring6.expression.SPELVariableExpressionEvaluator.evaluate(SPELVariableExpressionEvaluator.java:265)
	... 123 common frames omitted
2025-05-07 04:54:01,992 ERROR org.apache.catalina.core.ContainerBase.[Tomcat].[localhost].[/].[dispatcherServlet] [http-nio-8080-exec-1] Servlet.service() for servlet [dispatcherServlet] in context with path [] threw exception [Request processing failed: org.thymeleaf.exceptions.TemplateInputException: An error happened during template parsing (template: "class path resource [templates/admin-index.html]")] with root cause
org.springframework.expression.spel.SpelEvaluationException: EL1008E: Property or field 'productId' cannot be found on object of type 'com.tn.entity.Account' - maybe not public or not valid?
	at org.springframework.expression.spel.ast.PropertyOrFieldReference.readProperty(PropertyOrFieldReference.java:228)
	at org.springframework.expression.spel.ast.PropertyOrFieldReference.getValueInternal(PropertyOrFieldReference.java:111)
	at org.springframework.expression.spel.ast.PropertyOrFieldReference$AccessorLValue.getValue(PropertyOrFieldReference.java:416)
	at org.springframework.expression.spel.ast.CompoundExpression.getValueInternal(CompoundExpression.java:98)
	at org.springframework.expression.spel.ast.SpelNodeImpl.getValue(SpelNodeImpl.java:114)
	at org.springframework.expression.spel.standard.SpelExpression.getValue(SpelExpression.java:338)
	at org.thymeleaf.spring6.expression.SPELVariableExpressionEvaluator.evaluate(SPELVariableExpressionEvaluator.java:265)
	at org.thymeleaf.standard.expression.VariableExpression.executeVariableExpression(VariableExpression.java:166)
	at org.thymeleaf.standard.expression.SimpleExpression.executeSimple(SimpleExpression.java:66)
	at org.thymeleaf.standard.expression.Expression.execute(Expression.java:109)
	at org.thymeleaf.standard.expression.Expression.execute(Expression.java:138)
	at org.thymeleaf.standard.processor.AbstractStandardExpressionAttributeTagProcessor.doProcess(AbstractStandardExpressionAttributeTagProcessor.java:144)
	at org.thymeleaf.processor.element.AbstractAttributeTagProcessor.doProcess(AbstractAttributeTagProcessor.java:74)
	at org.thymeleaf.processor.element.AbstractElementTagProcessor.process(AbstractElementTagProcessor.java:95)
	at org.thymeleaf.util.ProcessorConfigurationUtils$ElementTagProcessorWrapper.process(ProcessorConfigurationUtils.java:633)
	at org.thymeleaf.engine.ProcessorTemplateHandler.handleOpenElement(ProcessorTemplateHandler.java:1314)
	at org.thymeleaf.engine.OpenElementTag.beHandled(OpenElementTag.java:205)
	at org.thymeleaf.engine.Model.process(Model.java:282)
	at org.thymeleaf.engine.Model.process(Model.java:290)
	at org.thymeleaf.engine.IteratedGatheringModelProcessable.processIterationModel(IteratedGatheringModelProcessable.java:368)
	at org.thymeleaf.engine.IteratedGatheringModelProcessable.process(IteratedGatheringModelProcessable.java:222)
	at org.thymeleaf.engine.ProcessorTemplateHandler.handleCloseElement(ProcessorTemplateHandler.java:1640)
	at org.thymeleaf.engine.CloseElementTag.beHandled(CloseElementTag.java:139)
	at org.thymeleaf.engine.Model.process(Model.java:282)
	at org.thymeleaf.engine.ProcessorTemplateHandler.handleOpenElement(ProcessorTemplateHandler.java:1587)
	at org.thymeleaf.engine.TemplateHandlerAdapterMarkupHandler.handleOpenElementEnd(TemplateHandlerAdapterMarkupHandler.java:304)
	at org.thymeleaf.templateparser.markup.InlinedOutputExpressionMarkupHandler$InlineMarkupAdapterPreProcessorHandler.handleOpenElementEnd(InlinedOutputExpressionMarkupHandler.java:278)
	at org.thymeleaf.standard.inline.OutputExpressionInlinePreProcessorHandler.handleOpenElementEnd(OutputExpressionInlinePreProcessorHandler.java:186)
	at org.thymeleaf.templateparser.markup.InlinedOutputExpressionMarkupHandler.handleOpenElementEnd(InlinedOutputExpressionMarkupHandler.java:124)
	at org.attoparser.HtmlElement.handleOpenElementEnd(HtmlElement.java:109)
	at org.attoparser.HtmlMarkupHandler.handleOpenElementEnd(HtmlMarkupHandler.java:297)
	at org.attoparser.MarkupEventProcessorHandler.handleOpenElementEnd(MarkupEventProcessorHandler.java:402)
	at org.attoparser.ParsingElementMarkupUtil.parseOpenElement(ParsingElementMarkupUtil.java:159)
	at org.attoparser.MarkupParser.parseBuffer(MarkupParser.java:710)
	at org.attoparser.MarkupParser.parseDocument(MarkupParser.java:301)
	at org.attoparser.MarkupParser.parse(MarkupParser.java:257)
	at org.thymeleaf.templateparser.markup.AbstractMarkupTemplateParser.parse(AbstractMarkupTemplateParser.java:230)
	at org.thymeleaf.templateparser.markup.AbstractMarkupTemplateParser.parseStandalone(AbstractMarkupTemplateParser.java:100)
	at org.thymeleaf.engine.TemplateManager.parseAndProcess(TemplateManager.java:666)
	at org.thymeleaf.TemplateEngine.process(TemplateEngine.java:1103)
	at org.thymeleaf.TemplateEngine.process(TemplateEngine.java:1077)
	at org.thymeleaf.spring6.view.ThymeleafView.renderFragment(ThymeleafView.java:372)
	at org.thymeleaf.spring6.view.ThymeleafView.render(ThymeleafView.java:192)
	at org.springframework.web.servlet.DispatcherServlet.render(DispatcherServlet.java:1415)
	at org.springframework.web.servlet.DispatcherServlet.processDispatchResult(DispatcherServlet.java:1159)
	at org.springframework.web.servlet.DispatcherServlet.doDispatch(DispatcherServlet.java:1098)
	at org.springframework.web.servlet.DispatcherServlet.doService(DispatcherServlet.java:974)
	at org.springframework.web.servlet.FrameworkServlet.processRequest(FrameworkServlet.java:1014)
	at org.springframework.web.servlet.FrameworkServlet.doGet(FrameworkServlet.java:903)
	at jakarta.servlet.http.HttpServlet.service(HttpServlet.java:564)
	at org.springframework.web.servlet.FrameworkServlet.service(FrameworkServlet.java:885)
	at jakarta.servlet.http.HttpServlet.service(HttpServlet.java:658)
	at org.apache.catalina.core.ApplicationFilterChain.internalDoFilter(ApplicationFilterChain.java:206)
	at org.apache.catalina.core.ApplicationFilterChain.doFilter(ApplicationFilterChain.java:150)
	at org.apache.tomcat.websocket.server.WsFilter.doFilter(WsFilter.java:51)
	at org.apache.catalina.core.ApplicationFilterChain.internalDoFilter(ApplicationFilterChain.java:175)
	at org.apache.catalina.core.ApplicationFilterChain.doFilter(ApplicationFilterChain.java:150)
	at org.springframework.web.filter.CompositeFilter$VirtualFilterChain.doFilter(CompositeFilter.java:108)
	at org.springframework.security.web.FilterChainProxy.lambda$doFilterInternal$3(FilterChainProxy.java:231)
	at org.springframework.security.web.FilterChainProxy$VirtualFilterChain.doFilter(FilterChainProxy.java:365)
	at org.springframework.security.web.access.intercept.FilterSecurityInterceptor.invoke(FilterSecurityInterceptor.java:117)
	at org.springframework.security.web.access.intercept.FilterSecurityInterceptor.doFilter(FilterSecurityInterceptor.java:83)
	at org.springframework.security.web.FilterChainProxy$VirtualFilterChain.doFilter(FilterChainProxy.java:374)
	at org.springframework.security.web.access.ExceptionTranslationFilter.doFilter(ExceptionTranslationFilter.java:126)
	at org.springframework.security.web.access.ExceptionTranslationFilter.doFilter(ExceptionTranslationFilter.java:120)
	at org.springframework.security.web.FilterChainProxy$VirtualFilterChain.doFilter(FilterChainProxy.java:374)
	at org.springframework.security.web.authentication.AnonymousAuthenticationFilter.doFilter(AnonymousAuthenticationFilter.java:100)
	at org.springframework.security.web.FilterChainProxy$VirtualFilterChain.doFilter(FilterChainProxy.java:374)
	at org.springframework.security.web.servletapi.SecurityContextHolderAwareRequestFilter.doFilter(SecurityContextHolderAwareRequestFilter.java:179)
	at org.springframework.security.web.FilterChainProxy$VirtualFilterChain.doFilter(FilterChainProxy.java:374)
	at org.springframework.security.web.savedrequest.RequestCacheAwareFilter.doFilter(RequestCacheAwareFilter.java:63)
	at org.springframework.security.web.FilterChainProxy$VirtualFilterChain.doFilter(FilterChainProxy.java:374)
	at org.springframework.security.web.authentication.AbstractAuthenticationProcessingFilter.doFilter(AbstractAuthenticationProcessingFilter.java:227)
	at org.springframework.security.web.authentication.AbstractAuthenticationProcessingFilter.doFilter(AbstractAuthenticationProcessingFilter.java:221)
	at org.springframework.security.web.FilterChainProxy$VirtualFilterChain.doFilter(FilterChainProxy.java:374)
	at org.springframework.security.web.authentication.logout.LogoutFilter.doFilter(LogoutFilter.java:107)
	at org.springframework.security.web.authentication.logout.LogoutFilter.doFilter(LogoutFilter.java:93)
	at org.springframework.security.web.FilterChainProxy$VirtualFilterChain.doFilter(FilterChainProxy.java:374)
	at org.springframework.security.web.header.HeaderWriterFilter.doHeadersAfter(HeaderWriterFilter.java:90)
	at org.springframework.security.web.header.HeaderWriterFilter.doFilterInternal(HeaderWriterFilter.java:75)
	at org.springframework.web.filter.OncePerRequestFilter.doFilter(OncePerRequestFilter.java:116)
	at org.springframework.security.web.FilterChainProxy$VirtualFilterChain.doFilter(FilterChainProxy.java:374)
	at org.springframework.security.web.context.SecurityContextHolderFilter.doFilter(SecurityContextHolderFilter.java:82)
	at org.springframework.security.web.context.SecurityContextHolderFilter.doFilter(SecurityContextHolderFilter.java:69)
	at org.springframework.security.web.FilterChainProxy$VirtualFilterChain.doFilter(FilterChainProxy.java:374)
	at org.springframework.security.web.context.request.async.WebAsyncManagerIntegrationFilter.doFilterInternal(WebAsyncManagerIntegrationFilter.java:62)
	at org.springframework.web.filter.OncePerRequestFilter.doFilter(OncePerRequestFilter.java:116)
	at org.springframework.security.web.FilterChainProxy$VirtualFilterChain.doFilter(FilterChainProxy.java:374)
	at org.springframework.security.web.session.DisableEncodeUrlFilter.doFilterInternal(DisableEncodeUrlFilter.java:42)
	at org.springframework.web.filter.OncePerRequestFilter.doFilter(OncePerRequestFilter.java:116)
	at org.springframework.security.web.FilterChainProxy$VirtualFilterChain.doFilter(FilterChainProxy.java:374)
	at org.springframework.security.web.FilterChainProxy.doFilterInternal(FilterChainProxy.java:233)
	at org.springframework.security.web.FilterChainProxy.doFilter(FilterChainProxy.java:191)
	at org.springframework.web.filter.CompositeFilter$VirtualFilterChain.doFilter(CompositeFilter.java:113)
	at org.springframework.web.servlet.handler.HandlerMappingIntrospector.lambda$createCacheFilter$3(HandlerMappingIntrospector.java:195)
	at org.springframework.web.filter.CompositeFilter$VirtualFilterChain.doFilter(CompositeFilter.java:113)
	at org.springframework.web.filter.CompositeFilter.doFilter(CompositeFilter.java:74)
	at org.springframework.security.config.annotation.web.configuration.WebMvcSecurityConfiguration$CompositeFilterChainProxy.doFilter(WebMvcSecurityConfiguration.java:230)
	at org.springframework.web.filter.DelegatingFilterProxy.invokeDelegate(DelegatingFilterProxy.java:352)
	at org.springframework.web.filter.DelegatingFilterProxy.doFilter(DelegatingFilterProxy.java:268)
	at org.apache.catalina.core.ApplicationFilterChain.internalDoFilter(ApplicationFilterChain.java:175)
	at org.apache.catalina.core.ApplicationFilterChain.doFilter(ApplicationFilterChain.java:150)
	at org.springframework.web.filter.RequestContextFilter.doFilterInternal(RequestContextFilter.java:100)
	at org.springframework.web.filter.OncePerRequestFilter.doFilter(OncePerRequestFilter.java:116)
	at org.apache.catalina.core.ApplicationFilterChain.internalDoFilter(ApplicationFilterChain.java:175)
	at org.apache.catalina.core.ApplicationFilterChain.doFilter(ApplicationFilterChain.java:150)
	at org.springframework.web.filter.FormContentFilter.doFilterInternal(FormContentFilter.java:93)
	at org.springframework.web.filter.OncePerRequestFilter.doFilter(OncePerRequestFilter.java:116)
	at org.apache.catalina.core.ApplicationFilterChain.internalDoFilter(ApplicationFilterChain.java:175)
	at org.apache.catalina.core.ApplicationFilterChain.doFilter(ApplicationFilterChain.java:150)
	at org.springframework.web.filter.CharacterEncodingFilter.doFilterInternal(CharacterEncodingFilter.java:201)
	at org.springframework.web.filter.OncePerRequestFilter.doFilter(OncePerRequestFilter.java:116)
	at org.apache.catalina.core.ApplicationFilterChain.internalDoFilter(ApplicationFilterChain.java:175)
	at org.apache.catalina.core.ApplicationFilterChain.doFilter(ApplicationFilterChain.java:150)
	at org.apache.catalina.core.StandardWrapperValve.invoke(StandardWrapperValve.java:167)
	at org.apache.catalina.core.StandardContextValve.invoke(StandardContextValve.java:90)
	at org.apache.catalina.authenticator.AuthenticatorBase.invoke(AuthenticatorBase.java:482)
	at org.apache.catalina.core.StandardHostValve.invoke(StandardHostValve.java:115)
	at org.apache.catalina.valves.ErrorReportValve.invoke(ErrorReportValve.java:93)
	at org.apache.catalina.core.StandardEngineValve.invoke(StandardEngineValve.java:74)
	at org.apache.catalina.connector.CoyoteAdapter.service(CoyoteAdapter.java:344)
	at org.apache.coyote.http11.Http11Processor.service(Http11Processor.java:391)
	at org.apache.coyote.AbstractProcessorLight.process(AbstractProcessorLight.java:63)
	at org.apache.coyote.AbstractProtocol$ConnectionHandler.process(AbstractProtocol.java:896)
	at org.apache.tomcat.util.net.NioEndpoint$SocketProcessor.doRun(NioEndpoint.java:1736)
	at org.apache.tomcat.util.net.SocketProcessorBase.run(SocketProcessorBase.java:52)
	at org.apache.tomcat.util.threads.ThreadPoolExecutor.runWorker(ThreadPoolExecutor.java:1191)
	at org.apache.tomcat.util.threads.ThreadPoolExecutor$Worker.run(ThreadPoolExecutor.java:659)
	at org.apache.tomcat.util.threads.TaskThread$WrappingRunnable.run(TaskThread.java:63)
	at java.base/java.lang.Thread.run(Thread.java:840)
2025-05-07 04:54:19,523 WARN org.thymeleaf.standard.processor.AbstractStandardFragmentInsertionTagProcessor [http-nio-8080-exec-5] [THYMELEAF][http-nio-8080-exec-5][admin-index] Deprecated unwrapped fragment expression "admin-product-list.html::AdminProductList" found in template admin-index, line 39, col 10. Please use the complete syntax of fragment expressions instead ("~{admin-product-list.html::AdminProductList}"). The old, unwrapped syntax for fragment expressions will be removed in future versions of Thymeleaf.
2025-05-07 04:54:19,526 WARN org.thymeleaf.standard.processor.AbstractStandardFragmentInsertionTagProcessor [http-nio-8080-exec-5] [THYMELEAF][http-nio-8080-exec-5][admin-product-list.html] Deprecated unwrapped fragment expression "layout-admin.html::LayoutAdmin" found in template admin-product-list.html, line 4, col 10. Please use the complete syntax of fragment expressions instead ("~{layout-admin.html::LayoutAdmin}"). The old, unwrapped syntax for fragment expressions will be removed in future versions of Thymeleaf.
2025-05-07 04:54:23,960 WARN org.springframework.web.servlet.mvc.support.DefaultHandlerExceptionResolver [http-nio-8080-exec-6] Resolved [org.springframework.web.bind.MissingPathVariableException: Required URI template variable 'productId' for method parameter type Long is not present]
2025-05-07 04:55:55,238 INFO org.springframework.orm.jpa.LocalContainerEntityManagerFactoryBean [SpringApplicationShutdownHook] Closing JPA EntityManagerFactory for persistence unit 'default'
2025-05-07 04:55:55,238 INFO com.zaxxer.hikari.HikariDataSource [SpringApplicationShutdownHook] HikariPool-1 - Shutdown initiated...
2025-05-07 04:55:55,268 INFO com.zaxxer.hikari.HikariDataSource [SpringApplicationShutdownHook] HikariPool-1 - Shutdown completed.
2025-05-07 04:56:01,328 INFO com.tn.Demo25AccountThymeleafApplication [restartedMain] Starting Demo25AccountThymeleafApplication using Java 17.0.10 with PID 2404 (C:\Users\Public\Javapro\demo25_AccountThymeleaf\target\classes started by havan in C:\Users\Public\Javapro\demo25_AccountThymeleaf)
2025-05-07 04:56:01,337 INFO com.tn.Demo25AccountThymeleafApplication [restartedMain] The following 1 profile is active: "prod"
2025-05-07 04:56:01,390 INFO org.springframework.boot.devtools.env.DevToolsPropertyDefaultsPostProcessor [restartedMain] Devtools property defaults active! Set 'spring.devtools.add-properties' to 'false' to disable
2025-05-07 04:56:01,390 INFO org.springframework.boot.devtools.env.DevToolsPropertyDefaultsPostProcessor [restartedMain] For additional web related logging consider setting the 'logging.level.web' property to 'DEBUG'
2025-05-07 04:56:02,122 INFO org.springframework.data.repository.config.RepositoryConfigurationDelegate [restartedMain] Bootstrapping Spring Data JPA repositories in DEFAULT mode.
2025-05-07 04:56:02,198 INFO org.springframework.data.repository.config.RepositoryConfigurationDelegate [restartedMain] Finished Spring Data repository scanning in 68 ms. Found 6 JPA repository interfaces.
2025-05-07 04:56:02,749 INFO org.springframework.boot.web.embedded.tomcat.TomcatWebServer [restartedMain] Tomcat initialized with port(s): 8080 (http)
2025-05-07 04:56:02,758 INFO org.apache.catalina.core.StandardService [restartedMain] Starting service [Tomcat]
2025-05-07 04:56:02,758 INFO org.apache.catalina.core.StandardEngine [restartedMain] Starting Servlet engine: [Apache Tomcat/10.1.20]
2025-05-07 04:56:02,808 INFO org.apache.catalina.core.ContainerBase.[Tomcat].[localhost].[/] [restartedMain] Initializing Spring embedded WebApplicationContext
2025-05-07 04:56:02,810 INFO org.springframework.boot.web.servlet.context.ServletWebServerApplicationContext [restartedMain] Root WebApplicationContext: initialization completed in 1420 ms
2025-05-07 04:56:02,978 INFO org.hibernate.jpa.internal.util.LogHelper [restartedMain] HHH000204: Processing PersistenceUnitInfo [name: default]
2025-05-07 04:56:03,010 INFO org.hibernate.Version [restartedMain] HHH000412: Hibernate ORM core version 6.2.24.Final
2025-05-07 04:56:03,012 INFO org.hibernate.cfg.Environment [restartedMain] HHH000406: Using bytecode reflection optimizer
2025-05-07 04:56:03,233 INFO org.springframework.orm.jpa.persistenceunit.SpringPersistenceUnitInfo [restartedMain] No LoadTimeWeaver setup: ignoring JPA class transformer
2025-05-07 04:56:03,254 INFO com.zaxxer.hikari.HikariDataSource [restartedMain] HikariPool-1 - Starting...
2025-05-07 04:56:03,368 INFO com.zaxxer.hikari.pool.HikariPool [restartedMain] HikariPool-1 - Added connection com.mysql.cj.jdbc.ConnectionImpl@3f550df
2025-05-07 04:56:03,371 INFO com.zaxxer.hikari.HikariDataSource [restartedMain] HikariPool-1 - Start completed.
2025-05-07 04:56:03,398 WARN org.hibernate.dialect.Dialect [restartedMain] HHH000511: The 5.5.0 version for [org.hibernate.dialect.MySQLDialect] is no longer supported, hence certain features may not work properly. The minimum supported version is 5.7.0. Check the community dialects project for available legacy versions.
2025-05-07 04:56:04,358 INFO org.hibernate.engine.transaction.jta.platform.internal.JtaPlatformInitiator [restartedMain] HHH000489: No JTA platform available (set 'hibernate.transaction.jta.platform' to enable JTA platform integration)
2025-05-07 04:56:04,448 INFO org.springframework.orm.jpa.LocalContainerEntityManagerFactoryBean [restartedMain] Initialized JPA EntityManagerFactory for persistence unit 'default'
2025-05-07 04:56:04,778 INFO org.springframework.data.jpa.repository.query.QueryEnhancerFactory [restartedMain] Hibernate is in classpath; If applicable, HQL parser will be used.
2025-05-07 04:56:05,078 WARN org.springframework.boot.autoconfigure.orm.jpa.JpaBaseConfiguration$JpaWebConfiguration [restartedMain] spring.jpa.open-in-view is enabled by default. Therefore, database queries may be performed during view rendering. Explicitly configure spring.jpa.open-in-view to disable this warning
2025-05-07 04:56:05,332 INFO org.springframework.security.web.DefaultSecurityFilterChain [restartedMain] Will secure any request with [org.springframework.security.web.session.DisableEncodeUrlFilter@11fbec08, org.springframework.security.web.context.request.async.WebAsyncManagerIntegrationFilter@7d51818f, org.springframework.security.web.context.SecurityContextHolderFilter@155f979b, org.springframework.security.web.header.HeaderWriterFilter@fb5efcd, org.springframework.security.web.authentication.logout.LogoutFilter@54c012e4, org.springframework.security.web.authentication.UsernamePasswordAuthenticationFilter@6f992f73, org.springframework.security.web.savedrequest.RequestCacheAwareFilter@4f1a1cb6, org.springframework.security.web.servletapi.SecurityContextHolderAwareRequestFilter@7849b67a, org.springframework.security.web.authentication.AnonymousAuthenticationFilter@5b15dbe1, org.springframework.security.web.access.ExceptionTranslationFilter@7da5759, org.springframework.security.web.access.intercept.FilterSecurityInterceptor@6250c834]
2025-05-07 04:56:05,578 INFO org.springframework.boot.devtools.autoconfigure.OptionalLiveReloadServer [restartedMain] LiveReload server is running on port 35729
2025-05-07 04:56:05,613 INFO org.springframework.boot.web.embedded.tomcat.TomcatWebServer [restartedMain] Tomcat started on port(s): 8080 (http) with context path ''
2025-05-07 04:56:05,630 INFO com.tn.Demo25AccountThymeleafApplication [restartedMain] Started Demo25AccountThymeleafApplication in 4.768 seconds (process running for 5.563)
2025-05-07 04:56:12,811 INFO org.apache.catalina.core.ContainerBase.[Tomcat].[localhost].[/] [http-nio-8080-exec-1] Initializing Spring DispatcherServlet 'dispatcherServlet'
2025-05-07 04:56:12,811 INFO org.springframework.web.servlet.DispatcherServlet [http-nio-8080-exec-1] Initializing Servlet 'dispatcherServlet'
2025-05-07 04:56:12,811 INFO org.springframework.web.servlet.DispatcherServlet [http-nio-8080-exec-1] Completed initialization in 0 ms
2025-05-07 04:56:13,276 WARN org.thymeleaf.standard.processor.AbstractStandardFragmentInsertionTagProcessor [http-nio-8080-exec-1] [THYMELEAF][http-nio-8080-exec-1][admin-index] Deprecated unwrapped fragment expression "admin-product-edit.html::AdminProductEdit" found in template admin-index, line 45, col 10. Please use the complete syntax of fragment expressions instead ("~{admin-product-edit.html::AdminProductEdit}"). The old, unwrapped syntax for fragment expressions will be removed in future versions of Thymeleaf.
2025-05-07 04:56:13,346 ERROR org.thymeleaf.TemplateEngine [http-nio-8080-exec-1] [THYMELEAF][http-nio-8080-exec-1] Exception processing template "admin-index": An error happened during template parsing (template: "class path resource [templates/admin-index.html]")
org.thymeleaf.exceptions.TemplateInputException: An error happened during template parsing (template: "class path resource [templates/admin-index.html]")
	at org.thymeleaf.templateparser.markup.AbstractMarkupTemplateParser.parse(AbstractMarkupTemplateParser.java:241)
	at org.thymeleaf.templateparser.markup.AbstractMarkupTemplateParser.parseStandalone(AbstractMarkupTemplateParser.java:100)
	at org.thymeleaf.engine.TemplateManager.parseAndProcess(TemplateManager.java:666)
	at org.thymeleaf.TemplateEngine.process(TemplateEngine.java:1103)
	at org.thymeleaf.TemplateEngine.process(TemplateEngine.java:1077)
	at org.thymeleaf.spring6.view.ThymeleafView.renderFragment(ThymeleafView.java:372)
	at org.thymeleaf.spring6.view.ThymeleafView.render(ThymeleafView.java:192)
	at org.springframework.web.servlet.DispatcherServlet.render(DispatcherServlet.java:1415)
	at org.springframework.web.servlet.DispatcherServlet.processDispatchResult(DispatcherServlet.java:1159)
	at org.springframework.web.servlet.DispatcherServlet.doDispatch(DispatcherServlet.java:1098)
	at org.springframework.web.servlet.DispatcherServlet.doService(DispatcherServlet.java:974)
	at org.springframework.web.servlet.FrameworkServlet.processRequest(FrameworkServlet.java:1014)
	at org.springframework.web.servlet.FrameworkServlet.doGet(FrameworkServlet.java:903)
	at jakarta.servlet.http.HttpServlet.service(HttpServlet.java:564)
	at org.springframework.web.servlet.FrameworkServlet.service(FrameworkServlet.java:885)
	at jakarta.servlet.http.HttpServlet.service(HttpServlet.java:658)
	at org.apache.catalina.core.ApplicationFilterChain.internalDoFilter(ApplicationFilterChain.java:206)
	at org.apache.catalina.core.ApplicationFilterChain.doFilter(ApplicationFilterChain.java:150)
	at org.apache.tomcat.websocket.server.WsFilter.doFilter(WsFilter.java:51)
	at org.apache.catalina.core.ApplicationFilterChain.internalDoFilter(ApplicationFilterChain.java:175)
	at org.apache.catalina.core.ApplicationFilterChain.doFilter(ApplicationFilterChain.java:150)
	at org.springframework.web.filter.CompositeFilter$VirtualFilterChain.doFilter(CompositeFilter.java:108)
	at org.springframework.security.web.FilterChainProxy.lambda$doFilterInternal$3(FilterChainProxy.java:231)
	at org.springframework.security.web.FilterChainProxy$VirtualFilterChain.doFilter(FilterChainProxy.java:365)
	at org.springframework.security.web.access.intercept.FilterSecurityInterceptor.invoke(FilterSecurityInterceptor.java:117)
	at org.springframework.security.web.access.intercept.FilterSecurityInterceptor.doFilter(FilterSecurityInterceptor.java:83)
	at org.springframework.security.web.FilterChainProxy$VirtualFilterChain.doFilter(FilterChainProxy.java:374)
	at org.springframework.security.web.access.ExceptionTranslationFilter.doFilter(ExceptionTranslationFilter.java:126)
	at org.springframework.security.web.access.ExceptionTranslationFilter.doFilter(ExceptionTranslationFilter.java:120)
	at org.springframework.security.web.FilterChainProxy$VirtualFilterChain.doFilter(FilterChainProxy.java:374)
	at org.springframework.security.web.authentication.AnonymousAuthenticationFilter.doFilter(AnonymousAuthenticationFilter.java:100)
	at org.springframework.security.web.FilterChainProxy$VirtualFilterChain.doFilter(FilterChainProxy.java:374)
	at org.springframework.security.web.servletapi.SecurityContextHolderAwareRequestFilter.doFilter(SecurityContextHolderAwareRequestFilter.java:179)
	at org.springframework.security.web.FilterChainProxy$VirtualFilterChain.doFilter(FilterChainProxy.java:374)
	at org.springframework.security.web.savedrequest.RequestCacheAwareFilter.doFilter(RequestCacheAwareFilter.java:63)
	at org.springframework.security.web.FilterChainProxy$VirtualFilterChain.doFilter(FilterChainProxy.java:374)
	at org.springframework.security.web.authentication.AbstractAuthenticationProcessingFilter.doFilter(AbstractAuthenticationProcessingFilter.java:227)
	at org.springframework.security.web.authentication.AbstractAuthenticationProcessingFilter.doFilter(AbstractAuthenticationProcessingFilter.java:221)
	at org.springframework.security.web.FilterChainProxy$VirtualFilterChain.doFilter(FilterChainProxy.java:374)
	at org.springframework.security.web.authentication.logout.LogoutFilter.doFilter(LogoutFilter.java:107)
	at org.springframework.security.web.authentication.logout.LogoutFilter.doFilter(LogoutFilter.java:93)
	at org.springframework.security.web.FilterChainProxy$VirtualFilterChain.doFilter(FilterChainProxy.java:374)
	at org.springframework.security.web.header.HeaderWriterFilter.doHeadersAfter(HeaderWriterFilter.java:90)
	at org.springframework.security.web.header.HeaderWriterFilter.doFilterInternal(HeaderWriterFilter.java:75)
	at org.springframework.web.filter.OncePerRequestFilter.doFilter(OncePerRequestFilter.java:116)
	at org.springframework.security.web.FilterChainProxy$VirtualFilterChain.doFilter(FilterChainProxy.java:374)
	at org.springframework.security.web.context.SecurityContextHolderFilter.doFilter(SecurityContextHolderFilter.java:82)
	at org.springframework.security.web.context.SecurityContextHolderFilter.doFilter(SecurityContextHolderFilter.java:69)
	at org.springframework.security.web.FilterChainProxy$VirtualFilterChain.doFilter(FilterChainProxy.java:374)
	at org.springframework.security.web.context.request.async.WebAsyncManagerIntegrationFilter.doFilterInternal(WebAsyncManagerIntegrationFilter.java:62)
	at org.springframework.web.filter.OncePerRequestFilter.doFilter(OncePerRequestFilter.java:116)
	at org.springframework.security.web.FilterChainProxy$VirtualFilterChain.doFilter(FilterChainProxy.java:374)
	at org.springframework.security.web.session.DisableEncodeUrlFilter.doFilterInternal(DisableEncodeUrlFilter.java:42)
	at org.springframework.web.filter.OncePerRequestFilter.doFilter(OncePerRequestFilter.java:116)
	at org.springframework.security.web.FilterChainProxy$VirtualFilterChain.doFilter(FilterChainProxy.java:374)
	at org.springframework.security.web.FilterChainProxy.doFilterInternal(FilterChainProxy.java:233)
	at org.springframework.security.web.FilterChainProxy.doFilter(FilterChainProxy.java:191)
	at org.springframework.web.filter.CompositeFilter$VirtualFilterChain.doFilter(CompositeFilter.java:113)
	at org.springframework.web.servlet.handler.HandlerMappingIntrospector.lambda$createCacheFilter$3(HandlerMappingIntrospector.java:195)
	at org.springframework.web.filter.CompositeFilter$VirtualFilterChain.doFilter(CompositeFilter.java:113)
	at org.springframework.web.filter.CompositeFilter.doFilter(CompositeFilter.java:74)
	at org.springframework.security.config.annotation.web.configuration.WebMvcSecurityConfiguration$CompositeFilterChainProxy.doFilter(WebMvcSecurityConfiguration.java:230)
	at org.springframework.web.filter.DelegatingFilterProxy.invokeDelegate(DelegatingFilterProxy.java:352)
	at org.springframework.web.filter.DelegatingFilterProxy.doFilter(DelegatingFilterProxy.java:268)
	at org.apache.catalina.core.ApplicationFilterChain.internalDoFilter(ApplicationFilterChain.java:175)
	at org.apache.catalina.core.ApplicationFilterChain.doFilter(ApplicationFilterChain.java:150)
	at org.springframework.web.filter.RequestContextFilter.doFilterInternal(RequestContextFilter.java:100)
	at org.springframework.web.filter.OncePerRequestFilter.doFilter(OncePerRequestFilter.java:116)
	at org.apache.catalina.core.ApplicationFilterChain.internalDoFilter(ApplicationFilterChain.java:175)
	at org.apache.catalina.core.ApplicationFilterChain.doFilter(ApplicationFilterChain.java:150)
	at org.springframework.web.filter.FormContentFilter.doFilterInternal(FormContentFilter.java:93)
	at org.springframework.web.filter.OncePerRequestFilter.doFilter(OncePerRequestFilter.java:116)
	at org.apache.catalina.core.ApplicationFilterChain.internalDoFilter(ApplicationFilterChain.java:175)
	at org.apache.catalina.core.ApplicationFilterChain.doFilter(ApplicationFilterChain.java:150)
	at org.springframework.web.filter.CharacterEncodingFilter.doFilterInternal(CharacterEncodingFilter.java:201)
	at org.springframework.web.filter.OncePerRequestFilter.doFilter(OncePerRequestFilter.java:116)
	at org.apache.catalina.core.ApplicationFilterChain.internalDoFilter(ApplicationFilterChain.java:175)
	at org.apache.catalina.core.ApplicationFilterChain.doFilter(ApplicationFilterChain.java:150)
	at org.apache.catalina.core.StandardWrapperValve.invoke(StandardWrapperValve.java:167)
	at org.apache.catalina.core.StandardContextValve.invoke(StandardContextValve.java:90)
	at org.apache.catalina.authenticator.AuthenticatorBase.invoke(AuthenticatorBase.java:482)
	at org.apache.catalina.core.StandardHostValve.invoke(StandardHostValve.java:115)
	at org.apache.catalina.valves.ErrorReportValve.invoke(ErrorReportValve.java:93)
	at org.apache.catalina.core.StandardEngineValve.invoke(StandardEngineValve.java:74)
	at org.apache.catalina.connector.CoyoteAdapter.service(CoyoteAdapter.java:344)
	at org.apache.coyote.http11.Http11Processor.service(Http11Processor.java:391)
	at org.apache.coyote.AbstractProcessorLight.process(AbstractProcessorLight.java:63)
	at org.apache.coyote.AbstractProtocol$ConnectionHandler.process(AbstractProtocol.java:896)
	at org.apache.tomcat.util.net.NioEndpoint$SocketProcessor.doRun(NioEndpoint.java:1736)
	at org.apache.tomcat.util.net.SocketProcessorBase.run(SocketProcessorBase.java:52)
	at org.apache.tomcat.util.threads.ThreadPoolExecutor.runWorker(ThreadPoolExecutor.java:1191)
	at org.apache.tomcat.util.threads.ThreadPoolExecutor$Worker.run(ThreadPoolExecutor.java:659)
	at org.apache.tomcat.util.threads.TaskThread$WrappingRunnable.run(TaskThread.java:63)
	at java.base/java.lang.Thread.run(Thread.java:840)
Caused by: org.attoparser.ParseException: Exception evaluating SpringEL expression: "product.category != null && product.category.id == obj.id" (template: "admin-product-edit.html" - line 46, col 84)
	at org.attoparser.MarkupParser.parseDocument(MarkupParser.java:393)
	at org.attoparser.MarkupParser.parse(MarkupParser.java:257)
	at org.thymeleaf.templateparser.markup.AbstractMarkupTemplateParser.parse(AbstractMarkupTemplateParser.java:230)
	... 93 common frames omitted
Caused by: org.thymeleaf.exceptions.TemplateProcessingException: Exception evaluating SpringEL expression: "product.category != null && product.category.id == obj.id" (template: "admin-product-edit.html" - line 46, col 84)
	at org.thymeleaf.spring6.expression.SPELVariableExpressionEvaluator.evaluate(SPELVariableExpressionEvaluator.java:292)
	at org.thymeleaf.standard.expression.VariableExpression.executeVariableExpression(VariableExpression.java:166)
	at org.thymeleaf.standard.expression.SimpleExpression.executeSimple(SimpleExpression.java:66)
	at org.thymeleaf.standard.expression.Expression.execute(Expression.java:109)
	at org.thymeleaf.standard.expression.Expression.execute(Expression.java:138)
	at org.thymeleaf.standard.processor.AbstractStandardExpressionAttributeTagProcessor.doProcess(AbstractStandardExpressionAttributeTagProcessor.java:144)
	at org.thymeleaf.processor.element.AbstractAttributeTagProcessor.doProcess(AbstractAttributeTagProcessor.java:74)
	at org.thymeleaf.processor.element.AbstractElementTagProcessor.process(AbstractElementTagProcessor.java:95)
	at org.thymeleaf.util.ProcessorConfigurationUtils$ElementTagProcessorWrapper.process(ProcessorConfigurationUtils.java:633)
	at org.thymeleaf.engine.ProcessorTemplateHandler.handleOpenElement(ProcessorTemplateHandler.java:1314)
	at org.thymeleaf.engine.OpenElementTag.beHandled(OpenElementTag.java:205)
	at org.thymeleaf.engine.Model.process(Model.java:282)
	at org.thymeleaf.engine.Model.process(Model.java:290)
	at org.thymeleaf.engine.IteratedGatheringModelProcessable.processIterationModel(IteratedGatheringModelProcessable.java:368)
	at org.thymeleaf.engine.IteratedGatheringModelProcessable.process(IteratedGatheringModelProcessable.java:222)
	at org.thymeleaf.engine.ProcessorTemplateHandler.handleCloseElement(ProcessorTemplateHandler.java:1640)
	at org.thymeleaf.engine.CloseElementTag.beHandled(CloseElementTag.java:139)
	at org.thymeleaf.engine.Model.process(Model.java:282)
	at org.thymeleaf.engine.ProcessorTemplateHandler.handleOpenElement(ProcessorTemplateHandler.java:1587)
	at org.thymeleaf.engine.TemplateHandlerAdapterMarkupHandler.handleOpenElementEnd(TemplateHandlerAdapterMarkupHandler.java:304)
	at org.thymeleaf.templateparser.markup.InlinedOutputExpressionMarkupHandler$InlineMarkupAdapterPreProcessorHandler.handleOpenElementEnd(InlinedOutputExpressionMarkupHandler.java:278)
	at org.thymeleaf.standard.inline.OutputExpressionInlinePreProcessorHandler.handleOpenElementEnd(OutputExpressionInlinePreProcessorHandler.java:186)
	at org.thymeleaf.templateparser.markup.InlinedOutputExpressionMarkupHandler.handleOpenElementEnd(InlinedOutputExpressionMarkupHandler.java:124)
	at org.attoparser.HtmlElement.handleOpenElementEnd(HtmlElement.java:109)
	at org.attoparser.HtmlMarkupHandler.handleOpenElementEnd(HtmlMarkupHandler.java:297)
	at org.attoparser.MarkupEventProcessorHandler.handleOpenElementEnd(MarkupEventProcessorHandler.java:402)
	at org.attoparser.ParsingElementMarkupUtil.parseOpenElement(ParsingElementMarkupUtil.java:159)
	at org.attoparser.MarkupParser.parseBuffer(MarkupParser.java:710)
	at org.attoparser.MarkupParser.parseDocument(MarkupParser.java:301)
	... 95 common frames omitted
Caused by: org.springframework.expression.spel.SpelEvaluationException: EL1008E: Property or field 'id' cannot be found on object of type 'com.tn.entity.Category' - maybe not public or not valid?
	at org.springframework.expression.spel.ast.PropertyOrFieldReference.readProperty(PropertyOrFieldReference.java:228)
	at org.springframework.expression.spel.ast.PropertyOrFieldReference.getValueInternal(PropertyOrFieldReference.java:111)
	at org.springframework.expression.spel.ast.PropertyOrFieldReference$AccessorLValue.getValue(PropertyOrFieldReference.java:416)
	at org.springframework.expression.spel.ast.CompoundExpression.getValueInternal(CompoundExpression.java:98)
	at org.springframework.expression.spel.ast.OpEQ.getValueInternal(OpEQ.java:42)
	at org.springframework.expression.spel.ast.OpEQ.getValueInternal(OpEQ.java:32)
	at org.springframework.expression.spel.ast.SpelNodeImpl.getValue(SpelNodeImpl.java:212)
	at org.springframework.expression.spel.ast.OpAnd.getBooleanValue(OpAnd.java:57)
	at org.springframework.expression.spel.ast.OpAnd.getValueInternal(OpAnd.java:52)
	at org.springframework.expression.spel.ast.SpelNodeImpl.getValue(SpelNodeImpl.java:114)
	at org.springframework.expression.spel.standard.SpelExpression.getValue(SpelExpression.java:338)
	at org.thymeleaf.spring6.expression.SPELVariableExpressionEvaluator.evaluate(SPELVariableExpressionEvaluator.java:265)
	... 123 common frames omitted
2025-05-07 04:56:13,358 ERROR org.apache.catalina.core.ContainerBase.[Tomcat].[localhost].[/].[dispatcherServlet] [http-nio-8080-exec-1] Servlet.service() for servlet [dispatcherServlet] in context with path [] threw exception [Request processing failed: org.thymeleaf.exceptions.TemplateInputException: An error happened during template parsing (template: "class path resource [templates/admin-index.html]")] with root cause
org.springframework.expression.spel.SpelEvaluationException: EL1008E: Property or field 'id' cannot be found on object of type 'com.tn.entity.Category' - maybe not public or not valid?
	at org.springframework.expression.spel.ast.PropertyOrFieldReference.readProperty(PropertyOrFieldReference.java:228)
	at org.springframework.expression.spel.ast.PropertyOrFieldReference.getValueInternal(PropertyOrFieldReference.java:111)
	at org.springframework.expression.spel.ast.PropertyOrFieldReference$AccessorLValue.getValue(PropertyOrFieldReference.java:416)
	at org.springframework.expression.spel.ast.CompoundExpression.getValueInternal(CompoundExpression.java:98)
	at org.springframework.expression.spel.ast.OpEQ.getValueInternal(OpEQ.java:42)
	at org.springframework.expression.spel.ast.OpEQ.getValueInternal(OpEQ.java:32)
	at org.springframework.expression.spel.ast.SpelNodeImpl.getValue(SpelNodeImpl.java:212)
	at org.springframework.expression.spel.ast.OpAnd.getBooleanValue(OpAnd.java:57)
	at org.springframework.expression.spel.ast.OpAnd.getValueInternal(OpAnd.java:52)
	at org.springframework.expression.spel.ast.SpelNodeImpl.getValue(SpelNodeImpl.java:114)
	at org.springframework.expression.spel.standard.SpelExpression.getValue(SpelExpression.java:338)
	at org.thymeleaf.spring6.expression.SPELVariableExpressionEvaluator.evaluate(SPELVariableExpressionEvaluator.java:265)
	at org.thymeleaf.standard.expression.VariableExpression.executeVariableExpression(VariableExpression.java:166)
	at org.thymeleaf.standard.expression.SimpleExpression.executeSimple(SimpleExpression.java:66)
	at org.thymeleaf.standard.expression.Expression.execute(Expression.java:109)
	at org.thymeleaf.standard.expression.Expression.execute(Expression.java:138)
	at org.thymeleaf.standard.processor.AbstractStandardExpressionAttributeTagProcessor.doProcess(AbstractStandardExpressionAttributeTagProcessor.java:144)
	at org.thymeleaf.processor.element.AbstractAttributeTagProcessor.doProcess(AbstractAttributeTagProcessor.java:74)
	at org.thymeleaf.processor.element.AbstractElementTagProcessor.process(AbstractElementTagProcessor.java:95)
	at org.thymeleaf.util.ProcessorConfigurationUtils$ElementTagProcessorWrapper.process(ProcessorConfigurationUtils.java:633)
	at org.thymeleaf.engine.ProcessorTemplateHandler.handleOpenElement(ProcessorTemplateHandler.java:1314)
	at org.thymeleaf.engine.OpenElementTag.beHandled(OpenElementTag.java:205)
	at org.thymeleaf.engine.Model.process(Model.java:282)
	at org.thymeleaf.engine.Model.process(Model.java:290)
	at org.thymeleaf.engine.IteratedGatheringModelProcessable.processIterationModel(IteratedGatheringModelProcessable.java:368)
	at org.thymeleaf.engine.IteratedGatheringModelProcessable.process(IteratedGatheringModelProcessable.java:222)
	at org.thymeleaf.engine.ProcessorTemplateHandler.handleCloseElement(ProcessorTemplateHandler.java:1640)
	at org.thymeleaf.engine.CloseElementTag.beHandled(CloseElementTag.java:139)
	at org.thymeleaf.engine.Model.process(Model.java:282)
	at org.thymeleaf.engine.ProcessorTemplateHandler.handleOpenElement(ProcessorTemplateHandler.java:1587)
	at org.thymeleaf.engine.TemplateHandlerAdapterMarkupHandler.handleOpenElementEnd(TemplateHandlerAdapterMarkupHandler.java:304)
	at org.thymeleaf.templateparser.markup.InlinedOutputExpressionMarkupHandler$InlineMarkupAdapterPreProcessorHandler.handleOpenElementEnd(InlinedOutputExpressionMarkupHandler.java:278)
	at org.thymeleaf.standard.inline.OutputExpressionInlinePreProcessorHandler.handleOpenElementEnd(OutputExpressionInlinePreProcessorHandler.java:186)
	at org.thymeleaf.templateparser.markup.InlinedOutputExpressionMarkupHandler.handleOpenElementEnd(InlinedOutputExpressionMarkupHandler.java:124)
	at org.attoparser.HtmlElement.handleOpenElementEnd(HtmlElement.java:109)
	at org.attoparser.HtmlMarkupHandler.handleOpenElementEnd(HtmlMarkupHandler.java:297)
	at org.attoparser.MarkupEventProcessorHandler.handleOpenElementEnd(MarkupEventProcessorHandler.java:402)
	at org.attoparser.ParsingElementMarkupUtil.parseOpenElement(ParsingElementMarkupUtil.java:159)
	at org.attoparser.MarkupParser.parseBuffer(MarkupParser.java:710)
	at org.attoparser.MarkupParser.parseDocument(MarkupParser.java:301)
	at org.attoparser.MarkupParser.parse(MarkupParser.java:257)
	at org.thymeleaf.templateparser.markup.AbstractMarkupTemplateParser.parse(AbstractMarkupTemplateParser.java:230)
	at org.thymeleaf.templateparser.markup.AbstractMarkupTemplateParser.parseStandalone(AbstractMarkupTemplateParser.java:100)
	at org.thymeleaf.engine.TemplateManager.parseAndProcess(TemplateManager.java:666)
	at org.thymeleaf.TemplateEngine.process(TemplateEngine.java:1103)
	at org.thymeleaf.TemplateEngine.process(TemplateEngine.java:1077)
	at org.thymeleaf.spring6.view.ThymeleafView.renderFragment(ThymeleafView.java:372)
	at org.thymeleaf.spring6.view.ThymeleafView.render(ThymeleafView.java:192)
	at org.springframework.web.servlet.DispatcherServlet.render(DispatcherServlet.java:1415)
	at org.springframework.web.servlet.DispatcherServlet.processDispatchResult(DispatcherServlet.java:1159)
	at org.springframework.web.servlet.DispatcherServlet.doDispatch(DispatcherServlet.java:1098)
	at org.springframework.web.servlet.DispatcherServlet.doService(DispatcherServlet.java:974)
	at org.springframework.web.servlet.FrameworkServlet.processRequest(FrameworkServlet.java:1014)
	at org.springframework.web.servlet.FrameworkServlet.doGet(FrameworkServlet.java:903)
	at jakarta.servlet.http.HttpServlet.service(HttpServlet.java:564)
	at org.springframework.web.servlet.FrameworkServlet.service(FrameworkServlet.java:885)
	at jakarta.servlet.http.HttpServlet.service(HttpServlet.java:658)
	at org.apache.catalina.core.ApplicationFilterChain.internalDoFilter(ApplicationFilterChain.java:206)
	at org.apache.catalina.core.ApplicationFilterChain.doFilter(ApplicationFilterChain.java:150)
	at org.apache.tomcat.websocket.server.WsFilter.doFilter(WsFilter.java:51)
	at org.apache.catalina.core.ApplicationFilterChain.internalDoFilter(ApplicationFilterChain.java:175)
	at org.apache.catalina.core.ApplicationFilterChain.doFilter(ApplicationFilterChain.java:150)
	at org.springframework.web.filter.CompositeFilter$VirtualFilterChain.doFilter(CompositeFilter.java:108)
	at org.springframework.security.web.FilterChainProxy.lambda$doFilterInternal$3(FilterChainProxy.java:231)
	at org.springframework.security.web.FilterChainProxy$VirtualFilterChain.doFilter(FilterChainProxy.java:365)
	at org.springframework.security.web.access.intercept.FilterSecurityInterceptor.invoke(FilterSecurityInterceptor.java:117)
	at org.springframework.security.web.access.intercept.FilterSecurityInterceptor.doFilter(FilterSecurityInterceptor.java:83)
	at org.springframework.security.web.FilterChainProxy$VirtualFilterChain.doFilter(FilterChainProxy.java:374)
	at org.springframework.security.web.access.ExceptionTranslationFilter.doFilter(ExceptionTranslationFilter.java:126)
	at org.springframework.security.web.access.ExceptionTranslationFilter.doFilter(ExceptionTranslationFilter.java:120)
	at org.springframework.security.web.FilterChainProxy$VirtualFilterChain.doFilter(FilterChainProxy.java:374)
	at org.springframework.security.web.authentication.AnonymousAuthenticationFilter.doFilter(AnonymousAuthenticationFilter.java:100)
	at org.springframework.security.web.FilterChainProxy$VirtualFilterChain.doFilter(FilterChainProxy.java:374)
	at org.springframework.security.web.servletapi.SecurityContextHolderAwareRequestFilter.doFilter(SecurityContextHolderAwareRequestFilter.java:179)
	at org.springframework.security.web.FilterChainProxy$VirtualFilterChain.doFilter(FilterChainProxy.java:374)
	at org.springframework.security.web.savedrequest.RequestCacheAwareFilter.doFilter(RequestCacheAwareFilter.java:63)
	at org.springframework.security.web.FilterChainProxy$VirtualFilterChain.doFilter(FilterChainProxy.java:374)
	at org.springframework.security.web.authentication.AbstractAuthenticationProcessingFilter.doFilter(AbstractAuthenticationProcessingFilter.java:227)
	at org.springframework.security.web.authentication.AbstractAuthenticationProcessingFilter.doFilter(AbstractAuthenticationProcessingFilter.java:221)
	at org.springframework.security.web.FilterChainProxy$VirtualFilterChain.doFilter(FilterChainProxy.java:374)
	at org.springframework.security.web.authentication.logout.LogoutFilter.doFilter(LogoutFilter.java:107)
	at org.springframework.security.web.authentication.logout.LogoutFilter.doFilter(LogoutFilter.java:93)
	at org.springframework.security.web.FilterChainProxy$VirtualFilterChain.doFilter(FilterChainProxy.java:374)
	at org.springframework.security.web.header.HeaderWriterFilter.doHeadersAfter(HeaderWriterFilter.java:90)
	at org.springframework.security.web.header.HeaderWriterFilter.doFilterInternal(HeaderWriterFilter.java:75)
	at org.springframework.web.filter.OncePerRequestFilter.doFilter(OncePerRequestFilter.java:116)
	at org.springframework.security.web.FilterChainProxy$VirtualFilterChain.doFilter(FilterChainProxy.java:374)
	at org.springframework.security.web.context.SecurityContextHolderFilter.doFilter(SecurityContextHolderFilter.java:82)
	at org.springframework.security.web.context.SecurityContextHolderFilter.doFilter(SecurityContextHolderFilter.java:69)
	at org.springframework.security.web.FilterChainProxy$VirtualFilterChain.doFilter(FilterChainProxy.java:374)
	at org.springframework.security.web.context.request.async.WebAsyncManagerIntegrationFilter.doFilterInternal(WebAsyncManagerIntegrationFilter.java:62)
	at org.springframework.web.filter.OncePerRequestFilter.doFilter(OncePerRequestFilter.java:116)
	at org.springframework.security.web.FilterChainProxy$VirtualFilterChain.doFilter(FilterChainProxy.java:374)
	at org.springframework.security.web.session.DisableEncodeUrlFilter.doFilterInternal(DisableEncodeUrlFilter.java:42)
	at org.springframework.web.filter.OncePerRequestFilter.doFilter(OncePerRequestFilter.java:116)
	at org.springframework.security.web.FilterChainProxy$VirtualFilterChain.doFilter(FilterChainProxy.java:374)
	at org.springframework.security.web.FilterChainProxy.doFilterInternal(FilterChainProxy.java:233)
	at org.springframework.security.web.FilterChainProxy.doFilter(FilterChainProxy.java:191)
	at org.springframework.web.filter.CompositeFilter$VirtualFilterChain.doFilter(CompositeFilter.java:113)
	at org.springframework.web.servlet.handler.HandlerMappingIntrospector.lambda$createCacheFilter$3(HandlerMappingIntrospector.java:195)
	at org.springframework.web.filter.CompositeFilter$VirtualFilterChain.doFilter(CompositeFilter.java:113)
	at org.springframework.web.filter.CompositeFilter.doFilter(CompositeFilter.java:74)
	at org.springframework.security.config.annotation.web.configuration.WebMvcSecurityConfiguration$CompositeFilterChainProxy.doFilter(WebMvcSecurityConfiguration.java:230)
	at org.springframework.web.filter.DelegatingFilterProxy.invokeDelegate(DelegatingFilterProxy.java:352)
	at org.springframework.web.filter.DelegatingFilterProxy.doFilter(DelegatingFilterProxy.java:268)
	at org.apache.catalina.core.ApplicationFilterChain.internalDoFilter(ApplicationFilterChain.java:175)
	at org.apache.catalina.core.ApplicationFilterChain.doFilter(ApplicationFilterChain.java:150)
	at org.springframework.web.filter.RequestContextFilter.doFilterInternal(RequestContextFilter.java:100)
	at org.springframework.web.filter.OncePerRequestFilter.doFilter(OncePerRequestFilter.java:116)
	at org.apache.catalina.core.ApplicationFilterChain.internalDoFilter(ApplicationFilterChain.java:175)
	at org.apache.catalina.core.ApplicationFilterChain.doFilter(ApplicationFilterChain.java:150)
	at org.springframework.web.filter.FormContentFilter.doFilterInternal(FormContentFilter.java:93)
	at org.springframework.web.filter.OncePerRequestFilter.doFilter(OncePerRequestFilter.java:116)
	at org.apache.catalina.core.ApplicationFilterChain.internalDoFilter(ApplicationFilterChain.java:175)
	at org.apache.catalina.core.ApplicationFilterChain.doFilter(ApplicationFilterChain.java:150)
	at org.springframework.web.filter.CharacterEncodingFilter.doFilterInternal(CharacterEncodingFilter.java:201)
	at org.springframework.web.filter.OncePerRequestFilter.doFilter(OncePerRequestFilter.java:116)
	at org.apache.catalina.core.ApplicationFilterChain.internalDoFilter(ApplicationFilterChain.java:175)
	at org.apache.catalina.core.ApplicationFilterChain.doFilter(ApplicationFilterChain.java:150)
	at org.apache.catalina.core.StandardWrapperValve.invoke(StandardWrapperValve.java:167)
	at org.apache.catalina.core.StandardContextValve.invoke(StandardContextValve.java:90)
	at org.apache.catalina.authenticator.AuthenticatorBase.invoke(AuthenticatorBase.java:482)
	at org.apache.catalina.core.StandardHostValve.invoke(StandardHostValve.java:115)
	at org.apache.catalina.valves.ErrorReportValve.invoke(ErrorReportValve.java:93)
	at org.apache.catalina.core.StandardEngineValve.invoke(StandardEngineValve.java:74)
	at org.apache.catalina.connector.CoyoteAdapter.service(CoyoteAdapter.java:344)
	at org.apache.coyote.http11.Http11Processor.service(Http11Processor.java:391)
	at org.apache.coyote.AbstractProcessorLight.process(AbstractProcessorLight.java:63)
	at org.apache.coyote.AbstractProtocol$ConnectionHandler.process(AbstractProtocol.java:896)
	at org.apache.tomcat.util.net.NioEndpoint$SocketProcessor.doRun(NioEndpoint.java:1736)
	at org.apache.tomcat.util.net.SocketProcessorBase.run(SocketProcessorBase.java:52)
	at org.apache.tomcat.util.threads.ThreadPoolExecutor.runWorker(ThreadPoolExecutor.java:1191)
	at org.apache.tomcat.util.threads.ThreadPoolExecutor$Worker.run(ThreadPoolExecutor.java:659)
	at org.apache.tomcat.util.threads.TaskThread$WrappingRunnable.run(TaskThread.java:63)
	at java.base/java.lang.Thread.run(Thread.java:840)
2025-05-07 04:56:16,475 WARN org.thymeleaf.standard.processor.AbstractStandardFragmentInsertionTagProcessor [http-nio-8080-exec-2] [THYMELEAF][http-nio-8080-exec-2][admin-index] Deprecated unwrapped fragment expression "admin-product-edit.html::AdminProductEdit" found in template admin-index, line 45, col 10. Please use the complete syntax of fragment expressions instead ("~{admin-product-edit.html::AdminProductEdit}"). The old, unwrapped syntax for fragment expressions will be removed in future versions of Thymeleaf.
2025-05-07 04:56:16,480 ERROR org.thymeleaf.TemplateEngine [http-nio-8080-exec-2] [THYMELEAF][http-nio-8080-exec-2] Exception processing template "admin-index": An error happened during template parsing (template: "class path resource [templates/admin-index.html]")
org.thymeleaf.exceptions.TemplateInputException: An error happened during template parsing (template: "class path resource [templates/admin-index.html]")
	at org.thymeleaf.templateparser.markup.AbstractMarkupTemplateParser.parse(AbstractMarkupTemplateParser.java:241)
	at org.thymeleaf.templateparser.markup.AbstractMarkupTemplateParser.parseStandalone(AbstractMarkupTemplateParser.java:100)
	at org.thymeleaf.engine.TemplateManager.parseAndProcess(TemplateManager.java:666)
	at org.thymeleaf.TemplateEngine.process(TemplateEngine.java:1103)
	at org.thymeleaf.TemplateEngine.process(TemplateEngine.java:1077)
	at org.thymeleaf.spring6.view.ThymeleafView.renderFragment(ThymeleafView.java:372)
	at org.thymeleaf.spring6.view.ThymeleafView.render(ThymeleafView.java:192)
	at org.springframework.web.servlet.DispatcherServlet.render(DispatcherServlet.java:1415)
	at org.springframework.web.servlet.DispatcherServlet.processDispatchResult(DispatcherServlet.java:1159)
	at org.springframework.web.servlet.DispatcherServlet.doDispatch(DispatcherServlet.java:1098)
	at org.springframework.web.servlet.DispatcherServlet.doService(DispatcherServlet.java:974)
	at org.springframework.web.servlet.FrameworkServlet.processRequest(FrameworkServlet.java:1014)
	at org.springframework.web.servlet.FrameworkServlet.doGet(FrameworkServlet.java:903)
	at jakarta.servlet.http.HttpServlet.service(HttpServlet.java:564)
	at org.springframework.web.servlet.FrameworkServlet.service(FrameworkServlet.java:885)
	at jakarta.servlet.http.HttpServlet.service(HttpServlet.java:658)
	at org.apache.catalina.core.ApplicationFilterChain.internalDoFilter(ApplicationFilterChain.java:206)
	at org.apache.catalina.core.ApplicationFilterChain.doFilter(ApplicationFilterChain.java:150)
	at org.apache.tomcat.websocket.server.WsFilter.doFilter(WsFilter.java:51)
	at org.apache.catalina.core.ApplicationFilterChain.internalDoFilter(ApplicationFilterChain.java:175)
	at org.apache.catalina.core.ApplicationFilterChain.doFilter(ApplicationFilterChain.java:150)
	at org.springframework.web.filter.CompositeFilter$VirtualFilterChain.doFilter(CompositeFilter.java:108)
	at org.springframework.security.web.FilterChainProxy.lambda$doFilterInternal$3(FilterChainProxy.java:231)
	at org.springframework.security.web.FilterChainProxy$VirtualFilterChain.doFilter(FilterChainProxy.java:365)
	at org.springframework.security.web.access.intercept.FilterSecurityInterceptor.invoke(FilterSecurityInterceptor.java:117)
	at org.springframework.security.web.access.intercept.FilterSecurityInterceptor.doFilter(FilterSecurityInterceptor.java:83)
	at org.springframework.security.web.FilterChainProxy$VirtualFilterChain.doFilter(FilterChainProxy.java:374)
	at org.springframework.security.web.access.ExceptionTranslationFilter.doFilter(ExceptionTranslationFilter.java:126)
	at org.springframework.security.web.access.ExceptionTranslationFilter.doFilter(ExceptionTranslationFilter.java:120)
	at org.springframework.security.web.FilterChainProxy$VirtualFilterChain.doFilter(FilterChainProxy.java:374)
	at org.springframework.security.web.authentication.AnonymousAuthenticationFilter.doFilter(AnonymousAuthenticationFilter.java:100)
	at org.springframework.security.web.FilterChainProxy$VirtualFilterChain.doFilter(FilterChainProxy.java:374)
	at org.springframework.security.web.servletapi.SecurityContextHolderAwareRequestFilter.doFilter(SecurityContextHolderAwareRequestFilter.java:179)
	at org.springframework.security.web.FilterChainProxy$VirtualFilterChain.doFilter(FilterChainProxy.java:374)
	at org.springframework.security.web.savedrequest.RequestCacheAwareFilter.doFilter(RequestCacheAwareFilter.java:63)
	at org.springframework.security.web.FilterChainProxy$VirtualFilterChain.doFilter(FilterChainProxy.java:374)
	at org.springframework.security.web.authentication.AbstractAuthenticationProcessingFilter.doFilter(AbstractAuthenticationProcessingFilter.java:227)
	at org.springframework.security.web.authentication.AbstractAuthenticationProcessingFilter.doFilter(AbstractAuthenticationProcessingFilter.java:221)
	at org.springframework.security.web.FilterChainProxy$VirtualFilterChain.doFilter(FilterChainProxy.java:374)
	at org.springframework.security.web.authentication.logout.LogoutFilter.doFilter(LogoutFilter.java:107)
	at org.springframework.security.web.authentication.logout.LogoutFilter.doFilter(LogoutFilter.java:93)
	at org.springframework.security.web.FilterChainProxy$VirtualFilterChain.doFilter(FilterChainProxy.java:374)
	at org.springframework.security.web.header.HeaderWriterFilter.doHeadersAfter(HeaderWriterFilter.java:90)
	at org.springframework.security.web.header.HeaderWriterFilter.doFilterInternal(HeaderWriterFilter.java:75)
	at org.springframework.web.filter.OncePerRequestFilter.doFilter(OncePerRequestFilter.java:116)
	at org.springframework.security.web.FilterChainProxy$VirtualFilterChain.doFilter(FilterChainProxy.java:374)
	at org.springframework.security.web.context.SecurityContextHolderFilter.doFilter(SecurityContextHolderFilter.java:82)
	at org.springframework.security.web.context.SecurityContextHolderFilter.doFilter(SecurityContextHolderFilter.java:69)
	at org.springframework.security.web.FilterChainProxy$VirtualFilterChain.doFilter(FilterChainProxy.java:374)
	at org.springframework.security.web.context.request.async.WebAsyncManagerIntegrationFilter.doFilterInternal(WebAsyncManagerIntegrationFilter.java:62)
	at org.springframework.web.filter.OncePerRequestFilter.doFilter(OncePerRequestFilter.java:116)
	at org.springframework.security.web.FilterChainProxy$VirtualFilterChain.doFilter(FilterChainProxy.java:374)
	at org.springframework.security.web.session.DisableEncodeUrlFilter.doFilterInternal(DisableEncodeUrlFilter.java:42)
	at org.springframework.web.filter.OncePerRequestFilter.doFilter(OncePerRequestFilter.java:116)
	at org.springframework.security.web.FilterChainProxy$VirtualFilterChain.doFilter(FilterChainProxy.java:374)
	at org.springframework.security.web.FilterChainProxy.doFilterInternal(FilterChainProxy.java:233)
	at org.springframework.security.web.FilterChainProxy.doFilter(FilterChainProxy.java:191)
	at org.springframework.web.filter.CompositeFilter$VirtualFilterChain.doFilter(CompositeFilter.java:113)
	at org.springframework.web.servlet.handler.HandlerMappingIntrospector.lambda$createCacheFilter$3(HandlerMappingIntrospector.java:195)
	at org.springframework.web.filter.CompositeFilter$VirtualFilterChain.doFilter(CompositeFilter.java:113)
	at org.springframework.web.filter.CompositeFilter.doFilter(CompositeFilter.java:74)
	at org.springframework.security.config.annotation.web.configuration.WebMvcSecurityConfiguration$CompositeFilterChainProxy.doFilter(WebMvcSecurityConfiguration.java:230)
	at org.springframework.web.filter.DelegatingFilterProxy.invokeDelegate(DelegatingFilterProxy.java:352)
	at org.springframework.web.filter.DelegatingFilterProxy.doFilter(DelegatingFilterProxy.java:268)
	at org.apache.catalina.core.ApplicationFilterChain.internalDoFilter(ApplicationFilterChain.java:175)
	at org.apache.catalina.core.ApplicationFilterChain.doFilter(ApplicationFilterChain.java:150)
	at org.springframework.web.filter.RequestContextFilter.doFilterInternal(RequestContextFilter.java:100)
	at org.springframework.web.filter.OncePerRequestFilter.doFilter(OncePerRequestFilter.java:116)
	at org.apache.catalina.core.ApplicationFilterChain.internalDoFilter(ApplicationFilterChain.java:175)
	at org.apache.catalina.core.ApplicationFilterChain.doFilter(ApplicationFilterChain.java:150)
	at org.springframework.web.filter.FormContentFilter.doFilterInternal(FormContentFilter.java:93)
	at org.springframework.web.filter.OncePerRequestFilter.doFilter(OncePerRequestFilter.java:116)
	at org.apache.catalina.core.ApplicationFilterChain.internalDoFilter(ApplicationFilterChain.java:175)
	at org.apache.catalina.core.ApplicationFilterChain.doFilter(ApplicationFilterChain.java:150)
	at org.springframework.web.filter.CharacterEncodingFilter.doFilterInternal(CharacterEncodingFilter.java:201)
	at org.springframework.web.filter.OncePerRequestFilter.doFilter(OncePerRequestFilter.java:116)
	at org.apache.catalina.core.ApplicationFilterChain.internalDoFilter(ApplicationFilterChain.java:175)
	at org.apache.catalina.core.ApplicationFilterChain.doFilter(ApplicationFilterChain.java:150)
	at org.apache.catalina.core.StandardWrapperValve.invoke(StandardWrapperValve.java:167)
	at org.apache.catalina.core.StandardContextValve.invoke(StandardContextValve.java:90)
	at org.apache.catalina.authenticator.AuthenticatorBase.invoke(AuthenticatorBase.java:482)
	at org.apache.catalina.core.StandardHostValve.invoke(StandardHostValve.java:115)
	at org.apache.catalina.valves.ErrorReportValve.invoke(ErrorReportValve.java:93)
	at org.apache.catalina.core.StandardEngineValve.invoke(StandardEngineValve.java:74)
	at org.apache.catalina.connector.CoyoteAdapter.service(CoyoteAdapter.java:344)
	at org.apache.coyote.http11.Http11Processor.service(Http11Processor.java:391)
	at org.apache.coyote.AbstractProcessorLight.process(AbstractProcessorLight.java:63)
	at org.apache.coyote.AbstractProtocol$ConnectionHandler.process(AbstractProtocol.java:896)
	at org.apache.tomcat.util.net.NioEndpoint$SocketProcessor.doRun(NioEndpoint.java:1736)
	at org.apache.tomcat.util.net.SocketProcessorBase.run(SocketProcessorBase.java:52)
	at org.apache.tomcat.util.threads.ThreadPoolExecutor.runWorker(ThreadPoolExecutor.java:1191)
	at org.apache.tomcat.util.threads.ThreadPoolExecutor$Worker.run(ThreadPoolExecutor.java:659)
	at org.apache.tomcat.util.threads.TaskThread$WrappingRunnable.run(TaskThread.java:63)
	at java.base/java.lang.Thread.run(Thread.java:840)
Caused by: org.attoparser.ParseException: Exception evaluating SpringEL expression: "product.category != null && product.category.id == obj.id" (template: "admin-product-edit.html" - line 46, col 84)
	at org.attoparser.MarkupParser.parseDocument(MarkupParser.java:393)
	at org.attoparser.MarkupParser.parse(MarkupParser.java:257)
	at org.thymeleaf.templateparser.markup.AbstractMarkupTemplateParser.parse(AbstractMarkupTemplateParser.java:230)
	... 93 common frames omitted
Caused by: org.thymeleaf.exceptions.TemplateProcessingException: Exception evaluating SpringEL expression: "product.category != null && product.category.id == obj.id" (template: "admin-product-edit.html" - line 46, col 84)
	at org.thymeleaf.spring6.expression.SPELVariableExpressionEvaluator.evaluate(SPELVariableExpressionEvaluator.java:292)
	at org.thymeleaf.standard.expression.VariableExpression.executeVariableExpression(VariableExpression.java:166)
	at org.thymeleaf.standard.expression.SimpleExpression.executeSimple(SimpleExpression.java:66)
	at org.thymeleaf.standard.expression.Expression.execute(Expression.java:109)
	at org.thymeleaf.standard.expression.Expression.execute(Expression.java:138)
	at org.thymeleaf.standard.processor.AbstractStandardExpressionAttributeTagProcessor.doProcess(AbstractStandardExpressionAttributeTagProcessor.java:144)
	at org.thymeleaf.processor.element.AbstractAttributeTagProcessor.doProcess(AbstractAttributeTagProcessor.java:74)
	at org.thymeleaf.processor.element.AbstractElementTagProcessor.process(AbstractElementTagProcessor.java:95)
	at org.thymeleaf.util.ProcessorConfigurationUtils$ElementTagProcessorWrapper.process(ProcessorConfigurationUtils.java:633)
	at org.thymeleaf.engine.ProcessorTemplateHandler.handleOpenElement(ProcessorTemplateHandler.java:1314)
	at org.thymeleaf.engine.OpenElementTag.beHandled(OpenElementTag.java:205)
	at org.thymeleaf.engine.Model.process(Model.java:282)
	at org.thymeleaf.engine.Model.process(Model.java:290)
	at org.thymeleaf.engine.IteratedGatheringModelProcessable.processIterationModel(IteratedGatheringModelProcessable.java:368)
	at org.thymeleaf.engine.IteratedGatheringModelProcessable.process(IteratedGatheringModelProcessable.java:222)
	at org.thymeleaf.engine.ProcessorTemplateHandler.handleCloseElement(ProcessorTemplateHandler.java:1640)
	at org.thymeleaf.engine.CloseElementTag.beHandled(CloseElementTag.java:139)
	at org.thymeleaf.engine.Model.process(Model.java:282)
	at org.thymeleaf.engine.ProcessorTemplateHandler.handleOpenElement(ProcessorTemplateHandler.java:1587)
	at org.thymeleaf.engine.TemplateHandlerAdapterMarkupHandler.handleOpenElementEnd(TemplateHandlerAdapterMarkupHandler.java:304)
	at org.thymeleaf.templateparser.markup.InlinedOutputExpressionMarkupHandler$InlineMarkupAdapterPreProcessorHandler.handleOpenElementEnd(InlinedOutputExpressionMarkupHandler.java:278)
	at org.thymeleaf.standard.inline.OutputExpressionInlinePreProcessorHandler.handleOpenElementEnd(OutputExpressionInlinePreProcessorHandler.java:186)
	at org.thymeleaf.templateparser.markup.InlinedOutputExpressionMarkupHandler.handleOpenElementEnd(InlinedOutputExpressionMarkupHandler.java:124)
	at org.attoparser.HtmlElement.handleOpenElementEnd(HtmlElement.java:109)
	at org.attoparser.HtmlMarkupHandler.handleOpenElementEnd(HtmlMarkupHandler.java:297)
	at org.attoparser.MarkupEventProcessorHandler.handleOpenElementEnd(MarkupEventProcessorHandler.java:402)
	at org.attoparser.ParsingElementMarkupUtil.parseOpenElement(ParsingElementMarkupUtil.java:159)
	at org.attoparser.MarkupParser.parseBuffer(MarkupParser.java:710)
	at org.attoparser.MarkupParser.parseDocument(MarkupParser.java:301)
	... 95 common frames omitted
Caused by: org.springframework.expression.spel.SpelEvaluationException: EL1008E: Property or field 'id' cannot be found on object of type 'com.tn.entity.Category' - maybe not public or not valid?
	at org.springframework.expression.spel.ast.PropertyOrFieldReference.readProperty(PropertyOrFieldReference.java:228)
	at org.springframework.expression.spel.ast.PropertyOrFieldReference.getValueInternal(PropertyOrFieldReference.java:111)
	at org.springframework.expression.spel.ast.PropertyOrFieldReference$AccessorLValue.getValue(PropertyOrFieldReference.java:416)
	at org.springframework.expression.spel.ast.CompoundExpression.getValueInternal(CompoundExpression.java:98)
	at org.springframework.expression.spel.ast.OpEQ.getValueInternal(OpEQ.java:42)
	at org.springframework.expression.spel.ast.OpEQ.getValueInternal(OpEQ.java:32)
	at org.springframework.expression.spel.ast.SpelNodeImpl.getValue(SpelNodeImpl.java:212)
	at org.springframework.expression.spel.ast.OpAnd.getBooleanValue(OpAnd.java:57)
	at org.springframework.expression.spel.ast.OpAnd.getValueInternal(OpAnd.java:52)
	at org.springframework.expression.spel.ast.SpelNodeImpl.getValue(SpelNodeImpl.java:114)
	at org.springframework.expression.spel.standard.SpelExpression.getValue(SpelExpression.java:338)
	at org.thymeleaf.spring6.expression.SPELVariableExpressionEvaluator.evaluate(SPELVariableExpressionEvaluator.java:265)
	... 123 common frames omitted
2025-05-07 04:56:16,485 ERROR org.apache.catalina.core.ContainerBase.[Tomcat].[localhost].[/].[dispatcherServlet] [http-nio-8080-exec-2] Servlet.service() for servlet [dispatcherServlet] in context with path [] threw exception [Request processing failed: org.thymeleaf.exceptions.TemplateInputException: An error happened during template parsing (template: "class path resource [templates/admin-index.html]")] with root cause
org.springframework.expression.spel.SpelEvaluationException: EL1008E: Property or field 'id' cannot be found on object of type 'com.tn.entity.Category' - maybe not public or not valid?
	at org.springframework.expression.spel.ast.PropertyOrFieldReference.readProperty(PropertyOrFieldReference.java:228)
	at org.springframework.expression.spel.ast.PropertyOrFieldReference.getValueInternal(PropertyOrFieldReference.java:111)
	at org.springframework.expression.spel.ast.PropertyOrFieldReference$AccessorLValue.getValue(PropertyOrFieldReference.java:416)
	at org.springframework.expression.spel.ast.CompoundExpression.getValueInternal(CompoundExpression.java:98)
	at org.springframework.expression.spel.ast.OpEQ.getValueInternal(OpEQ.java:42)
	at org.springframework.expression.spel.ast.OpEQ.getValueInternal(OpEQ.java:32)
	at org.springframework.expression.spel.ast.SpelNodeImpl.getValue(SpelNodeImpl.java:212)
	at org.springframework.expression.spel.ast.OpAnd.getBooleanValue(OpAnd.java:57)
	at org.springframework.expression.spel.ast.OpAnd.getValueInternal(OpAnd.java:52)
	at org.springframework.expression.spel.ast.SpelNodeImpl.getValue(SpelNodeImpl.java:114)
	at org.springframework.expression.spel.standard.SpelExpression.getValue(SpelExpression.java:338)
	at org.thymeleaf.spring6.expression.SPELVariableExpressionEvaluator.evaluate(SPELVariableExpressionEvaluator.java:265)
	at org.thymeleaf.standard.expression.VariableExpression.executeVariableExpression(VariableExpression.java:166)
	at org.thymeleaf.standard.expression.SimpleExpression.executeSimple(SimpleExpression.java:66)
	at org.thymeleaf.standard.expression.Expression.execute(Expression.java:109)
	at org.thymeleaf.standard.expression.Expression.execute(Expression.java:138)
	at org.thymeleaf.standard.processor.AbstractStandardExpressionAttributeTagProcessor.doProcess(AbstractStandardExpressionAttributeTagProcessor.java:144)
	at org.thymeleaf.processor.element.AbstractAttributeTagProcessor.doProcess(AbstractAttributeTagProcessor.java:74)
	at org.thymeleaf.processor.element.AbstractElementTagProcessor.process(AbstractElementTagProcessor.java:95)
	at org.thymeleaf.util.ProcessorConfigurationUtils$ElementTagProcessorWrapper.process(ProcessorConfigurationUtils.java:633)
	at org.thymeleaf.engine.ProcessorTemplateHandler.handleOpenElement(ProcessorTemplateHandler.java:1314)
	at org.thymeleaf.engine.OpenElementTag.beHandled(OpenElementTag.java:205)
	at org.thymeleaf.engine.Model.process(Model.java:282)
	at org.thymeleaf.engine.Model.process(Model.java:290)
	at org.thymeleaf.engine.IteratedGatheringModelProcessable.processIterationModel(IteratedGatheringModelProcessable.java:368)
	at org.thymeleaf.engine.IteratedGatheringModelProcessable.process(IteratedGatheringModelProcessable.java:222)
	at org.thymeleaf.engine.ProcessorTemplateHandler.handleCloseElement(ProcessorTemplateHandler.java:1640)
	at org.thymeleaf.engine.CloseElementTag.beHandled(CloseElementTag.java:139)
	at org.thymeleaf.engine.Model.process(Model.java:282)
	at org.thymeleaf.engine.ProcessorTemplateHandler.handleOpenElement(ProcessorTemplateHandler.java:1587)
	at org.thymeleaf.engine.TemplateHandlerAdapterMarkupHandler.handleOpenElementEnd(TemplateHandlerAdapterMarkupHandler.java:304)
	at org.thymeleaf.templateparser.markup.InlinedOutputExpressionMarkupHandler$InlineMarkupAdapterPreProcessorHandler.handleOpenElementEnd(InlinedOutputExpressionMarkupHandler.java:278)
	at org.thymeleaf.standard.inline.OutputExpressionInlinePreProcessorHandler.handleOpenElementEnd(OutputExpressionInlinePreProcessorHandler.java:186)
	at org.thymeleaf.templateparser.markup.InlinedOutputExpressionMarkupHandler.handleOpenElementEnd(InlinedOutputExpressionMarkupHandler.java:124)
	at org.attoparser.HtmlElement.handleOpenElementEnd(HtmlElement.java:109)
	at org.attoparser.HtmlMarkupHandler.handleOpenElementEnd(HtmlMarkupHandler.java:297)
	at org.attoparser.MarkupEventProcessorHandler.handleOpenElementEnd(MarkupEventProcessorHandler.java:402)
	at org.attoparser.ParsingElementMarkupUtil.parseOpenElement(ParsingElementMarkupUtil.java:159)
	at org.attoparser.MarkupParser.parseBuffer(MarkupParser.java:710)
	at org.attoparser.MarkupParser.parseDocument(MarkupParser.java:301)
	at org.attoparser.MarkupParser.parse(MarkupParser.java:257)
	at org.thymeleaf.templateparser.markup.AbstractMarkupTemplateParser.parse(AbstractMarkupTemplateParser.java:230)
	at org.thymeleaf.templateparser.markup.AbstractMarkupTemplateParser.parseStandalone(AbstractMarkupTemplateParser.java:100)
	at org.thymeleaf.engine.TemplateManager.parseAndProcess(TemplateManager.java:666)
	at org.thymeleaf.TemplateEngine.process(TemplateEngine.java:1103)
	at org.thymeleaf.TemplateEngine.process(TemplateEngine.java:1077)
	at org.thymeleaf.spring6.view.ThymeleafView.renderFragment(ThymeleafView.java:372)
	at org.thymeleaf.spring6.view.ThymeleafView.render(ThymeleafView.java:192)
	at org.springframework.web.servlet.DispatcherServlet.render(DispatcherServlet.java:1415)
	at org.springframework.web.servlet.DispatcherServlet.processDispatchResult(DispatcherServlet.java:1159)
	at org.springframework.web.servlet.DispatcherServlet.doDispatch(DispatcherServlet.java:1098)
	at org.springframework.web.servlet.DispatcherServlet.doService(DispatcherServlet.java:974)
	at org.springframework.web.servlet.FrameworkServlet.processRequest(FrameworkServlet.java:1014)
	at org.springframework.web.servlet.FrameworkServlet.doGet(FrameworkServlet.java:903)
	at jakarta.servlet.http.HttpServlet.service(HttpServlet.java:564)
	at org.springframework.web.servlet.FrameworkServlet.service(FrameworkServlet.java:885)
	at jakarta.servlet.http.HttpServlet.service(HttpServlet.java:658)
	at org.apache.catalina.core.ApplicationFilterChain.internalDoFilter(ApplicationFilterChain.java:206)
	at org.apache.catalina.core.ApplicationFilterChain.doFilter(ApplicationFilterChain.java:150)
	at org.apache.tomcat.websocket.server.WsFilter.doFilter(WsFilter.java:51)
	at org.apache.catalina.core.ApplicationFilterChain.internalDoFilter(ApplicationFilterChain.java:175)
	at org.apache.catalina.core.ApplicationFilterChain.doFilter(ApplicationFilterChain.java:150)
	at org.springframework.web.filter.CompositeFilter$VirtualFilterChain.doFilter(CompositeFilter.java:108)
	at org.springframework.security.web.FilterChainProxy.lambda$doFilterInternal$3(FilterChainProxy.java:231)
	at org.springframework.security.web.FilterChainProxy$VirtualFilterChain.doFilter(FilterChainProxy.java:365)
	at org.springframework.security.web.access.intercept.FilterSecurityInterceptor.invoke(FilterSecurityInterceptor.java:117)
	at org.springframework.security.web.access.intercept.FilterSecurityInterceptor.doFilter(FilterSecurityInterceptor.java:83)
	at org.springframework.security.web.FilterChainProxy$VirtualFilterChain.doFilter(FilterChainProxy.java:374)
	at org.springframework.security.web.access.ExceptionTranslationFilter.doFilter(ExceptionTranslationFilter.java:126)
	at org.springframework.security.web.access.ExceptionTranslationFilter.doFilter(ExceptionTranslationFilter.java:120)
	at org.springframework.security.web.FilterChainProxy$VirtualFilterChain.doFilter(FilterChainProxy.java:374)
	at org.springframework.security.web.authentication.AnonymousAuthenticationFilter.doFilter(AnonymousAuthenticationFilter.java:100)
	at org.springframework.security.web.FilterChainProxy$VirtualFilterChain.doFilter(FilterChainProxy.java:374)
	at org.springframework.security.web.servletapi.SecurityContextHolderAwareRequestFilter.doFilter(SecurityContextHolderAwareRequestFilter.java:179)
	at org.springframework.security.web.FilterChainProxy$VirtualFilterChain.doFilter(FilterChainProxy.java:374)
	at org.springframework.security.web.savedrequest.RequestCacheAwareFilter.doFilter(RequestCacheAwareFilter.java:63)
	at org.springframework.security.web.FilterChainProxy$VirtualFilterChain.doFilter(FilterChainProxy.java:374)
	at org.springframework.security.web.authentication.AbstractAuthenticationProcessingFilter.doFilter(AbstractAuthenticationProcessingFilter.java:227)
	at org.springframework.security.web.authentication.AbstractAuthenticationProcessingFilter.doFilter(AbstractAuthenticationProcessingFilter.java:221)
	at org.springframework.security.web.FilterChainProxy$VirtualFilterChain.doFilter(FilterChainProxy.java:374)
	at org.springframework.security.web.authentication.logout.LogoutFilter.doFilter(LogoutFilter.java:107)
	at org.springframework.security.web.authentication.logout.LogoutFilter.doFilter(LogoutFilter.java:93)
	at org.springframework.security.web.FilterChainProxy$VirtualFilterChain.doFilter(FilterChainProxy.java:374)
	at org.springframework.security.web.header.HeaderWriterFilter.doHeadersAfter(HeaderWriterFilter.java:90)
	at org.springframework.security.web.header.HeaderWriterFilter.doFilterInternal(HeaderWriterFilter.java:75)
	at org.springframework.web.filter.OncePerRequestFilter.doFilter(OncePerRequestFilter.java:116)
	at org.springframework.security.web.FilterChainProxy$VirtualFilterChain.doFilter(FilterChainProxy.java:374)
	at org.springframework.security.web.context.SecurityContextHolderFilter.doFilter(SecurityContextHolderFilter.java:82)
	at org.springframework.security.web.context.SecurityContextHolderFilter.doFilter(SecurityContextHolderFilter.java:69)
	at org.springframework.security.web.FilterChainProxy$VirtualFilterChain.doFilter(FilterChainProxy.java:374)
	at org.springframework.security.web.context.request.async.WebAsyncManagerIntegrationFilter.doFilterInternal(WebAsyncManagerIntegrationFilter.java:62)
	at org.springframework.web.filter.OncePerRequestFilter.doFilter(OncePerRequestFilter.java:116)
	at org.springframework.security.web.FilterChainProxy$VirtualFilterChain.doFilter(FilterChainProxy.java:374)
	at org.springframework.security.web.session.DisableEncodeUrlFilter.doFilterInternal(DisableEncodeUrlFilter.java:42)
	at org.springframework.web.filter.OncePerRequestFilter.doFilter(OncePerRequestFilter.java:116)
	at org.springframework.security.web.FilterChainProxy$VirtualFilterChain.doFilter(FilterChainProxy.java:374)
	at org.springframework.security.web.FilterChainProxy.doFilterInternal(FilterChainProxy.java:233)
	at org.springframework.security.web.FilterChainProxy.doFilter(FilterChainProxy.java:191)
	at org.springframework.web.filter.CompositeFilter$VirtualFilterChain.doFilter(CompositeFilter.java:113)
	at org.springframework.web.servlet.handler.HandlerMappingIntrospector.lambda$createCacheFilter$3(HandlerMappingIntrospector.java:195)
	at org.springframework.web.filter.CompositeFilter$VirtualFilterChain.doFilter(CompositeFilter.java:113)
	at org.springframework.web.filter.CompositeFilter.doFilter(CompositeFilter.java:74)
	at org.springframework.security.config.annotation.web.configuration.WebMvcSecurityConfiguration$CompositeFilterChainProxy.doFilter(WebMvcSecurityConfiguration.java:230)
	at org.springframework.web.filter.DelegatingFilterProxy.invokeDelegate(DelegatingFilterProxy.java:352)
	at org.springframework.web.filter.DelegatingFilterProxy.doFilter(DelegatingFilterProxy.java:268)
	at org.apache.catalina.core.ApplicationFilterChain.internalDoFilter(ApplicationFilterChain.java:175)
	at org.apache.catalina.core.ApplicationFilterChain.doFilter(ApplicationFilterChain.java:150)
	at org.springframework.web.filter.RequestContextFilter.doFilterInternal(RequestContextFilter.java:100)
	at org.springframework.web.filter.OncePerRequestFilter.doFilter(OncePerRequestFilter.java:116)
	at org.apache.catalina.core.ApplicationFilterChain.internalDoFilter(ApplicationFilterChain.java:175)
	at org.apache.catalina.core.ApplicationFilterChain.doFilter(ApplicationFilterChain.java:150)
	at org.springframework.web.filter.FormContentFilter.doFilterInternal(FormContentFilter.java:93)
	at org.springframework.web.filter.OncePerRequestFilter.doFilter(OncePerRequestFilter.java:116)
	at org.apache.catalina.core.ApplicationFilterChain.internalDoFilter(ApplicationFilterChain.java:175)
	at org.apache.catalina.core.ApplicationFilterChain.doFilter(ApplicationFilterChain.java:150)
	at org.springframework.web.filter.CharacterEncodingFilter.doFilterInternal(CharacterEncodingFilter.java:201)
	at org.springframework.web.filter.OncePerRequestFilter.doFilter(OncePerRequestFilter.java:116)
	at org.apache.catalina.core.ApplicationFilterChain.internalDoFilter(ApplicationFilterChain.java:175)
	at org.apache.catalina.core.ApplicationFilterChain.doFilter(ApplicationFilterChain.java:150)
	at org.apache.catalina.core.StandardWrapperValve.invoke(StandardWrapperValve.java:167)
	at org.apache.catalina.core.StandardContextValve.invoke(StandardContextValve.java:90)
	at org.apache.catalina.authenticator.AuthenticatorBase.invoke(AuthenticatorBase.java:482)
	at org.apache.catalina.core.StandardHostValve.invoke(StandardHostValve.java:115)
	at org.apache.catalina.valves.ErrorReportValve.invoke(ErrorReportValve.java:93)
	at org.apache.catalina.core.StandardEngineValve.invoke(StandardEngineValve.java:74)
	at org.apache.catalina.connector.CoyoteAdapter.service(CoyoteAdapter.java:344)
	at org.apache.coyote.http11.Http11Processor.service(Http11Processor.java:391)
	at org.apache.coyote.AbstractProcessorLight.process(AbstractProcessorLight.java:63)
	at org.apache.coyote.AbstractProtocol$ConnectionHandler.process(AbstractProtocol.java:896)
	at org.apache.tomcat.util.net.NioEndpoint$SocketProcessor.doRun(NioEndpoint.java:1736)
	at org.apache.tomcat.util.net.SocketProcessorBase.run(SocketProcessorBase.java:52)
	at org.apache.tomcat.util.threads.ThreadPoolExecutor.runWorker(ThreadPoolExecutor.java:1191)
	at org.apache.tomcat.util.threads.ThreadPoolExecutor$Worker.run(ThreadPoolExecutor.java:659)
	at org.apache.tomcat.util.threads.TaskThread$WrappingRunnable.run(TaskThread.java:63)
	at java.base/java.lang.Thread.run(Thread.java:840)
2025-05-07 04:56:26,838 INFO org.springframework.orm.jpa.LocalContainerEntityManagerFactoryBean [SpringApplicationShutdownHook] Closing JPA EntityManagerFactory for persistence unit 'default'
2025-05-07 04:56:26,848 INFO com.zaxxer.hikari.HikariDataSource [SpringApplicationShutdownHook] HikariPool-1 - Shutdown initiated...
2025-05-07 04:56:26,858 INFO com.zaxxer.hikari.HikariDataSource [SpringApplicationShutdownHook] HikariPool-1 - Shutdown completed.
2025-05-07 04:56:29,604 INFO com.tn.Demo25AccountThymeleafApplication [restartedMain] Starting Demo25AccountThymeleafApplication using Java 17.0.10 with PID 13280 (C:\Users\Public\Javapro\demo25_AccountThymeleaf\target\classes started by havan in C:\Users\Public\Javapro\demo25_AccountThymeleaf)
2025-05-07 04:56:29,606 INFO com.tn.Demo25AccountThymeleafApplication [restartedMain] The following 1 profile is active: "prod"
2025-05-07 04:56:29,658 INFO org.springframework.boot.devtools.env.DevToolsPropertyDefaultsPostProcessor [restartedMain] Devtools property defaults active! Set 'spring.devtools.add-properties' to 'false' to disable
2025-05-07 04:56:29,658 INFO org.springframework.boot.devtools.env.DevToolsPropertyDefaultsPostProcessor [restartedMain] For additional web related logging consider setting the 'logging.level.web' property to 'DEBUG'
2025-05-07 04:56:30,348 INFO org.springframework.data.repository.config.RepositoryConfigurationDelegate [restartedMain] Bootstrapping Spring Data JPA repositories in DEFAULT mode.
2025-05-07 04:56:30,421 INFO org.springframework.data.repository.config.RepositoryConfigurationDelegate [restartedMain] Finished Spring Data repository scanning in 66 ms. Found 6 JPA repository interfaces.
2025-05-07 04:56:31,073 INFO org.springframework.boot.web.embedded.tomcat.TomcatWebServer [restartedMain] Tomcat initialized with port(s): 8080 (http)
2025-05-07 04:56:31,098 INFO org.apache.catalina.core.StandardService [restartedMain] Starting service [Tomcat]
2025-05-07 04:56:31,098 INFO org.apache.catalina.core.StandardEngine [restartedMain] Starting Servlet engine: [Apache Tomcat/10.1.20]
2025-05-07 04:56:31,178 INFO org.apache.catalina.core.ContainerBase.[Tomcat].[localhost].[/] [restartedMain] Initializing Spring embedded WebApplicationContext
2025-05-07 04:56:31,178 INFO org.springframework.boot.web.servlet.context.ServletWebServerApplicationContext [restartedMain] Root WebApplicationContext: initialization completed in 1520 ms
2025-05-07 04:56:31,378 INFO org.hibernate.jpa.internal.util.LogHelper [restartedMain] HHH000204: Processing PersistenceUnitInfo [name: default]
2025-05-07 04:56:31,421 INFO org.hibernate.Version [restartedMain] HHH000412: Hibernate ORM core version 6.2.24.Final
2025-05-07 04:56:31,428 INFO org.hibernate.cfg.Environment [restartedMain] HHH000406: Using bytecode reflection optimizer
2025-05-07 04:56:31,648 INFO org.springframework.orm.jpa.persistenceunit.SpringPersistenceUnitInfo [restartedMain] No LoadTimeWeaver setup: ignoring JPA class transformer
2025-05-07 04:56:31,672 INFO com.zaxxer.hikari.HikariDataSource [restartedMain] HikariPool-1 - Starting...
2025-05-07 04:56:31,784 INFO com.zaxxer.hikari.pool.HikariPool [restartedMain] HikariPool-1 - Added connection com.mysql.cj.jdbc.ConnectionImpl@2555dd49
2025-05-07 04:56:31,784 INFO com.zaxxer.hikari.HikariDataSource [restartedMain] HikariPool-1 - Start completed.
2025-05-07 04:56:31,813 WARN org.hibernate.dialect.Dialect [restartedMain] HHH000511: The 5.5.0 version for [org.hibernate.dialect.MySQLDialect] is no longer supported, hence certain features may not work properly. The minimum supported version is 5.7.0. Check the community dialects project for available legacy versions.
2025-05-07 04:56:32,528 INFO org.hibernate.engine.transaction.jta.platform.internal.JtaPlatformInitiator [restartedMain] HHH000489: No JTA platform available (set 'hibernate.transaction.jta.platform' to enable JTA platform integration)
2025-05-07 04:56:32,634 INFO org.springframework.orm.jpa.LocalContainerEntityManagerFactoryBean [restartedMain] Initialized JPA EntityManagerFactory for persistence unit 'default'
2025-05-07 04:56:32,928 INFO org.springframework.data.jpa.repository.query.QueryEnhancerFactory [restartedMain] Hibernate is in classpath; If applicable, HQL parser will be used.
2025-05-07 04:56:33,195 WARN org.springframework.boot.autoconfigure.orm.jpa.JpaBaseConfiguration$JpaWebConfiguration [restartedMain] spring.jpa.open-in-view is enabled by default. Therefore, database queries may be performed during view rendering. Explicitly configure spring.jpa.open-in-view to disable this warning
2025-05-07 04:56:33,449 INFO org.springframework.security.web.DefaultSecurityFilterChain [restartedMain] Will secure any request with [org.springframework.security.web.session.DisableEncodeUrlFilter@6c69f42e, org.springframework.security.web.context.request.async.WebAsyncManagerIntegrationFilter@570b138, org.springframework.security.web.context.SecurityContextHolderFilter@9bcab05, org.springframework.security.web.header.HeaderWriterFilter@9eb18d8, org.springframework.security.web.authentication.logout.LogoutFilter@78eb483, org.springframework.security.web.authentication.UsernamePasswordAuthenticationFilter@2b335a9a, org.springframework.security.web.savedrequest.RequestCacheAwareFilter@22d0363, org.springframework.security.web.servletapi.SecurityContextHolderAwareRequestFilter@13d6305c, org.springframework.security.web.authentication.AnonymousAuthenticationFilter@3426cc86, org.springframework.security.web.access.ExceptionTranslationFilter@3addc5b8, org.springframework.security.web.access.intercept.FilterSecurityInterceptor@3d2a62c6]
2025-05-07 04:56:33,708 INFO org.springframework.boot.devtools.autoconfigure.OptionalLiveReloadServer [restartedMain] LiveReload server is running on port 35729
2025-05-07 04:56:33,750 INFO org.springframework.boot.web.embedded.tomcat.TomcatWebServer [restartedMain] Tomcat started on port(s): 8080 (http) with context path ''
2025-05-07 04:56:33,763 INFO com.tn.Demo25AccountThymeleafApplication [restartedMain] Started Demo25AccountThymeleafApplication in 4.577 seconds (process running for 5.956)
2025-05-07 04:56:39,778 INFO org.apache.catalina.core.ContainerBase.[Tomcat].[localhost].[/] [http-nio-8080-exec-1] Initializing Spring DispatcherServlet 'dispatcherServlet'
2025-05-07 04:56:39,778 INFO org.springframework.web.servlet.DispatcherServlet [http-nio-8080-exec-1] Initializing Servlet 'dispatcherServlet'
2025-05-07 04:56:39,778 INFO org.springframework.web.servlet.DispatcherServlet [http-nio-8080-exec-1] Completed initialization in 0 ms
2025-05-07 04:56:44,636 WARN org.thymeleaf.standard.processor.AbstractStandardFragmentInsertionTagProcessor [http-nio-8080-exec-7] [THYMELEAF][http-nio-8080-exec-7][admin-index] Deprecated unwrapped fragment expression "admin-product-list.html::AdminProductList" found in template admin-index, line 39, col 10. Please use the complete syntax of fragment expressions instead ("~{admin-product-list.html::AdminProductList}"). The old, unwrapped syntax for fragment expressions will be removed in future versions of Thymeleaf.
2025-05-07 04:56:44,654 WARN org.thymeleaf.standard.processor.AbstractStandardFragmentInsertionTagProcessor [http-nio-8080-exec-7] [THYMELEAF][http-nio-8080-exec-7][admin-product-list.html] Deprecated unwrapped fragment expression "layout-admin.html::LayoutAdmin" found in template admin-product-list.html, line 4, col 10. Please use the complete syntax of fragment expressions instead ("~{layout-admin.html::LayoutAdmin}"). The old, unwrapped syntax for fragment expressions will be removed in future versions of Thymeleaf.
2025-05-07 04:56:46,932 WARN org.thymeleaf.standard.processor.AbstractStandardFragmentInsertionTagProcessor [http-nio-8080-exec-3] [THYMELEAF][http-nio-8080-exec-3][admin-index] Deprecated unwrapped fragment expression "admin-product-edit.html::AdminProductEdit" found in template admin-index, line 45, col 10. Please use the complete syntax of fragment expressions instead ("~{admin-product-edit.html::AdminProductEdit}"). The old, unwrapped syntax for fragment expressions will be removed in future versions of Thymeleaf.
2025-05-07 04:56:46,945 ERROR org.thymeleaf.TemplateEngine [http-nio-8080-exec-3] [THYMELEAF][http-nio-8080-exec-3] Exception processing template "admin-index": An error happened during template parsing (template: "class path resource [templates/admin-index.html]")
org.thymeleaf.exceptions.TemplateInputException: An error happened during template parsing (template: "class path resource [templates/admin-index.html]")
	at org.thymeleaf.templateparser.markup.AbstractMarkupTemplateParser.parse(AbstractMarkupTemplateParser.java:241)
	at org.thymeleaf.templateparser.markup.AbstractMarkupTemplateParser.parseStandalone(AbstractMarkupTemplateParser.java:100)
	at org.thymeleaf.engine.TemplateManager.parseAndProcess(TemplateManager.java:666)
	at org.thymeleaf.TemplateEngine.process(TemplateEngine.java:1103)
	at org.thymeleaf.TemplateEngine.process(TemplateEngine.java:1077)
	at org.thymeleaf.spring6.view.ThymeleafView.renderFragment(ThymeleafView.java:372)
	at org.thymeleaf.spring6.view.ThymeleafView.render(ThymeleafView.java:192)
	at org.springframework.web.servlet.DispatcherServlet.render(DispatcherServlet.java:1415)
	at org.springframework.web.servlet.DispatcherServlet.processDispatchResult(DispatcherServlet.java:1159)
	at org.springframework.web.servlet.DispatcherServlet.doDispatch(DispatcherServlet.java:1098)
	at org.springframework.web.servlet.DispatcherServlet.doService(DispatcherServlet.java:974)
	at org.springframework.web.servlet.FrameworkServlet.processRequest(FrameworkServlet.java:1014)
	at org.springframework.web.servlet.FrameworkServlet.doGet(FrameworkServlet.java:903)
	at jakarta.servlet.http.HttpServlet.service(HttpServlet.java:564)
	at org.springframework.web.servlet.FrameworkServlet.service(FrameworkServlet.java:885)
	at jakarta.servlet.http.HttpServlet.service(HttpServlet.java:658)
	at org.apache.catalina.core.ApplicationFilterChain.internalDoFilter(ApplicationFilterChain.java:206)
	at org.apache.catalina.core.ApplicationFilterChain.doFilter(ApplicationFilterChain.java:150)
	at org.apache.tomcat.websocket.server.WsFilter.doFilter(WsFilter.java:51)
	at org.apache.catalina.core.ApplicationFilterChain.internalDoFilter(ApplicationFilterChain.java:175)
	at org.apache.catalina.core.ApplicationFilterChain.doFilter(ApplicationFilterChain.java:150)
	at org.springframework.web.filter.CompositeFilter$VirtualFilterChain.doFilter(CompositeFilter.java:108)
	at org.springframework.security.web.FilterChainProxy.lambda$doFilterInternal$3(FilterChainProxy.java:231)
	at org.springframework.security.web.FilterChainProxy$VirtualFilterChain.doFilter(FilterChainProxy.java:365)
	at org.springframework.security.web.access.intercept.FilterSecurityInterceptor.invoke(FilterSecurityInterceptor.java:117)
	at org.springframework.security.web.access.intercept.FilterSecurityInterceptor.doFilter(FilterSecurityInterceptor.java:83)
	at org.springframework.security.web.FilterChainProxy$VirtualFilterChain.doFilter(FilterChainProxy.java:374)
	at org.springframework.security.web.access.ExceptionTranslationFilter.doFilter(ExceptionTranslationFilter.java:126)
	at org.springframework.security.web.access.ExceptionTranslationFilter.doFilter(ExceptionTranslationFilter.java:120)
	at org.springframework.security.web.FilterChainProxy$VirtualFilterChain.doFilter(FilterChainProxy.java:374)
	at org.springframework.security.web.authentication.AnonymousAuthenticationFilter.doFilter(AnonymousAuthenticationFilter.java:100)
	at org.springframework.security.web.FilterChainProxy$VirtualFilterChain.doFilter(FilterChainProxy.java:374)
	at org.springframework.security.web.servletapi.SecurityContextHolderAwareRequestFilter.doFilter(SecurityContextHolderAwareRequestFilter.java:179)
	at org.springframework.security.web.FilterChainProxy$VirtualFilterChain.doFilter(FilterChainProxy.java:374)
	at org.springframework.security.web.savedrequest.RequestCacheAwareFilter.doFilter(RequestCacheAwareFilter.java:63)
	at org.springframework.security.web.FilterChainProxy$VirtualFilterChain.doFilter(FilterChainProxy.java:374)
	at org.springframework.security.web.authentication.AbstractAuthenticationProcessingFilter.doFilter(AbstractAuthenticationProcessingFilter.java:227)
	at org.springframework.security.web.authentication.AbstractAuthenticationProcessingFilter.doFilter(AbstractAuthenticationProcessingFilter.java:221)
	at org.springframework.security.web.FilterChainProxy$VirtualFilterChain.doFilter(FilterChainProxy.java:374)
	at org.springframework.security.web.authentication.logout.LogoutFilter.doFilter(LogoutFilter.java:107)
	at org.springframework.security.web.authentication.logout.LogoutFilter.doFilter(LogoutFilter.java:93)
	at org.springframework.security.web.FilterChainProxy$VirtualFilterChain.doFilter(FilterChainProxy.java:374)
	at org.springframework.security.web.header.HeaderWriterFilter.doHeadersAfter(HeaderWriterFilter.java:90)
	at org.springframework.security.web.header.HeaderWriterFilter.doFilterInternal(HeaderWriterFilter.java:75)
	at org.springframework.web.filter.OncePerRequestFilter.doFilter(OncePerRequestFilter.java:116)
	at org.springframework.security.web.FilterChainProxy$VirtualFilterChain.doFilter(FilterChainProxy.java:374)
	at org.springframework.security.web.context.SecurityContextHolderFilter.doFilter(SecurityContextHolderFilter.java:82)
	at org.springframework.security.web.context.SecurityContextHolderFilter.doFilter(SecurityContextHolderFilter.java:69)
	at org.springframework.security.web.FilterChainProxy$VirtualFilterChain.doFilter(FilterChainProxy.java:374)
	at org.springframework.security.web.context.request.async.WebAsyncManagerIntegrationFilter.doFilterInternal(WebAsyncManagerIntegrationFilter.java:62)
	at org.springframework.web.filter.OncePerRequestFilter.doFilter(OncePerRequestFilter.java:116)
	at org.springframework.security.web.FilterChainProxy$VirtualFilterChain.doFilter(FilterChainProxy.java:374)
	at org.springframework.security.web.session.DisableEncodeUrlFilter.doFilterInternal(DisableEncodeUrlFilter.java:42)
	at org.springframework.web.filter.OncePerRequestFilter.doFilter(OncePerRequestFilter.java:116)
	at org.springframework.security.web.FilterChainProxy$VirtualFilterChain.doFilter(FilterChainProxy.java:374)
	at org.springframework.security.web.FilterChainProxy.doFilterInternal(FilterChainProxy.java:233)
	at org.springframework.security.web.FilterChainProxy.doFilter(FilterChainProxy.java:191)
	at org.springframework.web.filter.CompositeFilter$VirtualFilterChain.doFilter(CompositeFilter.java:113)
	at org.springframework.web.servlet.handler.HandlerMappingIntrospector.lambda$createCacheFilter$3(HandlerMappingIntrospector.java:195)
	at org.springframework.web.filter.CompositeFilter$VirtualFilterChain.doFilter(CompositeFilter.java:113)
	at org.springframework.web.filter.CompositeFilter.doFilter(CompositeFilter.java:74)
	at org.springframework.security.config.annotation.web.configuration.WebMvcSecurityConfiguration$CompositeFilterChainProxy.doFilter(WebMvcSecurityConfiguration.java:230)
	at org.springframework.web.filter.DelegatingFilterProxy.invokeDelegate(DelegatingFilterProxy.java:352)
	at org.springframework.web.filter.DelegatingFilterProxy.doFilter(DelegatingFilterProxy.java:268)
	at org.apache.catalina.core.ApplicationFilterChain.internalDoFilter(ApplicationFilterChain.java:175)
	at org.apache.catalina.core.ApplicationFilterChain.doFilter(ApplicationFilterChain.java:150)
	at org.springframework.web.filter.RequestContextFilter.doFilterInternal(RequestContextFilter.java:100)
	at org.springframework.web.filter.OncePerRequestFilter.doFilter(OncePerRequestFilter.java:116)
	at org.apache.catalina.core.ApplicationFilterChain.internalDoFilter(ApplicationFilterChain.java:175)
	at org.apache.catalina.core.ApplicationFilterChain.doFilter(ApplicationFilterChain.java:150)
	at org.springframework.web.filter.FormContentFilter.doFilterInternal(FormContentFilter.java:93)
	at org.springframework.web.filter.OncePerRequestFilter.doFilter(OncePerRequestFilter.java:116)
	at org.apache.catalina.core.ApplicationFilterChain.internalDoFilter(ApplicationFilterChain.java:175)
	at org.apache.catalina.core.ApplicationFilterChain.doFilter(ApplicationFilterChain.java:150)
	at org.springframework.web.filter.CharacterEncodingFilter.doFilterInternal(CharacterEncodingFilter.java:201)
	at org.springframework.web.filter.OncePerRequestFilter.doFilter(OncePerRequestFilter.java:116)
	at org.apache.catalina.core.ApplicationFilterChain.internalDoFilter(ApplicationFilterChain.java:175)
	at org.apache.catalina.core.ApplicationFilterChain.doFilter(ApplicationFilterChain.java:150)
	at org.apache.catalina.core.StandardWrapperValve.invoke(StandardWrapperValve.java:167)
	at org.apache.catalina.core.StandardContextValve.invoke(StandardContextValve.java:90)
	at org.apache.catalina.authenticator.AuthenticatorBase.invoke(AuthenticatorBase.java:482)
	at org.apache.catalina.core.StandardHostValve.invoke(StandardHostValve.java:115)
	at org.apache.catalina.valves.ErrorReportValve.invoke(ErrorReportValve.java:93)
	at org.apache.catalina.core.StandardEngineValve.invoke(StandardEngineValve.java:74)
	at org.apache.catalina.connector.CoyoteAdapter.service(CoyoteAdapter.java:344)
	at org.apache.coyote.http11.Http11Processor.service(Http11Processor.java:391)
	at org.apache.coyote.AbstractProcessorLight.process(AbstractProcessorLight.java:63)
	at org.apache.coyote.AbstractProtocol$ConnectionHandler.process(AbstractProtocol.java:896)
	at org.apache.tomcat.util.net.NioEndpoint$SocketProcessor.doRun(NioEndpoint.java:1736)
	at org.apache.tomcat.util.net.SocketProcessorBase.run(SocketProcessorBase.java:52)
	at org.apache.tomcat.util.threads.ThreadPoolExecutor.runWorker(ThreadPoolExecutor.java:1191)
	at org.apache.tomcat.util.threads.ThreadPoolExecutor$Worker.run(ThreadPoolExecutor.java:659)
	at org.apache.tomcat.util.threads.TaskThread$WrappingRunnable.run(TaskThread.java:63)
	at java.base/java.lang.Thread.run(Thread.java:840)
Caused by: org.attoparser.ParseException: Exception evaluating SpringEL expression: "product.category != null && product.category.id == obj.id" (template: "admin-product-edit.html" - line 46, col 84)
	at org.attoparser.MarkupParser.parseDocument(MarkupParser.java:393)
	at org.attoparser.MarkupParser.parse(MarkupParser.java:257)
	at org.thymeleaf.templateparser.markup.AbstractMarkupTemplateParser.parse(AbstractMarkupTemplateParser.java:230)
	... 93 common frames omitted
Caused by: org.thymeleaf.exceptions.TemplateProcessingException: Exception evaluating SpringEL expression: "product.category != null && product.category.id == obj.id" (template: "admin-product-edit.html" - line 46, col 84)
	at org.thymeleaf.spring6.expression.SPELVariableExpressionEvaluator.evaluate(SPELVariableExpressionEvaluator.java:292)
	at org.thymeleaf.standard.expression.VariableExpression.executeVariableExpression(VariableExpression.java:166)
	at org.thymeleaf.standard.expression.SimpleExpression.executeSimple(SimpleExpression.java:66)
	at org.thymeleaf.standard.expression.Expression.execute(Expression.java:109)
	at org.thymeleaf.standard.expression.Expression.execute(Expression.java:138)
	at org.thymeleaf.standard.processor.AbstractStandardExpressionAttributeTagProcessor.doProcess(AbstractStandardExpressionAttributeTagProcessor.java:144)
	at org.thymeleaf.processor.element.AbstractAttributeTagProcessor.doProcess(AbstractAttributeTagProcessor.java:74)
	at org.thymeleaf.processor.element.AbstractElementTagProcessor.process(AbstractElementTagProcessor.java:95)
	at org.thymeleaf.util.ProcessorConfigurationUtils$ElementTagProcessorWrapper.process(ProcessorConfigurationUtils.java:633)
	at org.thymeleaf.engine.ProcessorTemplateHandler.handleOpenElement(ProcessorTemplateHandler.java:1314)
	at org.thymeleaf.engine.OpenElementTag.beHandled(OpenElementTag.java:205)
	at org.thymeleaf.engine.Model.process(Model.java:282)
	at org.thymeleaf.engine.Model.process(Model.java:290)
	at org.thymeleaf.engine.IteratedGatheringModelProcessable.processIterationModel(IteratedGatheringModelProcessable.java:368)
	at org.thymeleaf.engine.IteratedGatheringModelProcessable.process(IteratedGatheringModelProcessable.java:222)
	at org.thymeleaf.engine.ProcessorTemplateHandler.handleCloseElement(ProcessorTemplateHandler.java:1640)
	at org.thymeleaf.engine.CloseElementTag.beHandled(CloseElementTag.java:139)
	at org.thymeleaf.engine.Model.process(Model.java:282)
	at org.thymeleaf.engine.ProcessorTemplateHandler.handleOpenElement(ProcessorTemplateHandler.java:1587)
	at org.thymeleaf.engine.TemplateHandlerAdapterMarkupHandler.handleOpenElementEnd(TemplateHandlerAdapterMarkupHandler.java:304)
	at org.thymeleaf.templateparser.markup.InlinedOutputExpressionMarkupHandler$InlineMarkupAdapterPreProcessorHandler.handleOpenElementEnd(InlinedOutputExpressionMarkupHandler.java:278)
	at org.thymeleaf.standard.inline.OutputExpressionInlinePreProcessorHandler.handleOpenElementEnd(OutputExpressionInlinePreProcessorHandler.java:186)
	at org.thymeleaf.templateparser.markup.InlinedOutputExpressionMarkupHandler.handleOpenElementEnd(InlinedOutputExpressionMarkupHandler.java:124)
	at org.attoparser.HtmlElement.handleOpenElementEnd(HtmlElement.java:109)
	at org.attoparser.HtmlMarkupHandler.handleOpenElementEnd(HtmlMarkupHandler.java:297)
	at org.attoparser.MarkupEventProcessorHandler.handleOpenElementEnd(MarkupEventProcessorHandler.java:402)
	at org.attoparser.ParsingElementMarkupUtil.parseOpenElement(ParsingElementMarkupUtil.java:159)
	at org.attoparser.MarkupParser.parseBuffer(MarkupParser.java:710)
	at org.attoparser.MarkupParser.parseDocument(MarkupParser.java:301)
	... 95 common frames omitted
Caused by: org.springframework.expression.spel.SpelEvaluationException: EL1008E: Property or field 'id' cannot be found on object of type 'com.tn.entity.Category' - maybe not public or not valid?
	at org.springframework.expression.spel.ast.PropertyOrFieldReference.readProperty(PropertyOrFieldReference.java:228)
	at org.springframework.expression.spel.ast.PropertyOrFieldReference.getValueInternal(PropertyOrFieldReference.java:111)
	at org.springframework.expression.spel.ast.PropertyOrFieldReference$AccessorLValue.getValue(PropertyOrFieldReference.java:416)
	at org.springframework.expression.spel.ast.CompoundExpression.getValueInternal(CompoundExpression.java:98)
	at org.springframework.expression.spel.ast.OpEQ.getValueInternal(OpEQ.java:42)
	at org.springframework.expression.spel.ast.OpEQ.getValueInternal(OpEQ.java:32)
	at org.springframework.expression.spel.ast.SpelNodeImpl.getValue(SpelNodeImpl.java:212)
	at org.springframework.expression.spel.ast.OpAnd.getBooleanValue(OpAnd.java:57)
	at org.springframework.expression.spel.ast.OpAnd.getValueInternal(OpAnd.java:52)
	at org.springframework.expression.spel.ast.SpelNodeImpl.getValue(SpelNodeImpl.java:114)
	at org.springframework.expression.spel.standard.SpelExpression.getValue(SpelExpression.java:338)
	at org.thymeleaf.spring6.expression.SPELVariableExpressionEvaluator.evaluate(SPELVariableExpressionEvaluator.java:265)
	... 123 common frames omitted
2025-05-07 04:56:46,960 ERROR org.apache.catalina.core.ContainerBase.[Tomcat].[localhost].[/].[dispatcherServlet] [http-nio-8080-exec-3] Servlet.service() for servlet [dispatcherServlet] in context with path [] threw exception [Request processing failed: org.thymeleaf.exceptions.TemplateInputException: An error happened during template parsing (template: "class path resource [templates/admin-index.html]")] with root cause
org.springframework.expression.spel.SpelEvaluationException: EL1008E: Property or field 'id' cannot be found on object of type 'com.tn.entity.Category' - maybe not public or not valid?
	at org.springframework.expression.spel.ast.PropertyOrFieldReference.readProperty(PropertyOrFieldReference.java:228)
	at org.springframework.expression.spel.ast.PropertyOrFieldReference.getValueInternal(PropertyOrFieldReference.java:111)
	at org.springframework.expression.spel.ast.PropertyOrFieldReference$AccessorLValue.getValue(PropertyOrFieldReference.java:416)
	at org.springframework.expression.spel.ast.CompoundExpression.getValueInternal(CompoundExpression.java:98)
	at org.springframework.expression.spel.ast.OpEQ.getValueInternal(OpEQ.java:42)
	at org.springframework.expression.spel.ast.OpEQ.getValueInternal(OpEQ.java:32)
	at org.springframework.expression.spel.ast.SpelNodeImpl.getValue(SpelNodeImpl.java:212)
	at org.springframework.expression.spel.ast.OpAnd.getBooleanValue(OpAnd.java:57)
	at org.springframework.expression.spel.ast.OpAnd.getValueInternal(OpAnd.java:52)
	at org.springframework.expression.spel.ast.SpelNodeImpl.getValue(SpelNodeImpl.java:114)
	at org.springframework.expression.spel.standard.SpelExpression.getValue(SpelExpression.java:338)
	at org.thymeleaf.spring6.expression.SPELVariableExpressionEvaluator.evaluate(SPELVariableExpressionEvaluator.java:265)
	at org.thymeleaf.standard.expression.VariableExpression.executeVariableExpression(VariableExpression.java:166)
	at org.thymeleaf.standard.expression.SimpleExpression.executeSimple(SimpleExpression.java:66)
	at org.thymeleaf.standard.expression.Expression.execute(Expression.java:109)
	at org.thymeleaf.standard.expression.Expression.execute(Expression.java:138)
	at org.thymeleaf.standard.processor.AbstractStandardExpressionAttributeTagProcessor.doProcess(AbstractStandardExpressionAttributeTagProcessor.java:144)
	at org.thymeleaf.processor.element.AbstractAttributeTagProcessor.doProcess(AbstractAttributeTagProcessor.java:74)
	at org.thymeleaf.processor.element.AbstractElementTagProcessor.process(AbstractElementTagProcessor.java:95)
	at org.thymeleaf.util.ProcessorConfigurationUtils$ElementTagProcessorWrapper.process(ProcessorConfigurationUtils.java:633)
	at org.thymeleaf.engine.ProcessorTemplateHandler.handleOpenElement(ProcessorTemplateHandler.java:1314)
	at org.thymeleaf.engine.OpenElementTag.beHandled(OpenElementTag.java:205)
	at org.thymeleaf.engine.Model.process(Model.java:282)
	at org.thymeleaf.engine.Model.process(Model.java:290)
	at org.thymeleaf.engine.IteratedGatheringModelProcessable.processIterationModel(IteratedGatheringModelProcessable.java:368)
	at org.thymeleaf.engine.IteratedGatheringModelProcessable.process(IteratedGatheringModelProcessable.java:222)
	at org.thymeleaf.engine.ProcessorTemplateHandler.handleCloseElement(ProcessorTemplateHandler.java:1640)
	at org.thymeleaf.engine.CloseElementTag.beHandled(CloseElementTag.java:139)
	at org.thymeleaf.engine.Model.process(Model.java:282)
	at org.thymeleaf.engine.ProcessorTemplateHandler.handleOpenElement(ProcessorTemplateHandler.java:1587)
	at org.thymeleaf.engine.TemplateHandlerAdapterMarkupHandler.handleOpenElementEnd(TemplateHandlerAdapterMarkupHandler.java:304)
	at org.thymeleaf.templateparser.markup.InlinedOutputExpressionMarkupHandler$InlineMarkupAdapterPreProcessorHandler.handleOpenElementEnd(InlinedOutputExpressionMarkupHandler.java:278)
	at org.thymeleaf.standard.inline.OutputExpressionInlinePreProcessorHandler.handleOpenElementEnd(OutputExpressionInlinePreProcessorHandler.java:186)
	at org.thymeleaf.templateparser.markup.InlinedOutputExpressionMarkupHandler.handleOpenElementEnd(InlinedOutputExpressionMarkupHandler.java:124)
	at org.attoparser.HtmlElement.handleOpenElementEnd(HtmlElement.java:109)
	at org.attoparser.HtmlMarkupHandler.handleOpenElementEnd(HtmlMarkupHandler.java:297)
	at org.attoparser.MarkupEventProcessorHandler.handleOpenElementEnd(MarkupEventProcessorHandler.java:402)
	at org.attoparser.ParsingElementMarkupUtil.parseOpenElement(ParsingElementMarkupUtil.java:159)
	at org.attoparser.MarkupParser.parseBuffer(MarkupParser.java:710)
	at org.attoparser.MarkupParser.parseDocument(MarkupParser.java:301)
	at org.attoparser.MarkupParser.parse(MarkupParser.java:257)
	at org.thymeleaf.templateparser.markup.AbstractMarkupTemplateParser.parse(AbstractMarkupTemplateParser.java:230)
	at org.thymeleaf.templateparser.markup.AbstractMarkupTemplateParser.parseStandalone(AbstractMarkupTemplateParser.java:100)
	at org.thymeleaf.engine.TemplateManager.parseAndProcess(TemplateManager.java:666)
	at org.thymeleaf.TemplateEngine.process(TemplateEngine.java:1103)
	at org.thymeleaf.TemplateEngine.process(TemplateEngine.java:1077)
	at org.thymeleaf.spring6.view.ThymeleafView.renderFragment(ThymeleafView.java:372)
	at org.thymeleaf.spring6.view.ThymeleafView.render(ThymeleafView.java:192)
	at org.springframework.web.servlet.DispatcherServlet.render(DispatcherServlet.java:1415)
	at org.springframework.web.servlet.DispatcherServlet.processDispatchResult(DispatcherServlet.java:1159)
	at org.springframework.web.servlet.DispatcherServlet.doDispatch(DispatcherServlet.java:1098)
	at org.springframework.web.servlet.DispatcherServlet.doService(DispatcherServlet.java:974)
	at org.springframework.web.servlet.FrameworkServlet.processRequest(FrameworkServlet.java:1014)
	at org.springframework.web.servlet.FrameworkServlet.doGet(FrameworkServlet.java:903)
	at jakarta.servlet.http.HttpServlet.service(HttpServlet.java:564)
	at org.springframework.web.servlet.FrameworkServlet.service(FrameworkServlet.java:885)
	at jakarta.servlet.http.HttpServlet.service(HttpServlet.java:658)
	at org.apache.catalina.core.ApplicationFilterChain.internalDoFilter(ApplicationFilterChain.java:206)
	at org.apache.catalina.core.ApplicationFilterChain.doFilter(ApplicationFilterChain.java:150)
	at org.apache.tomcat.websocket.server.WsFilter.doFilter(WsFilter.java:51)
	at org.apache.catalina.core.ApplicationFilterChain.internalDoFilter(ApplicationFilterChain.java:175)
	at org.apache.catalina.core.ApplicationFilterChain.doFilter(ApplicationFilterChain.java:150)
	at org.springframework.web.filter.CompositeFilter$VirtualFilterChain.doFilter(CompositeFilter.java:108)
	at org.springframework.security.web.FilterChainProxy.lambda$doFilterInternal$3(FilterChainProxy.java:231)
	at org.springframework.security.web.FilterChainProxy$VirtualFilterChain.doFilter(FilterChainProxy.java:365)
	at org.springframework.security.web.access.intercept.FilterSecurityInterceptor.invoke(FilterSecurityInterceptor.java:117)
	at org.springframework.security.web.access.intercept.FilterSecurityInterceptor.doFilter(FilterSecurityInterceptor.java:83)
	at org.springframework.security.web.FilterChainProxy$VirtualFilterChain.doFilter(FilterChainProxy.java:374)
	at org.springframework.security.web.access.ExceptionTranslationFilter.doFilter(ExceptionTranslationFilter.java:126)
	at org.springframework.security.web.access.ExceptionTranslationFilter.doFilter(ExceptionTranslationFilter.java:120)
	at org.springframework.security.web.FilterChainProxy$VirtualFilterChain.doFilter(FilterChainProxy.java:374)
	at org.springframework.security.web.authentication.AnonymousAuthenticationFilter.doFilter(AnonymousAuthenticationFilter.java:100)
	at org.springframework.security.web.FilterChainProxy$VirtualFilterChain.doFilter(FilterChainProxy.java:374)
	at org.springframework.security.web.servletapi.SecurityContextHolderAwareRequestFilter.doFilter(SecurityContextHolderAwareRequestFilter.java:179)
	at org.springframework.security.web.FilterChainProxy$VirtualFilterChain.doFilter(FilterChainProxy.java:374)
	at org.springframework.security.web.savedrequest.RequestCacheAwareFilter.doFilter(RequestCacheAwareFilter.java:63)
	at org.springframework.security.web.FilterChainProxy$VirtualFilterChain.doFilter(FilterChainProxy.java:374)
	at org.springframework.security.web.authentication.AbstractAuthenticationProcessingFilter.doFilter(AbstractAuthenticationProcessingFilter.java:227)
	at org.springframework.security.web.authentication.AbstractAuthenticationProcessingFilter.doFilter(AbstractAuthenticationProcessingFilter.java:221)
	at org.springframework.security.web.FilterChainProxy$VirtualFilterChain.doFilter(FilterChainProxy.java:374)
	at org.springframework.security.web.authentication.logout.LogoutFilter.doFilter(LogoutFilter.java:107)
	at org.springframework.security.web.authentication.logout.LogoutFilter.doFilter(LogoutFilter.java:93)
	at org.springframework.security.web.FilterChainProxy$VirtualFilterChain.doFilter(FilterChainProxy.java:374)
	at org.springframework.security.web.header.HeaderWriterFilter.doHeadersAfter(HeaderWriterFilter.java:90)
	at org.springframework.security.web.header.HeaderWriterFilter.doFilterInternal(HeaderWriterFilter.java:75)
	at org.springframework.web.filter.OncePerRequestFilter.doFilter(OncePerRequestFilter.java:116)
	at org.springframework.security.web.FilterChainProxy$VirtualFilterChain.doFilter(FilterChainProxy.java:374)
	at org.springframework.security.web.context.SecurityContextHolderFilter.doFilter(SecurityContextHolderFilter.java:82)
	at org.springframework.security.web.context.SecurityContextHolderFilter.doFilter(SecurityContextHolderFilter.java:69)
	at org.springframework.security.web.FilterChainProxy$VirtualFilterChain.doFilter(FilterChainProxy.java:374)
	at org.springframework.security.web.context.request.async.WebAsyncManagerIntegrationFilter.doFilterInternal(WebAsyncManagerIntegrationFilter.java:62)
	at org.springframework.web.filter.OncePerRequestFilter.doFilter(OncePerRequestFilter.java:116)
	at org.springframework.security.web.FilterChainProxy$VirtualFilterChain.doFilter(FilterChainProxy.java:374)
	at org.springframework.security.web.session.DisableEncodeUrlFilter.doFilterInternal(DisableEncodeUrlFilter.java:42)
	at org.springframework.web.filter.OncePerRequestFilter.doFilter(OncePerRequestFilter.java:116)
	at org.springframework.security.web.FilterChainProxy$VirtualFilterChain.doFilter(FilterChainProxy.java:374)
	at org.springframework.security.web.FilterChainProxy.doFilterInternal(FilterChainProxy.java:233)
	at org.springframework.security.web.FilterChainProxy.doFilter(FilterChainProxy.java:191)
	at org.springframework.web.filter.CompositeFilter$VirtualFilterChain.doFilter(CompositeFilter.java:113)
	at org.springframework.web.servlet.handler.HandlerMappingIntrospector.lambda$createCacheFilter$3(HandlerMappingIntrospector.java:195)
	at org.springframework.web.filter.CompositeFilter$VirtualFilterChain.doFilter(CompositeFilter.java:113)
	at org.springframework.web.filter.CompositeFilter.doFilter(CompositeFilter.java:74)
	at org.springframework.security.config.annotation.web.configuration.WebMvcSecurityConfiguration$CompositeFilterChainProxy.doFilter(WebMvcSecurityConfiguration.java:230)
	at org.springframework.web.filter.DelegatingFilterProxy.invokeDelegate(DelegatingFilterProxy.java:352)
	at org.springframework.web.filter.DelegatingFilterProxy.doFilter(DelegatingFilterProxy.java:268)
	at org.apache.catalina.core.ApplicationFilterChain.internalDoFilter(ApplicationFilterChain.java:175)
	at org.apache.catalina.core.ApplicationFilterChain.doFilter(ApplicationFilterChain.java:150)
	at org.springframework.web.filter.RequestContextFilter.doFilterInternal(RequestContextFilter.java:100)
	at org.springframework.web.filter.OncePerRequestFilter.doFilter(OncePerRequestFilter.java:116)
	at org.apache.catalina.core.ApplicationFilterChain.internalDoFilter(ApplicationFilterChain.java:175)
	at org.apache.catalina.core.ApplicationFilterChain.doFilter(ApplicationFilterChain.java:150)
	at org.springframework.web.filter.FormContentFilter.doFilterInternal(FormContentFilter.java:93)
	at org.springframework.web.filter.OncePerRequestFilter.doFilter(OncePerRequestFilter.java:116)
	at org.apache.catalina.core.ApplicationFilterChain.internalDoFilter(ApplicationFilterChain.java:175)
	at org.apache.catalina.core.ApplicationFilterChain.doFilter(ApplicationFilterChain.java:150)
	at org.springframework.web.filter.CharacterEncodingFilter.doFilterInternal(CharacterEncodingFilter.java:201)
	at org.springframework.web.filter.OncePerRequestFilter.doFilter(OncePerRequestFilter.java:116)
	at org.apache.catalina.core.ApplicationFilterChain.internalDoFilter(ApplicationFilterChain.java:175)
	at org.apache.catalina.core.ApplicationFilterChain.doFilter(ApplicationFilterChain.java:150)
	at org.apache.catalina.core.StandardWrapperValve.invoke(StandardWrapperValve.java:167)
	at org.apache.catalina.core.StandardContextValve.invoke(StandardContextValve.java:90)
	at org.apache.catalina.authenticator.AuthenticatorBase.invoke(AuthenticatorBase.java:482)
	at org.apache.catalina.core.StandardHostValve.invoke(StandardHostValve.java:115)
	at org.apache.catalina.valves.ErrorReportValve.invoke(ErrorReportValve.java:93)
	at org.apache.catalina.core.StandardEngineValve.invoke(StandardEngineValve.java:74)
	at org.apache.catalina.connector.CoyoteAdapter.service(CoyoteAdapter.java:344)
	at org.apache.coyote.http11.Http11Processor.service(Http11Processor.java:391)
	at org.apache.coyote.AbstractProcessorLight.process(AbstractProcessorLight.java:63)
	at org.apache.coyote.AbstractProtocol$ConnectionHandler.process(AbstractProtocol.java:896)
	at org.apache.tomcat.util.net.NioEndpoint$SocketProcessor.doRun(NioEndpoint.java:1736)
	at org.apache.tomcat.util.net.SocketProcessorBase.run(SocketProcessorBase.java:52)
	at org.apache.tomcat.util.threads.ThreadPoolExecutor.runWorker(ThreadPoolExecutor.java:1191)
	at org.apache.tomcat.util.threads.ThreadPoolExecutor$Worker.run(ThreadPoolExecutor.java:659)
	at org.apache.tomcat.util.threads.TaskThread$WrappingRunnable.run(TaskThread.java:63)
	at java.base/java.lang.Thread.run(Thread.java:840)
2025-05-07 04:57:58,198 INFO org.springframework.orm.jpa.LocalContainerEntityManagerFactoryBean [SpringApplicationShutdownHook] Closing JPA EntityManagerFactory for persistence unit 'default'
2025-05-07 04:57:58,205 INFO com.zaxxer.hikari.HikariDataSource [SpringApplicationShutdownHook] HikariPool-1 - Shutdown initiated...
2025-05-07 04:57:58,208 INFO com.zaxxer.hikari.HikariDataSource [SpringApplicationShutdownHook] HikariPool-1 - Shutdown completed.
2025-05-07 04:58:01,587 INFO com.tn.Demo25AccountThymeleafApplication [restartedMain] Starting Demo25AccountThymeleafApplication using Java 17.0.10 with PID 13012 (C:\Users\Public\Javapro\demo25_AccountThymeleaf\target\classes started by havan in C:\Users\Public\Javapro\demo25_AccountThymeleaf)
2025-05-07 04:58:01,587 INFO com.tn.Demo25AccountThymeleafApplication [restartedMain] The following 1 profile is active: "prod"
2025-05-07 04:58:01,637 INFO org.springframework.boot.devtools.env.DevToolsPropertyDefaultsPostProcessor [restartedMain] Devtools property defaults active! Set 'spring.devtools.add-properties' to 'false' to disable
2025-05-07 04:58:01,637 INFO org.springframework.boot.devtools.env.DevToolsPropertyDefaultsPostProcessor [restartedMain] For additional web related logging consider setting the 'logging.level.web' property to 'DEBUG'
2025-05-07 04:58:02,322 INFO org.springframework.data.repository.config.RepositoryConfigurationDelegate [restartedMain] Bootstrapping Spring Data JPA repositories in DEFAULT mode.
2025-05-07 04:58:02,414 INFO org.springframework.data.repository.config.RepositoryConfigurationDelegate [restartedMain] Finished Spring Data repository scanning in 80 ms. Found 6 JPA repository interfaces.
2025-05-07 04:58:03,052 INFO org.springframework.boot.web.embedded.tomcat.TomcatWebServer [restartedMain] Tomcat initialized with port(s): 8080 (http)
2025-05-07 04:58:03,057 INFO org.apache.catalina.core.StandardService [restartedMain] Starting service [Tomcat]
2025-05-07 04:58:03,057 INFO org.apache.catalina.core.StandardEngine [restartedMain] Starting Servlet engine: [Apache Tomcat/10.1.20]
2025-05-07 04:58:03,118 INFO org.apache.catalina.core.ContainerBase.[Tomcat].[localhost].[/] [restartedMain] Initializing Spring embedded WebApplicationContext
2025-05-07 04:58:03,118 INFO org.springframework.boot.web.servlet.context.ServletWebServerApplicationContext [restartedMain] Root WebApplicationContext: initialization completed in 1479 ms
2025-05-07 04:58:03,287 INFO org.hibernate.jpa.internal.util.LogHelper [restartedMain] HHH000204: Processing PersistenceUnitInfo [name: default]
2025-05-07 04:58:03,328 INFO org.hibernate.Version [restartedMain] HHH000412: Hibernate ORM core version 6.2.24.Final
2025-05-07 04:58:03,337 INFO org.hibernate.cfg.Environment [restartedMain] HHH000406: Using bytecode reflection optimizer
2025-05-07 04:58:03,554 INFO org.springframework.orm.jpa.persistenceunit.SpringPersistenceUnitInfo [restartedMain] No LoadTimeWeaver setup: ignoring JPA class transformer
2025-05-07 04:58:03,577 INFO com.zaxxer.hikari.HikariDataSource [restartedMain] HikariPool-1 - Starting...
2025-05-07 04:58:03,691 INFO com.zaxxer.hikari.pool.HikariPool [restartedMain] HikariPool-1 - Added connection com.mysql.cj.jdbc.ConnectionImpl@3f550df
2025-05-07 04:58:03,698 INFO com.zaxxer.hikari.HikariDataSource [restartedMain] HikariPool-1 - Start completed.
2025-05-07 04:58:03,723 WARN org.hibernate.dialect.Dialect [restartedMain] HHH000511: The 5.5.0 version for [org.hibernate.dialect.MySQLDialect] is no longer supported, hence certain features may not work properly. The minimum supported version is 5.7.0. Check the community dialects project for available legacy versions.
2025-05-07 04:58:04,477 INFO org.hibernate.engine.transaction.jta.platform.internal.JtaPlatformInitiator [restartedMain] HHH000489: No JTA platform available (set 'hibernate.transaction.jta.platform' to enable JTA platform integration)
2025-05-07 04:58:04,570 INFO org.springframework.orm.jpa.LocalContainerEntityManagerFactoryBean [restartedMain] Initialized JPA EntityManagerFactory for persistence unit 'default'
2025-05-07 04:58:04,859 INFO org.springframework.data.jpa.repository.query.QueryEnhancerFactory [restartedMain] Hibernate is in classpath; If applicable, HQL parser will be used.
2025-05-07 04:58:05,127 WARN org.springframework.boot.autoconfigure.orm.jpa.JpaBaseConfiguration$JpaWebConfiguration [restartedMain] spring.jpa.open-in-view is enabled by default. Therefore, database queries may be performed during view rendering. Explicitly configure spring.jpa.open-in-view to disable this warning
2025-05-07 04:58:05,377 INFO org.springframework.security.web.DefaultSecurityFilterChain [restartedMain] Will secure any request with [org.springframework.security.web.session.DisableEncodeUrlFilter@11fbec08, org.springframework.security.web.context.request.async.WebAsyncManagerIntegrationFilter@7d51818f, org.springframework.security.web.context.SecurityContextHolderFilter@155f979b, org.springframework.security.web.header.HeaderWriterFilter@fb5efcd, org.springframework.security.web.authentication.logout.LogoutFilter@54c012e4, org.springframework.security.web.authentication.UsernamePasswordAuthenticationFilter@6f992f73, org.springframework.security.web.savedrequest.RequestCacheAwareFilter@4f1a1cb6, org.springframework.security.web.servletapi.SecurityContextHolderAwareRequestFilter@7849b67a, org.springframework.security.web.authentication.AnonymousAuthenticationFilter@5b15dbe1, org.springframework.security.web.access.ExceptionTranslationFilter@7da5759, org.springframework.security.web.access.intercept.FilterSecurityInterceptor@6250c834]
2025-05-07 04:58:05,597 INFO org.springframework.boot.devtools.autoconfigure.OptionalLiveReloadServer [restartedMain] LiveReload server is running on port 35729
2025-05-07 04:58:05,637 INFO org.springframework.boot.web.embedded.tomcat.TomcatWebServer [restartedMain] Tomcat started on port(s): 8080 (http) with context path ''
2025-05-07 04:58:05,648 INFO com.tn.Demo25AccountThymeleafApplication [restartedMain] Started Demo25AccountThymeleafApplication in 4.451 seconds (process running for 5.153)
2025-05-07 04:58:09,790 INFO org.apache.catalina.core.ContainerBase.[Tomcat].[localhost].[/] [http-nio-8080-exec-1] Initializing Spring DispatcherServlet 'dispatcherServlet'
2025-05-07 04:58:09,790 INFO org.springframework.web.servlet.DispatcherServlet [http-nio-8080-exec-1] Initializing Servlet 'dispatcherServlet'
2025-05-07 04:58:09,790 INFO org.springframework.web.servlet.DispatcherServlet [http-nio-8080-exec-1] Completed initialization in 0 ms
2025-05-07 04:58:10,240 WARN org.thymeleaf.standard.processor.AbstractStandardFragmentInsertionTagProcessor [http-nio-8080-exec-1] [THYMELEAF][http-nio-8080-exec-1][admin-index] Deprecated unwrapped fragment expression "admin-product-list.html::AdminProductList" found in template admin-index, line 39, col 10. Please use the complete syntax of fragment expressions instead ("~{admin-product-list.html::AdminProductList}"). The old, unwrapped syntax for fragment expressions will be removed in future versions of Thymeleaf.
2025-05-07 04:58:10,257 WARN org.thymeleaf.standard.processor.AbstractStandardFragmentInsertionTagProcessor [http-nio-8080-exec-1] [THYMELEAF][http-nio-8080-exec-1][admin-product-list.html] Deprecated unwrapped fragment expression "layout-admin.html::LayoutAdmin" found in template admin-product-list.html, line 4, col 10. Please use the complete syntax of fragment expressions instead ("~{layout-admin.html::LayoutAdmin}"). The old, unwrapped syntax for fragment expressions will be removed in future versions of Thymeleaf.
2025-05-07 04:58:11,668 WARN org.thymeleaf.standard.processor.AbstractStandardFragmentInsertionTagProcessor [http-nio-8080-exec-6] [THYMELEAF][http-nio-8080-exec-6][admin-index] Deprecated unwrapped fragment expression "admin-product-edit.html::AdminProductEdit" found in template admin-index, line 45, col 10. Please use the complete syntax of fragment expressions instead ("~{admin-product-edit.html::AdminProductEdit}"). The old, unwrapped syntax for fragment expressions will be removed in future versions of Thymeleaf.
2025-05-07 04:58:11,704 ERROR org.thymeleaf.TemplateEngine [http-nio-8080-exec-6] [THYMELEAF][http-nio-8080-exec-6] Exception processing template "admin-index": An error happened during template parsing (template: "class path resource [templates/admin-index.html]")
org.thymeleaf.exceptions.TemplateInputException: An error happened during template parsing (template: "class path resource [templates/admin-index.html]")
	at org.thymeleaf.templateparser.markup.AbstractMarkupTemplateParser.parse(AbstractMarkupTemplateParser.java:241)
	at org.thymeleaf.templateparser.markup.AbstractMarkupTemplateParser.parseStandalone(AbstractMarkupTemplateParser.java:100)
	at org.thymeleaf.engine.TemplateManager.parseAndProcess(TemplateManager.java:666)
	at org.thymeleaf.TemplateEngine.process(TemplateEngine.java:1103)
	at org.thymeleaf.TemplateEngine.process(TemplateEngine.java:1077)
	at org.thymeleaf.spring6.view.ThymeleafView.renderFragment(ThymeleafView.java:372)
	at org.thymeleaf.spring6.view.ThymeleafView.render(ThymeleafView.java:192)
	at org.springframework.web.servlet.DispatcherServlet.render(DispatcherServlet.java:1415)
	at org.springframework.web.servlet.DispatcherServlet.processDispatchResult(DispatcherServlet.java:1159)
	at org.springframework.web.servlet.DispatcherServlet.doDispatch(DispatcherServlet.java:1098)
	at org.springframework.web.servlet.DispatcherServlet.doService(DispatcherServlet.java:974)
	at org.springframework.web.servlet.FrameworkServlet.processRequest(FrameworkServlet.java:1014)
	at org.springframework.web.servlet.FrameworkServlet.doGet(FrameworkServlet.java:903)
	at jakarta.servlet.http.HttpServlet.service(HttpServlet.java:564)
	at org.springframework.web.servlet.FrameworkServlet.service(FrameworkServlet.java:885)
	at jakarta.servlet.http.HttpServlet.service(HttpServlet.java:658)
	at org.apache.catalina.core.ApplicationFilterChain.internalDoFilter(ApplicationFilterChain.java:206)
	at org.apache.catalina.core.ApplicationFilterChain.doFilter(ApplicationFilterChain.java:150)
	at org.apache.tomcat.websocket.server.WsFilter.doFilter(WsFilter.java:51)
	at org.apache.catalina.core.ApplicationFilterChain.internalDoFilter(ApplicationFilterChain.java:175)
	at org.apache.catalina.core.ApplicationFilterChain.doFilter(ApplicationFilterChain.java:150)
	at org.springframework.web.filter.CompositeFilter$VirtualFilterChain.doFilter(CompositeFilter.java:108)
	at org.springframework.security.web.FilterChainProxy.lambda$doFilterInternal$3(FilterChainProxy.java:231)
	at org.springframework.security.web.FilterChainProxy$VirtualFilterChain.doFilter(FilterChainProxy.java:365)
	at org.springframework.security.web.access.intercept.FilterSecurityInterceptor.invoke(FilterSecurityInterceptor.java:117)
	at org.springframework.security.web.access.intercept.FilterSecurityInterceptor.doFilter(FilterSecurityInterceptor.java:83)
	at org.springframework.security.web.FilterChainProxy$VirtualFilterChain.doFilter(FilterChainProxy.java:374)
	at org.springframework.security.web.access.ExceptionTranslationFilter.doFilter(ExceptionTranslationFilter.java:126)
	at org.springframework.security.web.access.ExceptionTranslationFilter.doFilter(ExceptionTranslationFilter.java:120)
	at org.springframework.security.web.FilterChainProxy$VirtualFilterChain.doFilter(FilterChainProxy.java:374)
	at org.springframework.security.web.authentication.AnonymousAuthenticationFilter.doFilter(AnonymousAuthenticationFilter.java:100)
	at org.springframework.security.web.FilterChainProxy$VirtualFilterChain.doFilter(FilterChainProxy.java:374)
	at org.springframework.security.web.servletapi.SecurityContextHolderAwareRequestFilter.doFilter(SecurityContextHolderAwareRequestFilter.java:179)
	at org.springframework.security.web.FilterChainProxy$VirtualFilterChain.doFilter(FilterChainProxy.java:374)
	at org.springframework.security.web.savedrequest.RequestCacheAwareFilter.doFilter(RequestCacheAwareFilter.java:63)
	at org.springframework.security.web.FilterChainProxy$VirtualFilterChain.doFilter(FilterChainProxy.java:374)
	at org.springframework.security.web.authentication.AbstractAuthenticationProcessingFilter.doFilter(AbstractAuthenticationProcessingFilter.java:227)
	at org.springframework.security.web.authentication.AbstractAuthenticationProcessingFilter.doFilter(AbstractAuthenticationProcessingFilter.java:221)
	at org.springframework.security.web.FilterChainProxy$VirtualFilterChain.doFilter(FilterChainProxy.java:374)
	at org.springframework.security.web.authentication.logout.LogoutFilter.doFilter(LogoutFilter.java:107)
	at org.springframework.security.web.authentication.logout.LogoutFilter.doFilter(LogoutFilter.java:93)
	at org.springframework.security.web.FilterChainProxy$VirtualFilterChain.doFilter(FilterChainProxy.java:374)
	at org.springframework.security.web.header.HeaderWriterFilter.doHeadersAfter(HeaderWriterFilter.java:90)
	at org.springframework.security.web.header.HeaderWriterFilter.doFilterInternal(HeaderWriterFilter.java:75)
	at org.springframework.web.filter.OncePerRequestFilter.doFilter(OncePerRequestFilter.java:116)
	at org.springframework.security.web.FilterChainProxy$VirtualFilterChain.doFilter(FilterChainProxy.java:374)
	at org.springframework.security.web.context.SecurityContextHolderFilter.doFilter(SecurityContextHolderFilter.java:82)
	at org.springframework.security.web.context.SecurityContextHolderFilter.doFilter(SecurityContextHolderFilter.java:69)
	at org.springframework.security.web.FilterChainProxy$VirtualFilterChain.doFilter(FilterChainProxy.java:374)
	at org.springframework.security.web.context.request.async.WebAsyncManagerIntegrationFilter.doFilterInternal(WebAsyncManagerIntegrationFilter.java:62)
	at org.springframework.web.filter.OncePerRequestFilter.doFilter(OncePerRequestFilter.java:116)
	at org.springframework.security.web.FilterChainProxy$VirtualFilterChain.doFilter(FilterChainProxy.java:374)
	at org.springframework.security.web.session.DisableEncodeUrlFilter.doFilterInternal(DisableEncodeUrlFilter.java:42)
	at org.springframework.web.filter.OncePerRequestFilter.doFilter(OncePerRequestFilter.java:116)
	at org.springframework.security.web.FilterChainProxy$VirtualFilterChain.doFilter(FilterChainProxy.java:374)
	at org.springframework.security.web.FilterChainProxy.doFilterInternal(FilterChainProxy.java:233)
	at org.springframework.security.web.FilterChainProxy.doFilter(FilterChainProxy.java:191)
	at org.springframework.web.filter.CompositeFilter$VirtualFilterChain.doFilter(CompositeFilter.java:113)
	at org.springframework.web.servlet.handler.HandlerMappingIntrospector.lambda$createCacheFilter$3(HandlerMappingIntrospector.java:195)
	at org.springframework.web.filter.CompositeFilter$VirtualFilterChain.doFilter(CompositeFilter.java:113)
	at org.springframework.web.filter.CompositeFilter.doFilter(CompositeFilter.java:74)
	at org.springframework.security.config.annotation.web.configuration.WebMvcSecurityConfiguration$CompositeFilterChainProxy.doFilter(WebMvcSecurityConfiguration.java:230)
	at org.springframework.web.filter.DelegatingFilterProxy.invokeDelegate(DelegatingFilterProxy.java:352)
	at org.springframework.web.filter.DelegatingFilterProxy.doFilter(DelegatingFilterProxy.java:268)
	at org.apache.catalina.core.ApplicationFilterChain.internalDoFilter(ApplicationFilterChain.java:175)
	at org.apache.catalina.core.ApplicationFilterChain.doFilter(ApplicationFilterChain.java:150)
	at org.springframework.web.filter.RequestContextFilter.doFilterInternal(RequestContextFilter.java:100)
	at org.springframework.web.filter.OncePerRequestFilter.doFilter(OncePerRequestFilter.java:116)
	at org.apache.catalina.core.ApplicationFilterChain.internalDoFilter(ApplicationFilterChain.java:175)
	at org.apache.catalina.core.ApplicationFilterChain.doFilter(ApplicationFilterChain.java:150)
	at org.springframework.web.filter.FormContentFilter.doFilterInternal(FormContentFilter.java:93)
	at org.springframework.web.filter.OncePerRequestFilter.doFilter(OncePerRequestFilter.java:116)
	at org.apache.catalina.core.ApplicationFilterChain.internalDoFilter(ApplicationFilterChain.java:175)
	at org.apache.catalina.core.ApplicationFilterChain.doFilter(ApplicationFilterChain.java:150)
	at org.springframework.web.filter.CharacterEncodingFilter.doFilterInternal(CharacterEncodingFilter.java:201)
	at org.springframework.web.filter.OncePerRequestFilter.doFilter(OncePerRequestFilter.java:116)
	at org.apache.catalina.core.ApplicationFilterChain.internalDoFilter(ApplicationFilterChain.java:175)
	at org.apache.catalina.core.ApplicationFilterChain.doFilter(ApplicationFilterChain.java:150)
	at org.apache.catalina.core.StandardWrapperValve.invoke(StandardWrapperValve.java:167)
	at org.apache.catalina.core.StandardContextValve.invoke(StandardContextValve.java:90)
	at org.apache.catalina.authenticator.AuthenticatorBase.invoke(AuthenticatorBase.java:482)
	at org.apache.catalina.core.StandardHostValve.invoke(StandardHostValve.java:115)
	at org.apache.catalina.valves.ErrorReportValve.invoke(ErrorReportValve.java:93)
	at org.apache.catalina.core.StandardEngineValve.invoke(StandardEngineValve.java:74)
	at org.apache.catalina.connector.CoyoteAdapter.service(CoyoteAdapter.java:344)
	at org.apache.coyote.http11.Http11Processor.service(Http11Processor.java:391)
	at org.apache.coyote.AbstractProcessorLight.process(AbstractProcessorLight.java:63)
	at org.apache.coyote.AbstractProtocol$ConnectionHandler.process(AbstractProtocol.java:896)
	at org.apache.tomcat.util.net.NioEndpoint$SocketProcessor.doRun(NioEndpoint.java:1736)
	at org.apache.tomcat.util.net.SocketProcessorBase.run(SocketProcessorBase.java:52)
	at org.apache.tomcat.util.threads.ThreadPoolExecutor.runWorker(ThreadPoolExecutor.java:1191)
	at org.apache.tomcat.util.threads.ThreadPoolExecutor$Worker.run(ThreadPoolExecutor.java:659)
	at org.apache.tomcat.util.threads.TaskThread$WrappingRunnable.run(TaskThread.java:63)
	at java.base/java.lang.Thread.run(Thread.java:840)
Caused by: org.attoparser.ParseException: Exception evaluating SpringEL expression: "product.category != null && product.category.productId == obj.productId" (template: "admin-product-edit.html" - line 46, col 84)
	at org.attoparser.MarkupParser.parseDocument(MarkupParser.java:393)
	at org.attoparser.MarkupParser.parse(MarkupParser.java:257)
	at org.thymeleaf.templateparser.markup.AbstractMarkupTemplateParser.parse(AbstractMarkupTemplateParser.java:230)
	... 93 common frames omitted
Caused by: org.thymeleaf.exceptions.TemplateProcessingException: Exception evaluating SpringEL expression: "product.category != null && product.category.productId == obj.productId" (template: "admin-product-edit.html" - line 46, col 84)
	at org.thymeleaf.spring6.expression.SPELVariableExpressionEvaluator.evaluate(SPELVariableExpressionEvaluator.java:292)
	at org.thymeleaf.standard.expression.VariableExpression.executeVariableExpression(VariableExpression.java:166)
	at org.thymeleaf.standard.expression.SimpleExpression.executeSimple(SimpleExpression.java:66)
	at org.thymeleaf.standard.expression.Expression.execute(Expression.java:109)
	at org.thymeleaf.standard.expression.Expression.execute(Expression.java:138)
	at org.thymeleaf.standard.processor.AbstractStandardExpressionAttributeTagProcessor.doProcess(AbstractStandardExpressionAttributeTagProcessor.java:144)
	at org.thymeleaf.processor.element.AbstractAttributeTagProcessor.doProcess(AbstractAttributeTagProcessor.java:74)
	at org.thymeleaf.processor.element.AbstractElementTagProcessor.process(AbstractElementTagProcessor.java:95)
	at org.thymeleaf.util.ProcessorConfigurationUtils$ElementTagProcessorWrapper.process(ProcessorConfigurationUtils.java:633)
	at org.thymeleaf.engine.ProcessorTemplateHandler.handleOpenElement(ProcessorTemplateHandler.java:1314)
	at org.thymeleaf.engine.OpenElementTag.beHandled(OpenElementTag.java:205)
	at org.thymeleaf.engine.Model.process(Model.java:282)
	at org.thymeleaf.engine.Model.process(Model.java:290)
	at org.thymeleaf.engine.IteratedGatheringModelProcessable.processIterationModel(IteratedGatheringModelProcessable.java:368)
	at org.thymeleaf.engine.IteratedGatheringModelProcessable.process(IteratedGatheringModelProcessable.java:222)
	at org.thymeleaf.engine.ProcessorTemplateHandler.handleCloseElement(ProcessorTemplateHandler.java:1640)
	at org.thymeleaf.engine.CloseElementTag.beHandled(CloseElementTag.java:139)
	at org.thymeleaf.engine.Model.process(Model.java:282)
	at org.thymeleaf.engine.ProcessorTemplateHandler.handleOpenElement(ProcessorTemplateHandler.java:1587)
	at org.thymeleaf.engine.TemplateHandlerAdapterMarkupHandler.handleOpenElementEnd(TemplateHandlerAdapterMarkupHandler.java:304)
	at org.thymeleaf.templateparser.markup.InlinedOutputExpressionMarkupHandler$InlineMarkupAdapterPreProcessorHandler.handleOpenElementEnd(InlinedOutputExpressionMarkupHandler.java:278)
	at org.thymeleaf.standard.inline.OutputExpressionInlinePreProcessorHandler.handleOpenElementEnd(OutputExpressionInlinePreProcessorHandler.java:186)
	at org.thymeleaf.templateparser.markup.InlinedOutputExpressionMarkupHandler.handleOpenElementEnd(InlinedOutputExpressionMarkupHandler.java:124)
	at org.attoparser.HtmlElement.handleOpenElementEnd(HtmlElement.java:109)
	at org.attoparser.HtmlMarkupHandler.handleOpenElementEnd(HtmlMarkupHandler.java:297)
	at org.attoparser.MarkupEventProcessorHandler.handleOpenElementEnd(MarkupEventProcessorHandler.java:402)
	at org.attoparser.ParsingElementMarkupUtil.parseOpenElement(ParsingElementMarkupUtil.java:159)
	at org.attoparser.MarkupParser.parseBuffer(MarkupParser.java:710)
	at org.attoparser.MarkupParser.parseDocument(MarkupParser.java:301)
	... 95 common frames omitted
Caused by: org.springframework.expression.spel.SpelEvaluationException: EL1008E: Property or field 'productId' cannot be found on object of type 'com.tn.entity.Category' - maybe not public or not valid?
	at org.springframework.expression.spel.ast.PropertyOrFieldReference.readProperty(PropertyOrFieldReference.java:228)
	at org.springframework.expression.spel.ast.PropertyOrFieldReference.getValueInternal(PropertyOrFieldReference.java:111)
	at org.springframework.expression.spel.ast.PropertyOrFieldReference$AccessorLValue.getValue(PropertyOrFieldReference.java:416)
	at org.springframework.expression.spel.ast.CompoundExpression.getValueInternal(CompoundExpression.java:98)
	at org.springframework.expression.spel.ast.OpEQ.getValueInternal(OpEQ.java:42)
	at org.springframework.expression.spel.ast.OpEQ.getValueInternal(OpEQ.java:32)
	at org.springframework.expression.spel.ast.SpelNodeImpl.getValue(SpelNodeImpl.java:212)
	at org.springframework.expression.spel.ast.OpAnd.getBooleanValue(OpAnd.java:57)
	at org.springframework.expression.spel.ast.OpAnd.getValueInternal(OpAnd.java:52)
	at org.springframework.expression.spel.ast.SpelNodeImpl.getValue(SpelNodeImpl.java:114)
	at org.springframework.expression.spel.standard.SpelExpression.getValue(SpelExpression.java:338)
	at org.thymeleaf.spring6.expression.SPELVariableExpressionEvaluator.evaluate(SPELVariableExpressionEvaluator.java:265)
	... 123 common frames omitted
2025-05-07 04:58:11,721 ERROR org.apache.catalina.core.ContainerBase.[Tomcat].[localhost].[/].[dispatcherServlet] [http-nio-8080-exec-6] Servlet.service() for servlet [dispatcherServlet] in context with path [] threw exception [Request processing failed: org.thymeleaf.exceptions.TemplateInputException: An error happened during template parsing (template: "class path resource [templates/admin-index.html]")] with root cause
org.springframework.expression.spel.SpelEvaluationException: EL1008E: Property or field 'productId' cannot be found on object of type 'com.tn.entity.Category' - maybe not public or not valid?
	at org.springframework.expression.spel.ast.PropertyOrFieldReference.readProperty(PropertyOrFieldReference.java:228)
	at org.springframework.expression.spel.ast.PropertyOrFieldReference.getValueInternal(PropertyOrFieldReference.java:111)
	at org.springframework.expression.spel.ast.PropertyOrFieldReference$AccessorLValue.getValue(PropertyOrFieldReference.java:416)
	at org.springframework.expression.spel.ast.CompoundExpression.getValueInternal(CompoundExpression.java:98)
	at org.springframework.expression.spel.ast.OpEQ.getValueInternal(OpEQ.java:42)
	at org.springframework.expression.spel.ast.OpEQ.getValueInternal(OpEQ.java:32)
	at org.springframework.expression.spel.ast.SpelNodeImpl.getValue(SpelNodeImpl.java:212)
	at org.springframework.expression.spel.ast.OpAnd.getBooleanValue(OpAnd.java:57)
	at org.springframework.expression.spel.ast.OpAnd.getValueInternal(OpAnd.java:52)
	at org.springframework.expression.spel.ast.SpelNodeImpl.getValue(SpelNodeImpl.java:114)
	at org.springframework.expression.spel.standard.SpelExpression.getValue(SpelExpression.java:338)
	at org.thymeleaf.spring6.expression.SPELVariableExpressionEvaluator.evaluate(SPELVariableExpressionEvaluator.java:265)
	at org.thymeleaf.standard.expression.VariableExpression.executeVariableExpression(VariableExpression.java:166)
	at org.thymeleaf.standard.expression.SimpleExpression.executeSimple(SimpleExpression.java:66)
	at org.thymeleaf.standard.expression.Expression.execute(Expression.java:109)
	at org.thymeleaf.standard.expression.Expression.execute(Expression.java:138)
	at org.thymeleaf.standard.processor.AbstractStandardExpressionAttributeTagProcessor.doProcess(AbstractStandardExpressionAttributeTagProcessor.java:144)
	at org.thymeleaf.processor.element.AbstractAttributeTagProcessor.doProcess(AbstractAttributeTagProcessor.java:74)
	at org.thymeleaf.processor.element.AbstractElementTagProcessor.process(AbstractElementTagProcessor.java:95)
	at org.thymeleaf.util.ProcessorConfigurationUtils$ElementTagProcessorWrapper.process(ProcessorConfigurationUtils.java:633)
	at org.thymeleaf.engine.ProcessorTemplateHandler.handleOpenElement(ProcessorTemplateHandler.java:1314)
	at org.thymeleaf.engine.OpenElementTag.beHandled(OpenElementTag.java:205)
	at org.thymeleaf.engine.Model.process(Model.java:282)
	at org.thymeleaf.engine.Model.process(Model.java:290)
	at org.thymeleaf.engine.IteratedGatheringModelProcessable.processIterationModel(IteratedGatheringModelProcessable.java:368)
	at org.thymeleaf.engine.IteratedGatheringModelProcessable.process(IteratedGatheringModelProcessable.java:222)
	at org.thymeleaf.engine.ProcessorTemplateHandler.handleCloseElement(ProcessorTemplateHandler.java:1640)
	at org.thymeleaf.engine.CloseElementTag.beHandled(CloseElementTag.java:139)
	at org.thymeleaf.engine.Model.process(Model.java:282)
	at org.thymeleaf.engine.ProcessorTemplateHandler.handleOpenElement(ProcessorTemplateHandler.java:1587)
	at org.thymeleaf.engine.TemplateHandlerAdapterMarkupHandler.handleOpenElementEnd(TemplateHandlerAdapterMarkupHandler.java:304)
	at org.thymeleaf.templateparser.markup.InlinedOutputExpressionMarkupHandler$InlineMarkupAdapterPreProcessorHandler.handleOpenElementEnd(InlinedOutputExpressionMarkupHandler.java:278)
	at org.thymeleaf.standard.inline.OutputExpressionInlinePreProcessorHandler.handleOpenElementEnd(OutputExpressionInlinePreProcessorHandler.java:186)
	at org.thymeleaf.templateparser.markup.InlinedOutputExpressionMarkupHandler.handleOpenElementEnd(InlinedOutputExpressionMarkupHandler.java:124)
	at org.attoparser.HtmlElement.handleOpenElementEnd(HtmlElement.java:109)
	at org.attoparser.HtmlMarkupHandler.handleOpenElementEnd(HtmlMarkupHandler.java:297)
	at org.attoparser.MarkupEventProcessorHandler.handleOpenElementEnd(MarkupEventProcessorHandler.java:402)
	at org.attoparser.ParsingElementMarkupUtil.parseOpenElement(ParsingElementMarkupUtil.java:159)
	at org.attoparser.MarkupParser.parseBuffer(MarkupParser.java:710)
	at org.attoparser.MarkupParser.parseDocument(MarkupParser.java:301)
	at org.attoparser.MarkupParser.parse(MarkupParser.java:257)
	at org.thymeleaf.templateparser.markup.AbstractMarkupTemplateParser.parse(AbstractMarkupTemplateParser.java:230)
	at org.thymeleaf.templateparser.markup.AbstractMarkupTemplateParser.parseStandalone(AbstractMarkupTemplateParser.java:100)
	at org.thymeleaf.engine.TemplateManager.parseAndProcess(TemplateManager.java:666)
	at org.thymeleaf.TemplateEngine.process(TemplateEngine.java:1103)
	at org.thymeleaf.TemplateEngine.process(TemplateEngine.java:1077)
	at org.thymeleaf.spring6.view.ThymeleafView.renderFragment(ThymeleafView.java:372)
	at org.thymeleaf.spring6.view.ThymeleafView.render(ThymeleafView.java:192)
	at org.springframework.web.servlet.DispatcherServlet.render(DispatcherServlet.java:1415)
	at org.springframework.web.servlet.DispatcherServlet.processDispatchResult(DispatcherServlet.java:1159)
	at org.springframework.web.servlet.DispatcherServlet.doDispatch(DispatcherServlet.java:1098)
	at org.springframework.web.servlet.DispatcherServlet.doService(DispatcherServlet.java:974)
	at org.springframework.web.servlet.FrameworkServlet.processRequest(FrameworkServlet.java:1014)
	at org.springframework.web.servlet.FrameworkServlet.doGet(FrameworkServlet.java:903)
	at jakarta.servlet.http.HttpServlet.service(HttpServlet.java:564)
	at org.springframework.web.servlet.FrameworkServlet.service(FrameworkServlet.java:885)
	at jakarta.servlet.http.HttpServlet.service(HttpServlet.java:658)
	at org.apache.catalina.core.ApplicationFilterChain.internalDoFilter(ApplicationFilterChain.java:206)
	at org.apache.catalina.core.ApplicationFilterChain.doFilter(ApplicationFilterChain.java:150)
	at org.apache.tomcat.websocket.server.WsFilter.doFilter(WsFilter.java:51)
	at org.apache.catalina.core.ApplicationFilterChain.internalDoFilter(ApplicationFilterChain.java:175)
	at org.apache.catalina.core.ApplicationFilterChain.doFilter(ApplicationFilterChain.java:150)
	at org.springframework.web.filter.CompositeFilter$VirtualFilterChain.doFilter(CompositeFilter.java:108)
	at org.springframework.security.web.FilterChainProxy.lambda$doFilterInternal$3(FilterChainProxy.java:231)
	at org.springframework.security.web.FilterChainProxy$VirtualFilterChain.doFilter(FilterChainProxy.java:365)
	at org.springframework.security.web.access.intercept.FilterSecurityInterceptor.invoke(FilterSecurityInterceptor.java:117)
	at org.springframework.security.web.access.intercept.FilterSecurityInterceptor.doFilter(FilterSecurityInterceptor.java:83)
	at org.springframework.security.web.FilterChainProxy$VirtualFilterChain.doFilter(FilterChainProxy.java:374)
	at org.springframework.security.web.access.ExceptionTranslationFilter.doFilter(ExceptionTranslationFilter.java:126)
	at org.springframework.security.web.access.ExceptionTranslationFilter.doFilter(ExceptionTranslationFilter.java:120)
	at org.springframework.security.web.FilterChainProxy$VirtualFilterChain.doFilter(FilterChainProxy.java:374)
	at org.springframework.security.web.authentication.AnonymousAuthenticationFilter.doFilter(AnonymousAuthenticationFilter.java:100)
	at org.springframework.security.web.FilterChainProxy$VirtualFilterChain.doFilter(FilterChainProxy.java:374)
	at org.springframework.security.web.servletapi.SecurityContextHolderAwareRequestFilter.doFilter(SecurityContextHolderAwareRequestFilter.java:179)
	at org.springframework.security.web.FilterChainProxy$VirtualFilterChain.doFilter(FilterChainProxy.java:374)
	at org.springframework.security.web.savedrequest.RequestCacheAwareFilter.doFilter(RequestCacheAwareFilter.java:63)
	at org.springframework.security.web.FilterChainProxy$VirtualFilterChain.doFilter(FilterChainProxy.java:374)
	at org.springframework.security.web.authentication.AbstractAuthenticationProcessingFilter.doFilter(AbstractAuthenticationProcessingFilter.java:227)
	at org.springframework.security.web.authentication.AbstractAuthenticationProcessingFilter.doFilter(AbstractAuthenticationProcessingFilter.java:221)
	at org.springframework.security.web.FilterChainProxy$VirtualFilterChain.doFilter(FilterChainProxy.java:374)
	at org.springframework.security.web.authentication.logout.LogoutFilter.doFilter(LogoutFilter.java:107)
	at org.springframework.security.web.authentication.logout.LogoutFilter.doFilter(LogoutFilter.java:93)
	at org.springframework.security.web.FilterChainProxy$VirtualFilterChain.doFilter(FilterChainProxy.java:374)
	at org.springframework.security.web.header.HeaderWriterFilter.doHeadersAfter(HeaderWriterFilter.java:90)
	at org.springframework.security.web.header.HeaderWriterFilter.doFilterInternal(HeaderWriterFilter.java:75)
	at org.springframework.web.filter.OncePerRequestFilter.doFilter(OncePerRequestFilter.java:116)
	at org.springframework.security.web.FilterChainProxy$VirtualFilterChain.doFilter(FilterChainProxy.java:374)
	at org.springframework.security.web.context.SecurityContextHolderFilter.doFilter(SecurityContextHolderFilter.java:82)
	at org.springframework.security.web.context.SecurityContextHolderFilter.doFilter(SecurityContextHolderFilter.java:69)
	at org.springframework.security.web.FilterChainProxy$VirtualFilterChain.doFilter(FilterChainProxy.java:374)
	at org.springframework.security.web.context.request.async.WebAsyncManagerIntegrationFilter.doFilterInternal(WebAsyncManagerIntegrationFilter.java:62)
	at org.springframework.web.filter.OncePerRequestFilter.doFilter(OncePerRequestFilter.java:116)
	at org.springframework.security.web.FilterChainProxy$VirtualFilterChain.doFilter(FilterChainProxy.java:374)
	at org.springframework.security.web.session.DisableEncodeUrlFilter.doFilterInternal(DisableEncodeUrlFilter.java:42)
	at org.springframework.web.filter.OncePerRequestFilter.doFilter(OncePerRequestFilter.java:116)
	at org.springframework.security.web.FilterChainProxy$VirtualFilterChain.doFilter(FilterChainProxy.java:374)
	at org.springframework.security.web.FilterChainProxy.doFilterInternal(FilterChainProxy.java:233)
	at org.springframework.security.web.FilterChainProxy.doFilter(FilterChainProxy.java:191)
	at org.springframework.web.filter.CompositeFilter$VirtualFilterChain.doFilter(CompositeFilter.java:113)
	at org.springframework.web.servlet.handler.HandlerMappingIntrospector.lambda$createCacheFilter$3(HandlerMappingIntrospector.java:195)
	at org.springframework.web.filter.CompositeFilter$VirtualFilterChain.doFilter(CompositeFilter.java:113)
	at org.springframework.web.filter.CompositeFilter.doFilter(CompositeFilter.java:74)
	at org.springframework.security.config.annotation.web.configuration.WebMvcSecurityConfiguration$CompositeFilterChainProxy.doFilter(WebMvcSecurityConfiguration.java:230)
	at org.springframework.web.filter.DelegatingFilterProxy.invokeDelegate(DelegatingFilterProxy.java:352)
	at org.springframework.web.filter.DelegatingFilterProxy.doFilter(DelegatingFilterProxy.java:268)
	at org.apache.catalina.core.ApplicationFilterChain.internalDoFilter(ApplicationFilterChain.java:175)
	at org.apache.catalina.core.ApplicationFilterChain.doFilter(ApplicationFilterChain.java:150)
	at org.springframework.web.filter.RequestContextFilter.doFilterInternal(RequestContextFilter.java:100)
	at org.springframework.web.filter.OncePerRequestFilter.doFilter(OncePerRequestFilter.java:116)
	at org.apache.catalina.core.ApplicationFilterChain.internalDoFilter(ApplicationFilterChain.java:175)
	at org.apache.catalina.core.ApplicationFilterChain.doFilter(ApplicationFilterChain.java:150)
	at org.springframework.web.filter.FormContentFilter.doFilterInternal(FormContentFilter.java:93)
	at org.springframework.web.filter.OncePerRequestFilter.doFilter(OncePerRequestFilter.java:116)
	at org.apache.catalina.core.ApplicationFilterChain.internalDoFilter(ApplicationFilterChain.java:175)
	at org.apache.catalina.core.ApplicationFilterChain.doFilter(ApplicationFilterChain.java:150)
	at org.springframework.web.filter.CharacterEncodingFilter.doFilterInternal(CharacterEncodingFilter.java:201)
	at org.springframework.web.filter.OncePerRequestFilter.doFilter(OncePerRequestFilter.java:116)
	at org.apache.catalina.core.ApplicationFilterChain.internalDoFilter(ApplicationFilterChain.java:175)
	at org.apache.catalina.core.ApplicationFilterChain.doFilter(ApplicationFilterChain.java:150)
	at org.apache.catalina.core.StandardWrapperValve.invoke(StandardWrapperValve.java:167)
	at org.apache.catalina.core.StandardContextValve.invoke(StandardContextValve.java:90)
	at org.apache.catalina.authenticator.AuthenticatorBase.invoke(AuthenticatorBase.java:482)
	at org.apache.catalina.core.StandardHostValve.invoke(StandardHostValve.java:115)
	at org.apache.catalina.valves.ErrorReportValve.invoke(ErrorReportValve.java:93)
	at org.apache.catalina.core.StandardEngineValve.invoke(StandardEngineValve.java:74)
	at org.apache.catalina.connector.CoyoteAdapter.service(CoyoteAdapter.java:344)
	at org.apache.coyote.http11.Http11Processor.service(Http11Processor.java:391)
	at org.apache.coyote.AbstractProcessorLight.process(AbstractProcessorLight.java:63)
	at org.apache.coyote.AbstractProtocol$ConnectionHandler.process(AbstractProtocol.java:896)
	at org.apache.tomcat.util.net.NioEndpoint$SocketProcessor.doRun(NioEndpoint.java:1736)
	at org.apache.tomcat.util.net.SocketProcessorBase.run(SocketProcessorBase.java:52)
	at org.apache.tomcat.util.threads.ThreadPoolExecutor.runWorker(ThreadPoolExecutor.java:1191)
	at org.apache.tomcat.util.threads.ThreadPoolExecutor$Worker.run(ThreadPoolExecutor.java:659)
	at org.apache.tomcat.util.threads.TaskThread$WrappingRunnable.run(TaskThread.java:63)
	at java.base/java.lang.Thread.run(Thread.java:840)
2025-05-07 04:59:21,182 INFO org.springframework.orm.jpa.LocalContainerEntityManagerFactoryBean [SpringApplicationShutdownHook] Closing JPA EntityManagerFactory for persistence unit 'default'
2025-05-07 04:59:21,182 INFO com.zaxxer.hikari.HikariDataSource [SpringApplicationShutdownHook] HikariPool-1 - Shutdown initiated...
2025-05-07 04:59:21,190 INFO com.zaxxer.hikari.HikariDataSource [SpringApplicationShutdownHook] HikariPool-1 - Shutdown completed.
2025-05-07 04:59:24,837 INFO com.tn.Demo25AccountThymeleafApplication [restartedMain] Starting Demo25AccountThymeleafApplication using Java 17.0.10 with PID 7640 (C:\Users\Public\Javapro\demo25_AccountThymeleaf\target\classes started by havan in C:\Users\Public\Javapro\demo25_AccountThymeleaf)
2025-05-07 04:59:24,837 INFO com.tn.Demo25AccountThymeleafApplication [restartedMain] The following 1 profile is active: "prod"
2025-05-07 04:59:24,885 INFO org.springframework.boot.devtools.env.DevToolsPropertyDefaultsPostProcessor [restartedMain] Devtools property defaults active! Set 'spring.devtools.add-properties' to 'false' to disable
2025-05-07 04:59:24,885 INFO org.springframework.boot.devtools.env.DevToolsPropertyDefaultsPostProcessor [restartedMain] For additional web related logging consider setting the 'logging.level.web' property to 'DEBUG'
2025-05-07 04:59:25,549 INFO org.springframework.data.repository.config.RepositoryConfigurationDelegate [restartedMain] Bootstrapping Spring Data JPA repositories in DEFAULT mode.
2025-05-07 04:59:25,617 INFO org.springframework.data.repository.config.RepositoryConfigurationDelegate [restartedMain] Finished Spring Data repository scanning in 66 ms. Found 6 JPA repository interfaces.
2025-05-07 04:59:26,197 INFO org.springframework.boot.web.embedded.tomcat.TomcatWebServer [restartedMain] Tomcat initialized with port(s): 8080 (http)
2025-05-07 04:59:26,200 INFO org.apache.catalina.core.StandardService [restartedMain] Starting service [Tomcat]
2025-05-07 04:59:26,200 INFO org.apache.catalina.core.StandardEngine [restartedMain] Starting Servlet engine: [Apache Tomcat/10.1.20]
2025-05-07 04:59:26,257 INFO org.apache.catalina.core.ContainerBase.[Tomcat].[localhost].[/] [restartedMain] Initializing Spring embedded WebApplicationContext
2025-05-07 04:59:26,257 INFO org.springframework.boot.web.servlet.context.ServletWebServerApplicationContext [restartedMain] Root WebApplicationContext: initialization completed in 1372 ms
2025-05-07 04:59:26,392 INFO org.hibernate.jpa.internal.util.LogHelper [restartedMain] HHH000204: Processing PersistenceUnitInfo [name: default]
2025-05-07 04:59:26,431 INFO org.hibernate.Version [restartedMain] HHH000412: Hibernate ORM core version 6.2.24.Final
2025-05-07 04:59:26,431 INFO org.hibernate.cfg.Environment [restartedMain] HHH000406: Using bytecode reflection optimizer
2025-05-07 04:59:26,597 INFO org.springframework.orm.jpa.persistenceunit.SpringPersistenceUnitInfo [restartedMain] No LoadTimeWeaver setup: ignoring JPA class transformer
2025-05-07 04:59:26,607 INFO com.zaxxer.hikari.HikariDataSource [restartedMain] HikariPool-1 - Starting...
2025-05-07 04:59:26,716 INFO com.zaxxer.hikari.pool.HikariPool [restartedMain] HikariPool-1 - Added connection com.mysql.cj.jdbc.ConnectionImpl@734ade6d
2025-05-07 04:59:26,717 INFO com.zaxxer.hikari.HikariDataSource [restartedMain] HikariPool-1 - Start completed.
2025-05-07 04:59:26,742 WARN org.hibernate.dialect.Dialect [restartedMain] HHH000511: The 5.5.0 version for [org.hibernate.dialect.MySQLDialect] is no longer supported, hence certain features may not work properly. The minimum supported version is 5.7.0. Check the community dialects project for available legacy versions.
2025-05-07 04:59:27,542 INFO org.hibernate.engine.transaction.jta.platform.internal.JtaPlatformInitiator [restartedMain] HHH000489: No JTA platform available (set 'hibernate.transaction.jta.platform' to enable JTA platform integration)
2025-05-07 04:59:27,639 INFO org.springframework.orm.jpa.LocalContainerEntityManagerFactoryBean [restartedMain] Initialized JPA EntityManagerFactory for persistence unit 'default'
2025-05-07 04:59:27,977 INFO org.springframework.data.jpa.repository.query.QueryEnhancerFactory [restartedMain] Hibernate is in classpath; If applicable, HQL parser will be used.
2025-05-07 04:59:28,257 WARN org.springframework.boot.autoconfigure.orm.jpa.JpaBaseConfiguration$JpaWebConfiguration [restartedMain] spring.jpa.open-in-view is enabled by default. Therefore, database queries may be performed during view rendering. Explicitly configure spring.jpa.open-in-view to disable this warning
2025-05-07 04:59:28,507 INFO org.springframework.security.web.DefaultSecurityFilterChain [restartedMain] Will secure any request with [org.springframework.security.web.session.DisableEncodeUrlFilter@3ce67527, org.springframework.security.web.context.request.async.WebAsyncManagerIntegrationFilter@120558ab, org.springframework.security.web.context.SecurityContextHolderFilter@1569c832, org.springframework.security.web.header.HeaderWriterFilter@2dd75854, org.springframework.security.web.authentication.logout.LogoutFilter@2f0a16c, org.springframework.security.web.authentication.UsernamePasswordAuthenticationFilter@79ef768, org.springframework.security.web.savedrequest.RequestCacheAwareFilter@7da5759, org.springframework.security.web.servletapi.SecurityContextHolderAwareRequestFilter@5a7a8dc3, org.springframework.security.web.authentication.AnonymousAuthenticationFilter@6250c834, org.springframework.security.web.access.ExceptionTranslationFilter@6d920992, org.springframework.security.web.access.intercept.FilterSecurityInterceptor@1fb5351]
2025-05-07 04:59:28,735 INFO org.springframework.boot.devtools.autoconfigure.OptionalLiveReloadServer [restartedMain] LiveReload server is running on port 35729
2025-05-07 04:59:28,767 INFO org.springframework.boot.web.embedded.tomcat.TomcatWebServer [restartedMain] Tomcat started on port(s): 8080 (http) with context path ''
2025-05-07 04:59:28,794 INFO com.tn.Demo25AccountThymeleafApplication [restartedMain] Started Demo25AccountThymeleafApplication in 4.366 seconds (process running for 5.151)
2025-05-07 04:59:33,907 INFO org.apache.catalina.core.ContainerBase.[Tomcat].[localhost].[/] [http-nio-8080-exec-1] Initializing Spring DispatcherServlet 'dispatcherServlet'
2025-05-07 04:59:33,907 INFO org.springframework.web.servlet.DispatcherServlet [http-nio-8080-exec-1] Initializing Servlet 'dispatcherServlet'
2025-05-07 04:59:33,908 INFO org.springframework.web.servlet.DispatcherServlet [http-nio-8080-exec-1] Completed initialization in 1 ms
2025-05-07 04:59:34,348 WARN org.thymeleaf.standard.processor.AbstractStandardFragmentInsertionTagProcessor [http-nio-8080-exec-1] [THYMELEAF][http-nio-8080-exec-1][admin-index] Deprecated unwrapped fragment expression "admin-product-list.html::AdminProductList" found in template admin-index, line 39, col 10. Please use the complete syntax of fragment expressions instead ("~{admin-product-list.html::AdminProductList}"). The old, unwrapped syntax for fragment expressions will be removed in future versions of Thymeleaf.
2025-05-07 04:59:34,362 WARN org.thymeleaf.standard.processor.AbstractStandardFragmentInsertionTagProcessor [http-nio-8080-exec-1] [THYMELEAF][http-nio-8080-exec-1][admin-product-list.html] Deprecated unwrapped fragment expression "layout-admin.html::LayoutAdmin" found in template admin-product-list.html, line 4, col 10. Please use the complete syntax of fragment expressions instead ("~{layout-admin.html::LayoutAdmin}"). The old, unwrapped syntax for fragment expressions will be removed in future versions of Thymeleaf.
2025-05-07 04:59:35,601 WARN org.thymeleaf.standard.processor.AbstractStandardFragmentInsertionTagProcessor [http-nio-8080-exec-2] [THYMELEAF][http-nio-8080-exec-2][admin-index] Deprecated unwrapped fragment expression "admin-product-edit.html::AdminProductEdit" found in template admin-index, line 45, col 10. Please use the complete syntax of fragment expressions instead ("~{admin-product-edit.html::AdminProductEdit}"). The old, unwrapped syntax for fragment expressions will be removed in future versions of Thymeleaf.
2025-05-07 04:59:35,643 ERROR org.thymeleaf.TemplateEngine [http-nio-8080-exec-2] [THYMELEAF][http-nio-8080-exec-2] Exception processing template "admin-index": An error happened during template parsing (template: "class path resource [templates/admin-index.html]")
org.thymeleaf.exceptions.TemplateInputException: An error happened during template parsing (template: "class path resource [templates/admin-index.html]")
	at org.thymeleaf.templateparser.markup.AbstractMarkupTemplateParser.parse(AbstractMarkupTemplateParser.java:241)
	at org.thymeleaf.templateparser.markup.AbstractMarkupTemplateParser.parseStandalone(AbstractMarkupTemplateParser.java:100)
	at org.thymeleaf.engine.TemplateManager.parseAndProcess(TemplateManager.java:666)
	at org.thymeleaf.TemplateEngine.process(TemplateEngine.java:1103)
	at org.thymeleaf.TemplateEngine.process(TemplateEngine.java:1077)
	at org.thymeleaf.spring6.view.ThymeleafView.renderFragment(ThymeleafView.java:372)
	at org.thymeleaf.spring6.view.ThymeleafView.render(ThymeleafView.java:192)
	at org.springframework.web.servlet.DispatcherServlet.render(DispatcherServlet.java:1415)
	at org.springframework.web.servlet.DispatcherServlet.processDispatchResult(DispatcherServlet.java:1159)
	at org.springframework.web.servlet.DispatcherServlet.doDispatch(DispatcherServlet.java:1098)
	at org.springframework.web.servlet.DispatcherServlet.doService(DispatcherServlet.java:974)
	at org.springframework.web.servlet.FrameworkServlet.processRequest(FrameworkServlet.java:1014)
	at org.springframework.web.servlet.FrameworkServlet.doGet(FrameworkServlet.java:903)
	at jakarta.servlet.http.HttpServlet.service(HttpServlet.java:564)
	at org.springframework.web.servlet.FrameworkServlet.service(FrameworkServlet.java:885)
	at jakarta.servlet.http.HttpServlet.service(HttpServlet.java:658)
	at org.apache.catalina.core.ApplicationFilterChain.internalDoFilter(ApplicationFilterChain.java:206)
	at org.apache.catalina.core.ApplicationFilterChain.doFilter(ApplicationFilterChain.java:150)
	at org.apache.tomcat.websocket.server.WsFilter.doFilter(WsFilter.java:51)
	at org.apache.catalina.core.ApplicationFilterChain.internalDoFilter(ApplicationFilterChain.java:175)
	at org.apache.catalina.core.ApplicationFilterChain.doFilter(ApplicationFilterChain.java:150)
	at org.springframework.web.filter.CompositeFilter$VirtualFilterChain.doFilter(CompositeFilter.java:108)
	at org.springframework.security.web.FilterChainProxy.lambda$doFilterInternal$3(FilterChainProxy.java:231)
	at org.springframework.security.web.FilterChainProxy$VirtualFilterChain.doFilter(FilterChainProxy.java:365)
	at org.springframework.security.web.access.intercept.FilterSecurityInterceptor.invoke(FilterSecurityInterceptor.java:117)
	at org.springframework.security.web.access.intercept.FilterSecurityInterceptor.doFilter(FilterSecurityInterceptor.java:83)
	at org.springframework.security.web.FilterChainProxy$VirtualFilterChain.doFilter(FilterChainProxy.java:374)
	at org.springframework.security.web.access.ExceptionTranslationFilter.doFilter(ExceptionTranslationFilter.java:126)
	at org.springframework.security.web.access.ExceptionTranslationFilter.doFilter(ExceptionTranslationFilter.java:120)
	at org.springframework.security.web.FilterChainProxy$VirtualFilterChain.doFilter(FilterChainProxy.java:374)
	at org.springframework.security.web.authentication.AnonymousAuthenticationFilter.doFilter(AnonymousAuthenticationFilter.java:100)
	at org.springframework.security.web.FilterChainProxy$VirtualFilterChain.doFilter(FilterChainProxy.java:374)
	at org.springframework.security.web.servletapi.SecurityContextHolderAwareRequestFilter.doFilter(SecurityContextHolderAwareRequestFilter.java:179)
	at org.springframework.security.web.FilterChainProxy$VirtualFilterChain.doFilter(FilterChainProxy.java:374)
	at org.springframework.security.web.savedrequest.RequestCacheAwareFilter.doFilter(RequestCacheAwareFilter.java:63)
	at org.springframework.security.web.FilterChainProxy$VirtualFilterChain.doFilter(FilterChainProxy.java:374)
	at org.springframework.security.web.authentication.AbstractAuthenticationProcessingFilter.doFilter(AbstractAuthenticationProcessingFilter.java:227)
	at org.springframework.security.web.authentication.AbstractAuthenticationProcessingFilter.doFilter(AbstractAuthenticationProcessingFilter.java:221)
	at org.springframework.security.web.FilterChainProxy$VirtualFilterChain.doFilter(FilterChainProxy.java:374)
	at org.springframework.security.web.authentication.logout.LogoutFilter.doFilter(LogoutFilter.java:107)
	at org.springframework.security.web.authentication.logout.LogoutFilter.doFilter(LogoutFilter.java:93)
	at org.springframework.security.web.FilterChainProxy$VirtualFilterChain.doFilter(FilterChainProxy.java:374)
	at org.springframework.security.web.header.HeaderWriterFilter.doHeadersAfter(HeaderWriterFilter.java:90)
	at org.springframework.security.web.header.HeaderWriterFilter.doFilterInternal(HeaderWriterFilter.java:75)
	at org.springframework.web.filter.OncePerRequestFilter.doFilter(OncePerRequestFilter.java:116)
	at org.springframework.security.web.FilterChainProxy$VirtualFilterChain.doFilter(FilterChainProxy.java:374)
	at org.springframework.security.web.context.SecurityContextHolderFilter.doFilter(SecurityContextHolderFilter.java:82)
	at org.springframework.security.web.context.SecurityContextHolderFilter.doFilter(SecurityContextHolderFilter.java:69)
	at org.springframework.security.web.FilterChainProxy$VirtualFilterChain.doFilter(FilterChainProxy.java:374)
	at org.springframework.security.web.context.request.async.WebAsyncManagerIntegrationFilter.doFilterInternal(WebAsyncManagerIntegrationFilter.java:62)
	at org.springframework.web.filter.OncePerRequestFilter.doFilter(OncePerRequestFilter.java:116)
	at org.springframework.security.web.FilterChainProxy$VirtualFilterChain.doFilter(FilterChainProxy.java:374)
	at org.springframework.security.web.session.DisableEncodeUrlFilter.doFilterInternal(DisableEncodeUrlFilter.java:42)
	at org.springframework.web.filter.OncePerRequestFilter.doFilter(OncePerRequestFilter.java:116)
	at org.springframework.security.web.FilterChainProxy$VirtualFilterChain.doFilter(FilterChainProxy.java:374)
	at org.springframework.security.web.FilterChainProxy.doFilterInternal(FilterChainProxy.java:233)
	at org.springframework.security.web.FilterChainProxy.doFilter(FilterChainProxy.java:191)
	at org.springframework.web.filter.CompositeFilter$VirtualFilterChain.doFilter(CompositeFilter.java:113)
	at org.springframework.web.servlet.handler.HandlerMappingIntrospector.lambda$createCacheFilter$3(HandlerMappingIntrospector.java:195)
	at org.springframework.web.filter.CompositeFilter$VirtualFilterChain.doFilter(CompositeFilter.java:113)
	at org.springframework.web.filter.CompositeFilter.doFilter(CompositeFilter.java:74)
	at org.springframework.security.config.annotation.web.configuration.WebMvcSecurityConfiguration$CompositeFilterChainProxy.doFilter(WebMvcSecurityConfiguration.java:230)
	at org.springframework.web.filter.DelegatingFilterProxy.invokeDelegate(DelegatingFilterProxy.java:352)
	at org.springframework.web.filter.DelegatingFilterProxy.doFilter(DelegatingFilterProxy.java:268)
	at org.apache.catalina.core.ApplicationFilterChain.internalDoFilter(ApplicationFilterChain.java:175)
	at org.apache.catalina.core.ApplicationFilterChain.doFilter(ApplicationFilterChain.java:150)
	at org.springframework.web.filter.RequestContextFilter.doFilterInternal(RequestContextFilter.java:100)
	at org.springframework.web.filter.OncePerRequestFilter.doFilter(OncePerRequestFilter.java:116)
	at org.apache.catalina.core.ApplicationFilterChain.internalDoFilter(ApplicationFilterChain.java:175)
	at org.apache.catalina.core.ApplicationFilterChain.doFilter(ApplicationFilterChain.java:150)
	at org.springframework.web.filter.FormContentFilter.doFilterInternal(FormContentFilter.java:93)
	at org.springframework.web.filter.OncePerRequestFilter.doFilter(OncePerRequestFilter.java:116)
	at org.apache.catalina.core.ApplicationFilterChain.internalDoFilter(ApplicationFilterChain.java:175)
	at org.apache.catalina.core.ApplicationFilterChain.doFilter(ApplicationFilterChain.java:150)
	at org.springframework.web.filter.CharacterEncodingFilter.doFilterInternal(CharacterEncodingFilter.java:201)
	at org.springframework.web.filter.OncePerRequestFilter.doFilter(OncePerRequestFilter.java:116)
	at org.apache.catalina.core.ApplicationFilterChain.internalDoFilter(ApplicationFilterChain.java:175)
	at org.apache.catalina.core.ApplicationFilterChain.doFilter(ApplicationFilterChain.java:150)
	at org.apache.catalina.core.StandardWrapperValve.invoke(StandardWrapperValve.java:167)
	at org.apache.catalina.core.StandardContextValve.invoke(StandardContextValve.java:90)
	at org.apache.catalina.authenticator.AuthenticatorBase.invoke(AuthenticatorBase.java:482)
	at org.apache.catalina.core.StandardHostValve.invoke(StandardHostValve.java:115)
	at org.apache.catalina.valves.ErrorReportValve.invoke(ErrorReportValve.java:93)
	at org.apache.catalina.core.StandardEngineValve.invoke(StandardEngineValve.java:74)
	at org.apache.catalina.connector.CoyoteAdapter.service(CoyoteAdapter.java:344)
	at org.apache.coyote.http11.Http11Processor.service(Http11Processor.java:391)
	at org.apache.coyote.AbstractProcessorLight.process(AbstractProcessorLight.java:63)
	at org.apache.coyote.AbstractProtocol$ConnectionHandler.process(AbstractProtocol.java:896)
	at org.apache.tomcat.util.net.NioEndpoint$SocketProcessor.doRun(NioEndpoint.java:1736)
	at org.apache.tomcat.util.net.SocketProcessorBase.run(SocketProcessorBase.java:52)
	at org.apache.tomcat.util.threads.ThreadPoolExecutor.runWorker(ThreadPoolExecutor.java:1191)
	at org.apache.tomcat.util.threads.ThreadPoolExecutor$Worker.run(ThreadPoolExecutor.java:659)
	at org.apache.tomcat.util.threads.TaskThread$WrappingRunnable.run(TaskThread.java:63)
	at java.base/java.lang.Thread.run(Thread.java:840)
Caused by: org.attoparser.ParseException: Exception evaluating SpringEL expression: "obj.name" (template: "admin-product-edit.html" - line 47, col 27)
	at org.attoparser.MarkupParser.parseDocument(MarkupParser.java:393)
	at org.attoparser.MarkupParser.parse(MarkupParser.java:257)
	at org.thymeleaf.templateparser.markup.AbstractMarkupTemplateParser.parse(AbstractMarkupTemplateParser.java:230)
	... 93 common frames omitted
Caused by: org.thymeleaf.exceptions.TemplateProcessingException: Exception evaluating SpringEL expression: "obj.name" (template: "admin-product-edit.html" - line 47, col 27)
	at org.thymeleaf.spring6.expression.SPELVariableExpressionEvaluator.evaluate(SPELVariableExpressionEvaluator.java:292)
	at org.thymeleaf.standard.expression.VariableExpression.executeVariableExpression(VariableExpression.java:166)
	at org.thymeleaf.standard.expression.SimpleExpression.executeSimple(SimpleExpression.java:66)
	at org.thymeleaf.standard.expression.Expression.execute(Expression.java:109)
	at org.thymeleaf.standard.expression.Expression.execute(Expression.java:138)
	at org.thymeleaf.standard.processor.AbstractStandardExpressionAttributeTagProcessor.doProcess(AbstractStandardExpressionAttributeTagProcessor.java:144)
	at org.thymeleaf.processor.element.AbstractAttributeTagProcessor.doProcess(AbstractAttributeTagProcessor.java:74)
	at org.thymeleaf.processor.element.AbstractElementTagProcessor.process(AbstractElementTagProcessor.java:95)
	at org.thymeleaf.util.ProcessorConfigurationUtils$ElementTagProcessorWrapper.process(ProcessorConfigurationUtils.java:633)
	at org.thymeleaf.engine.ProcessorTemplateHandler.handleOpenElement(ProcessorTemplateHandler.java:1314)
	at org.thymeleaf.engine.OpenElementTag.beHandled(OpenElementTag.java:205)
	at org.thymeleaf.engine.Model.process(Model.java:282)
	at org.thymeleaf.engine.Model.process(Model.java:290)
	at org.thymeleaf.engine.IteratedGatheringModelProcessable.processIterationModel(IteratedGatheringModelProcessable.java:368)
	at org.thymeleaf.engine.IteratedGatheringModelProcessable.process(IteratedGatheringModelProcessable.java:222)
	at org.thymeleaf.engine.ProcessorTemplateHandler.handleCloseElement(ProcessorTemplateHandler.java:1640)
	at org.thymeleaf.engine.CloseElementTag.beHandled(CloseElementTag.java:139)
	at org.thymeleaf.engine.Model.process(Model.java:282)
	at org.thymeleaf.engine.ProcessorTemplateHandler.handleOpenElement(ProcessorTemplateHandler.java:1587)
	at org.thymeleaf.engine.TemplateHandlerAdapterMarkupHandler.handleOpenElementEnd(TemplateHandlerAdapterMarkupHandler.java:304)
	at org.thymeleaf.templateparser.markup.InlinedOutputExpressionMarkupHandler$InlineMarkupAdapterPreProcessorHandler.handleOpenElementEnd(InlinedOutputExpressionMarkupHandler.java:278)
	at org.thymeleaf.standard.inline.OutputExpressionInlinePreProcessorHandler.handleOpenElementEnd(OutputExpressionInlinePreProcessorHandler.java:186)
	at org.thymeleaf.templateparser.markup.InlinedOutputExpressionMarkupHandler.handleOpenElementEnd(InlinedOutputExpressionMarkupHandler.java:124)
	at org.attoparser.HtmlElement.handleOpenElementEnd(HtmlElement.java:109)
	at org.attoparser.HtmlMarkupHandler.handleOpenElementEnd(HtmlMarkupHandler.java:297)
	at org.attoparser.MarkupEventProcessorHandler.handleOpenElementEnd(MarkupEventProcessorHandler.java:402)
	at org.attoparser.ParsingElementMarkupUtil.parseOpenElement(ParsingElementMarkupUtil.java:159)
	at org.attoparser.MarkupParser.parseBuffer(MarkupParser.java:710)
	at org.attoparser.MarkupParser.parseDocument(MarkupParser.java:301)
	... 95 common frames omitted
Caused by: org.springframework.expression.spel.SpelEvaluationException: EL1008E: Property or field 'name' cannot be found on object of type 'com.tn.entity.Category' - maybe not public or not valid?
	at org.springframework.expression.spel.ast.PropertyOrFieldReference.readProperty(PropertyOrFieldReference.java:228)
	at org.springframework.expression.spel.ast.PropertyOrFieldReference.getValueInternal(PropertyOrFieldReference.java:111)
	at org.springframework.expression.spel.ast.PropertyOrFieldReference$AccessorLValue.getValue(PropertyOrFieldReference.java:416)
	at org.springframework.expression.spel.ast.CompoundExpression.getValueInternal(CompoundExpression.java:98)
	at org.springframework.expression.spel.ast.SpelNodeImpl.getValue(SpelNodeImpl.java:114)
	at org.springframework.expression.spel.standard.SpelExpression.getValue(SpelExpression.java:338)
	at org.thymeleaf.spring6.expression.SPELVariableExpressionEvaluator.evaluate(SPELVariableExpressionEvaluator.java:265)
	... 123 common frames omitted
2025-05-07 04:59:35,656 ERROR org.apache.catalina.core.ContainerBase.[Tomcat].[localhost].[/].[dispatcherServlet] [http-nio-8080-exec-2] Servlet.service() for servlet [dispatcherServlet] in context with path [] threw exception [Request processing failed: org.thymeleaf.exceptions.TemplateInputException: An error happened during template parsing (template: "class path resource [templates/admin-index.html]")] with root cause
org.springframework.expression.spel.SpelEvaluationException: EL1008E: Property or field 'name' cannot be found on object of type 'com.tn.entity.Category' - maybe not public or not valid?
	at org.springframework.expression.spel.ast.PropertyOrFieldReference.readProperty(PropertyOrFieldReference.java:228)
	at org.springframework.expression.spel.ast.PropertyOrFieldReference.getValueInternal(PropertyOrFieldReference.java:111)
	at org.springframework.expression.spel.ast.PropertyOrFieldReference$AccessorLValue.getValue(PropertyOrFieldReference.java:416)
	at org.springframework.expression.spel.ast.CompoundExpression.getValueInternal(CompoundExpression.java:98)
	at org.springframework.expression.spel.ast.SpelNodeImpl.getValue(SpelNodeImpl.java:114)
	at org.springframework.expression.spel.standard.SpelExpression.getValue(SpelExpression.java:338)
	at org.thymeleaf.spring6.expression.SPELVariableExpressionEvaluator.evaluate(SPELVariableExpressionEvaluator.java:265)
	at org.thymeleaf.standard.expression.VariableExpression.executeVariableExpression(VariableExpression.java:166)
	at org.thymeleaf.standard.expression.SimpleExpression.executeSimple(SimpleExpression.java:66)
	at org.thymeleaf.standard.expression.Expression.execute(Expression.java:109)
	at org.thymeleaf.standard.expression.Expression.execute(Expression.java:138)
	at org.thymeleaf.standard.processor.AbstractStandardExpressionAttributeTagProcessor.doProcess(AbstractStandardExpressionAttributeTagProcessor.java:144)
	at org.thymeleaf.processor.element.AbstractAttributeTagProcessor.doProcess(AbstractAttributeTagProcessor.java:74)
	at org.thymeleaf.processor.element.AbstractElementTagProcessor.process(AbstractElementTagProcessor.java:95)
	at org.thymeleaf.util.ProcessorConfigurationUtils$ElementTagProcessorWrapper.process(ProcessorConfigurationUtils.java:633)
	at org.thymeleaf.engine.ProcessorTemplateHandler.handleOpenElement(ProcessorTemplateHandler.java:1314)
	at org.thymeleaf.engine.OpenElementTag.beHandled(OpenElementTag.java:205)
	at org.thymeleaf.engine.Model.process(Model.java:282)
	at org.thymeleaf.engine.Model.process(Model.java:290)
	at org.thymeleaf.engine.IteratedGatheringModelProcessable.processIterationModel(IteratedGatheringModelProcessable.java:368)
	at org.thymeleaf.engine.IteratedGatheringModelProcessable.process(IteratedGatheringModelProcessable.java:222)
	at org.thymeleaf.engine.ProcessorTemplateHandler.handleCloseElement(ProcessorTemplateHandler.java:1640)
	at org.thymeleaf.engine.CloseElementTag.beHandled(CloseElementTag.java:139)
	at org.thymeleaf.engine.Model.process(Model.java:282)
	at org.thymeleaf.engine.ProcessorTemplateHandler.handleOpenElement(ProcessorTemplateHandler.java:1587)
	at org.thymeleaf.engine.TemplateHandlerAdapterMarkupHandler.handleOpenElementEnd(TemplateHandlerAdapterMarkupHandler.java:304)
	at org.thymeleaf.templateparser.markup.InlinedOutputExpressionMarkupHandler$InlineMarkupAdapterPreProcessorHandler.handleOpenElementEnd(InlinedOutputExpressionMarkupHandler.java:278)
	at org.thymeleaf.standard.inline.OutputExpressionInlinePreProcessorHandler.handleOpenElementEnd(OutputExpressionInlinePreProcessorHandler.java:186)
	at org.thymeleaf.templateparser.markup.InlinedOutputExpressionMarkupHandler.handleOpenElementEnd(InlinedOutputExpressionMarkupHandler.java:124)
	at org.attoparser.HtmlElement.handleOpenElementEnd(HtmlElement.java:109)
	at org.attoparser.HtmlMarkupHandler.handleOpenElementEnd(HtmlMarkupHandler.java:297)
	at org.attoparser.MarkupEventProcessorHandler.handleOpenElementEnd(MarkupEventProcessorHandler.java:402)
	at org.attoparser.ParsingElementMarkupUtil.parseOpenElement(ParsingElementMarkupUtil.java:159)
	at org.attoparser.MarkupParser.parseBuffer(MarkupParser.java:710)
	at org.attoparser.MarkupParser.parseDocument(MarkupParser.java:301)
	at org.attoparser.MarkupParser.parse(MarkupParser.java:257)
	at org.thymeleaf.templateparser.markup.AbstractMarkupTemplateParser.parse(AbstractMarkupTemplateParser.java:230)
	at org.thymeleaf.templateparser.markup.AbstractMarkupTemplateParser.parseStandalone(AbstractMarkupTemplateParser.java:100)
	at org.thymeleaf.engine.TemplateManager.parseAndProcess(TemplateManager.java:666)
	at org.thymeleaf.TemplateEngine.process(TemplateEngine.java:1103)
	at org.thymeleaf.TemplateEngine.process(TemplateEngine.java:1077)
	at org.thymeleaf.spring6.view.ThymeleafView.renderFragment(ThymeleafView.java:372)
	at org.thymeleaf.spring6.view.ThymeleafView.render(ThymeleafView.java:192)
	at org.springframework.web.servlet.DispatcherServlet.render(DispatcherServlet.java:1415)
	at org.springframework.web.servlet.DispatcherServlet.processDispatchResult(DispatcherServlet.java:1159)
	at org.springframework.web.servlet.DispatcherServlet.doDispatch(DispatcherServlet.java:1098)
	at org.springframework.web.servlet.DispatcherServlet.doService(DispatcherServlet.java:974)
	at org.springframework.web.servlet.FrameworkServlet.processRequest(FrameworkServlet.java:1014)
	at org.springframework.web.servlet.FrameworkServlet.doGet(FrameworkServlet.java:903)
	at jakarta.servlet.http.HttpServlet.service(HttpServlet.java:564)
	at org.springframework.web.servlet.FrameworkServlet.service(FrameworkServlet.java:885)
	at jakarta.servlet.http.HttpServlet.service(HttpServlet.java:658)
	at org.apache.catalina.core.ApplicationFilterChain.internalDoFilter(ApplicationFilterChain.java:206)
	at org.apache.catalina.core.ApplicationFilterChain.doFilter(ApplicationFilterChain.java:150)
	at org.apache.tomcat.websocket.server.WsFilter.doFilter(WsFilter.java:51)
	at org.apache.catalina.core.ApplicationFilterChain.internalDoFilter(ApplicationFilterChain.java:175)
	at org.apache.catalina.core.ApplicationFilterChain.doFilter(ApplicationFilterChain.java:150)
	at org.springframework.web.filter.CompositeFilter$VirtualFilterChain.doFilter(CompositeFilter.java:108)
	at org.springframework.security.web.FilterChainProxy.lambda$doFilterInternal$3(FilterChainProxy.java:231)
	at org.springframework.security.web.FilterChainProxy$VirtualFilterChain.doFilter(FilterChainProxy.java:365)
	at org.springframework.security.web.access.intercept.FilterSecurityInterceptor.invoke(FilterSecurityInterceptor.java:117)
	at org.springframework.security.web.access.intercept.FilterSecurityInterceptor.doFilter(FilterSecurityInterceptor.java:83)
	at org.springframework.security.web.FilterChainProxy$VirtualFilterChain.doFilter(FilterChainProxy.java:374)
	at org.springframework.security.web.access.ExceptionTranslationFilter.doFilter(ExceptionTranslationFilter.java:126)
	at org.springframework.security.web.access.ExceptionTranslationFilter.doFilter(ExceptionTranslationFilter.java:120)
	at org.springframework.security.web.FilterChainProxy$VirtualFilterChain.doFilter(FilterChainProxy.java:374)
	at org.springframework.security.web.authentication.AnonymousAuthenticationFilter.doFilter(AnonymousAuthenticationFilter.java:100)
	at org.springframework.security.web.FilterChainProxy$VirtualFilterChain.doFilter(FilterChainProxy.java:374)
	at org.springframework.security.web.servletapi.SecurityContextHolderAwareRequestFilter.doFilter(SecurityContextHolderAwareRequestFilter.java:179)
	at org.springframework.security.web.FilterChainProxy$VirtualFilterChain.doFilter(FilterChainProxy.java:374)
	at org.springframework.security.web.savedrequest.RequestCacheAwareFilter.doFilter(RequestCacheAwareFilter.java:63)
	at org.springframework.security.web.FilterChainProxy$VirtualFilterChain.doFilter(FilterChainProxy.java:374)
	at org.springframework.security.web.authentication.AbstractAuthenticationProcessingFilter.doFilter(AbstractAuthenticationProcessingFilter.java:227)
	at org.springframework.security.web.authentication.AbstractAuthenticationProcessingFilter.doFilter(AbstractAuthenticationProcessingFilter.java:221)
	at org.springframework.security.web.FilterChainProxy$VirtualFilterChain.doFilter(FilterChainProxy.java:374)
	at org.springframework.security.web.authentication.logout.LogoutFilter.doFilter(LogoutFilter.java:107)
	at org.springframework.security.web.authentication.logout.LogoutFilter.doFilter(LogoutFilter.java:93)
	at org.springframework.security.web.FilterChainProxy$VirtualFilterChain.doFilter(FilterChainProxy.java:374)
	at org.springframework.security.web.header.HeaderWriterFilter.doHeadersAfter(HeaderWriterFilter.java:90)
	at org.springframework.security.web.header.HeaderWriterFilter.doFilterInternal(HeaderWriterFilter.java:75)
	at org.springframework.web.filter.OncePerRequestFilter.doFilter(OncePerRequestFilter.java:116)
	at org.springframework.security.web.FilterChainProxy$VirtualFilterChain.doFilter(FilterChainProxy.java:374)
	at org.springframework.security.web.context.SecurityContextHolderFilter.doFilter(SecurityContextHolderFilter.java:82)
	at org.springframework.security.web.context.SecurityContextHolderFilter.doFilter(SecurityContextHolderFilter.java:69)
	at org.springframework.security.web.FilterChainProxy$VirtualFilterChain.doFilter(FilterChainProxy.java:374)
	at org.springframework.security.web.context.request.async.WebAsyncManagerIntegrationFilter.doFilterInternal(WebAsyncManagerIntegrationFilter.java:62)
	at org.springframework.web.filter.OncePerRequestFilter.doFilter(OncePerRequestFilter.java:116)
	at org.springframework.security.web.FilterChainProxy$VirtualFilterChain.doFilter(FilterChainProxy.java:374)
	at org.springframework.security.web.session.DisableEncodeUrlFilter.doFilterInternal(DisableEncodeUrlFilter.java:42)
	at org.springframework.web.filter.OncePerRequestFilter.doFilter(OncePerRequestFilter.java:116)
	at org.springframework.security.web.FilterChainProxy$VirtualFilterChain.doFilter(FilterChainProxy.java:374)
	at org.springframework.security.web.FilterChainProxy.doFilterInternal(FilterChainProxy.java:233)
	at org.springframework.security.web.FilterChainProxy.doFilter(FilterChainProxy.java:191)
	at org.springframework.web.filter.CompositeFilter$VirtualFilterChain.doFilter(CompositeFilter.java:113)
	at org.springframework.web.servlet.handler.HandlerMappingIntrospector.lambda$createCacheFilter$3(HandlerMappingIntrospector.java:195)
	at org.springframework.web.filter.CompositeFilter$VirtualFilterChain.doFilter(CompositeFilter.java:113)
	at org.springframework.web.filter.CompositeFilter.doFilter(CompositeFilter.java:74)
	at org.springframework.security.config.annotation.web.configuration.WebMvcSecurityConfiguration$CompositeFilterChainProxy.doFilter(WebMvcSecurityConfiguration.java:230)
	at org.springframework.web.filter.DelegatingFilterProxy.invokeDelegate(DelegatingFilterProxy.java:352)
	at org.springframework.web.filter.DelegatingFilterProxy.doFilter(DelegatingFilterProxy.java:268)
	at org.apache.catalina.core.ApplicationFilterChain.internalDoFilter(ApplicationFilterChain.java:175)
	at org.apache.catalina.core.ApplicationFilterChain.doFilter(ApplicationFilterChain.java:150)
	at org.springframework.web.filter.RequestContextFilter.doFilterInternal(RequestContextFilter.java:100)
	at org.springframework.web.filter.OncePerRequestFilter.doFilter(OncePerRequestFilter.java:116)
	at org.apache.catalina.core.ApplicationFilterChain.internalDoFilter(ApplicationFilterChain.java:175)
	at org.apache.catalina.core.ApplicationFilterChain.doFilter(ApplicationFilterChain.java:150)
	at org.springframework.web.filter.FormContentFilter.doFilterInternal(FormContentFilter.java:93)
	at org.springframework.web.filter.OncePerRequestFilter.doFilter(OncePerRequestFilter.java:116)
	at org.apache.catalina.core.ApplicationFilterChain.internalDoFilter(ApplicationFilterChain.java:175)
	at org.apache.catalina.core.ApplicationFilterChain.doFilter(ApplicationFilterChain.java:150)
	at org.springframework.web.filter.CharacterEncodingFilter.doFilterInternal(CharacterEncodingFilter.java:201)
	at org.springframework.web.filter.OncePerRequestFilter.doFilter(OncePerRequestFilter.java:116)
	at org.apache.catalina.core.ApplicationFilterChain.internalDoFilter(ApplicationFilterChain.java:175)
	at org.apache.catalina.core.ApplicationFilterChain.doFilter(ApplicationFilterChain.java:150)
	at org.apache.catalina.core.StandardWrapperValve.invoke(StandardWrapperValve.java:167)
	at org.apache.catalina.core.StandardContextValve.invoke(StandardContextValve.java:90)
	at org.apache.catalina.authenticator.AuthenticatorBase.invoke(AuthenticatorBase.java:482)
	at org.apache.catalina.core.StandardHostValve.invoke(StandardHostValve.java:115)
	at org.apache.catalina.valves.ErrorReportValve.invoke(ErrorReportValve.java:93)
	at org.apache.catalina.core.StandardEngineValve.invoke(StandardEngineValve.java:74)
	at org.apache.catalina.connector.CoyoteAdapter.service(CoyoteAdapter.java:344)
	at org.apache.coyote.http11.Http11Processor.service(Http11Processor.java:391)
	at org.apache.coyote.AbstractProcessorLight.process(AbstractProcessorLight.java:63)
	at org.apache.coyote.AbstractProtocol$ConnectionHandler.process(AbstractProtocol.java:896)
	at org.apache.tomcat.util.net.NioEndpoint$SocketProcessor.doRun(NioEndpoint.java:1736)
	at org.apache.tomcat.util.net.SocketProcessorBase.run(SocketProcessorBase.java:52)
	at org.apache.tomcat.util.threads.ThreadPoolExecutor.runWorker(ThreadPoolExecutor.java:1191)
	at org.apache.tomcat.util.threads.ThreadPoolExecutor$Worker.run(ThreadPoolExecutor.java:659)
	at org.apache.tomcat.util.threads.TaskThread$WrappingRunnable.run(TaskThread.java:63)
	at java.base/java.lang.Thread.run(Thread.java:840)
2025-05-07 05:00:07,539 INFO org.springframework.orm.jpa.LocalContainerEntityManagerFactoryBean [SpringApplicationShutdownHook] Closing JPA EntityManagerFactory for persistence unit 'default'
2025-05-07 05:00:07,539 INFO com.zaxxer.hikari.HikariDataSource [SpringApplicationShutdownHook] HikariPool-1 - Shutdown initiated...
2025-05-07 05:00:07,547 INFO com.zaxxer.hikari.HikariDataSource [SpringApplicationShutdownHook] HikariPool-1 - Shutdown completed.
2025-05-07 05:00:11,285 INFO com.tn.Demo25AccountThymeleafApplication [restartedMain] Starting Demo25AccountThymeleafApplication using Java 17.0.10 with PID 16784 (C:\Users\Public\Javapro\demo25_AccountThymeleaf\target\classes started by havan in C:\Users\Public\Javapro\demo25_AccountThymeleaf)
2025-05-07 05:00:11,287 INFO com.tn.Demo25AccountThymeleafApplication [restartedMain] The following 1 profile is active: "prod"
2025-05-07 05:00:11,327 INFO org.springframework.boot.devtools.env.DevToolsPropertyDefaultsPostProcessor [restartedMain] Devtools property defaults active! Set 'spring.devtools.add-properties' to 'false' to disable
2025-05-07 05:00:11,327 INFO org.springframework.boot.devtools.env.DevToolsPropertyDefaultsPostProcessor [restartedMain] For additional web related logging consider setting the 'logging.level.web' property to 'DEBUG'
2025-05-07 05:00:12,118 INFO org.springframework.data.repository.config.RepositoryConfigurationDelegate [restartedMain] Bootstrapping Spring Data JPA repositories in DEFAULT mode.
2025-05-07 05:00:12,197 INFO org.springframework.data.repository.config.RepositoryConfigurationDelegate [restartedMain] Finished Spring Data repository scanning in 75 ms. Found 6 JPA repository interfaces.
2025-05-07 05:00:12,851 INFO org.springframework.boot.web.embedded.tomcat.TomcatWebServer [restartedMain] Tomcat initialized with port(s): 8080 (http)
2025-05-07 05:00:12,860 INFO org.apache.catalina.core.StandardService [restartedMain] Starting service [Tomcat]
2025-05-07 05:00:12,860 INFO org.apache.catalina.core.StandardEngine [restartedMain] Starting Servlet engine: [Apache Tomcat/10.1.20]
2025-05-07 05:00:12,917 INFO org.apache.catalina.core.ContainerBase.[Tomcat].[localhost].[/] [restartedMain] Initializing Spring embedded WebApplicationContext
2025-05-07 05:00:12,917 INFO org.springframework.boot.web.servlet.context.ServletWebServerApplicationContext [restartedMain] Root WebApplicationContext: initialization completed in 1590 ms
2025-05-07 05:00:13,092 INFO org.hibernate.jpa.internal.util.LogHelper [restartedMain] HHH000204: Processing PersistenceUnitInfo [name: default]
2025-05-07 05:00:13,131 INFO org.hibernate.Version [restartedMain] HHH000412: Hibernate ORM core version 6.2.24.Final
2025-05-07 05:00:13,131 INFO org.hibernate.cfg.Environment [restartedMain] HHH000406: Using bytecode reflection optimizer
2025-05-07 05:00:13,307 INFO org.springframework.orm.jpa.persistenceunit.SpringPersistenceUnitInfo [restartedMain] No LoadTimeWeaver setup: ignoring JPA class transformer
2025-05-07 05:00:13,331 INFO com.zaxxer.hikari.HikariDataSource [restartedMain] HikariPool-1 - Starting...
2025-05-07 05:00:13,427 INFO com.zaxxer.hikari.pool.HikariPool [restartedMain] HikariPool-1 - Added connection com.mysql.cj.jdbc.ConnectionImpl@7f4cc337
2025-05-07 05:00:13,427 INFO com.zaxxer.hikari.HikariDataSource [restartedMain] HikariPool-1 - Start completed.
2025-05-07 05:00:13,459 WARN org.hibernate.dialect.Dialect [restartedMain] HHH000511: The 5.5.0 version for [org.hibernate.dialect.MySQLDialect] is no longer supported, hence certain features may not work properly. The minimum supported version is 5.7.0. Check the community dialects project for available legacy versions.
2025-05-07 05:00:14,347 INFO org.hibernate.engine.transaction.jta.platform.internal.JtaPlatformInitiator [restartedMain] HHH000489: No JTA platform available (set 'hibernate.transaction.jta.platform' to enable JTA platform integration)
2025-05-07 05:00:14,467 INFO org.springframework.orm.jpa.LocalContainerEntityManagerFactoryBean [restartedMain] Initialized JPA EntityManagerFactory for persistence unit 'default'
2025-05-07 05:00:14,797 INFO org.springframework.data.jpa.repository.query.QueryEnhancerFactory [restartedMain] Hibernate is in classpath; If applicable, HQL parser will be used.
2025-05-07 05:00:15,117 WARN org.springframework.boot.autoconfigure.orm.jpa.JpaBaseConfiguration$JpaWebConfiguration [restartedMain] spring.jpa.open-in-view is enabled by default. Therefore, database queries may be performed during view rendering. Explicitly configure spring.jpa.open-in-view to disable this warning
2025-05-07 05:00:15,382 INFO org.springframework.security.web.DefaultSecurityFilterChain [restartedMain] Will secure any request with [org.springframework.security.web.session.DisableEncodeUrlFilter@120558ab, org.springframework.security.web.context.request.async.WebAsyncManagerIntegrationFilter@6250c834, org.springframework.security.web.context.SecurityContextHolderFilter@26b2733, org.springframework.security.web.header.HeaderWriterFilter@1b53dce3, org.springframework.security.web.authentication.logout.LogoutFilter@1efbcef9, org.springframework.security.web.authentication.UsernamePasswordAuthenticationFilter@1c221f32, org.springframework.security.web.savedrequest.RequestCacheAwareFilter@5a7a8dc3, org.springframework.security.web.servletapi.SecurityContextHolderAwareRequestFilter@109f6e6, org.springframework.security.web.authentication.AnonymousAuthenticationFilter@6e0790c3, org.springframework.security.web.access.ExceptionTranslationFilter@6c2b532e, org.springframework.security.web.access.intercept.FilterSecurityInterceptor@7338001]
2025-05-07 05:00:15,607 INFO org.springframework.boot.devtools.autoconfigure.OptionalLiveReloadServer [restartedMain] LiveReload server is running on port 35729
2025-05-07 05:00:15,647 INFO org.springframework.boot.web.embedded.tomcat.TomcatWebServer [restartedMain] Tomcat started on port(s): 8080 (http) with context path ''
2025-05-07 05:00:15,657 INFO com.tn.Demo25AccountThymeleafApplication [restartedMain] Started Demo25AccountThymeleafApplication in 4.87 seconds (process running for 5.865)
2025-05-07 05:00:19,597 INFO org.apache.catalina.core.ContainerBase.[Tomcat].[localhost].[/] [http-nio-8080-exec-1] Initializing Spring DispatcherServlet 'dispatcherServlet'
2025-05-07 05:00:19,597 INFO org.springframework.web.servlet.DispatcherServlet [http-nio-8080-exec-1] Initializing Servlet 'dispatcherServlet'
2025-05-07 05:00:19,597 INFO org.springframework.web.servlet.DispatcherServlet [http-nio-8080-exec-1] Completed initialization in 0 ms
2025-05-07 05:00:20,107 WARN org.thymeleaf.standard.processor.AbstractStandardFragmentInsertionTagProcessor [http-nio-8080-exec-1] [THYMELEAF][http-nio-8080-exec-1][admin-index] Deprecated unwrapped fragment expression "admin-product-list.html::AdminProductList" found in template admin-index, line 39, col 10. Please use the complete syntax of fragment expressions instead ("~{admin-product-list.html::AdminProductList}"). The old, unwrapped syntax for fragment expressions will be removed in future versions of Thymeleaf.
2025-05-07 05:00:20,123 WARN org.thymeleaf.standard.processor.AbstractStandardFragmentInsertionTagProcessor [http-nio-8080-exec-1] [THYMELEAF][http-nio-8080-exec-1][admin-product-list.html] Deprecated unwrapped fragment expression "layout-admin.html::LayoutAdmin" found in template admin-product-list.html, line 4, col 10. Please use the complete syntax of fragment expressions instead ("~{layout-admin.html::LayoutAdmin}"). The old, unwrapped syntax for fragment expressions will be removed in future versions of Thymeleaf.
2025-05-07 05:00:20,849 WARN org.thymeleaf.standard.processor.AbstractStandardFragmentInsertionTagProcessor [http-nio-8080-exec-7] [THYMELEAF][http-nio-8080-exec-7][admin-index] Deprecated unwrapped fragment expression "admin-product-edit.html::AdminProductEdit" found in template admin-index, line 45, col 10. Please use the complete syntax of fragment expressions instead ("~{admin-product-edit.html::AdminProductEdit}"). The old, unwrapped syntax for fragment expressions will be removed in future versions of Thymeleaf.
2025-05-07 05:02:58,705 INFO org.springframework.orm.jpa.LocalContainerEntityManagerFactoryBean [SpringApplicationShutdownHook] Closing JPA EntityManagerFactory for persistence unit 'default'
2025-05-07 05:02:58,716 INFO com.zaxxer.hikari.HikariDataSource [SpringApplicationShutdownHook] HikariPool-1 - Shutdown initiated...
2025-05-07 05:02:58,729 INFO com.zaxxer.hikari.HikariDataSource [SpringApplicationShutdownHook] HikariPool-1 - Shutdown completed.
2025-05-07 05:03:03,994 INFO com.tn.Demo25AccountThymeleafApplication [restartedMain] Starting Demo25AccountThymeleafApplication using Java 17.0.10 with PID 6816 (C:\Users\Public\Javapro\demo25_AccountThymeleaf\target\classes started by havan in C:\Users\Public\Javapro\demo25_AccountThymeleaf)
2025-05-07 05:03:03,995 INFO com.tn.Demo25AccountThymeleafApplication [restartedMain] The following 1 profile is active: "prod"
2025-05-07 05:03:04,043 INFO org.springframework.boot.devtools.env.DevToolsPropertyDefaultsPostProcessor [restartedMain] Devtools property defaults active! Set 'spring.devtools.add-properties' to 'false' to disable
2025-05-07 05:03:04,043 INFO org.springframework.boot.devtools.env.DevToolsPropertyDefaultsPostProcessor [restartedMain] For additional web related logging consider setting the 'logging.level.web' property to 'DEBUG'
2025-05-07 05:03:04,705 INFO org.springframework.data.repository.config.RepositoryConfigurationDelegate [restartedMain] Bootstrapping Spring Data JPA repositories in DEFAULT mode.
2025-05-07 05:03:04,778 INFO org.springframework.data.repository.config.RepositoryConfigurationDelegate [restartedMain] Finished Spring Data repository scanning in 66 ms. Found 6 JPA repository interfaces.
2025-05-07 05:03:05,345 INFO org.springframework.boot.web.embedded.tomcat.TomcatWebServer [restartedMain] Tomcat initialized with port(s): 8080 (http)
2025-05-07 05:03:05,351 INFO org.apache.catalina.core.StandardService [restartedMain] Starting service [Tomcat]
2025-05-07 05:03:05,351 INFO org.apache.catalina.core.StandardEngine [restartedMain] Starting Servlet engine: [Apache Tomcat/10.1.20]
2025-05-07 05:03:05,414 INFO org.apache.catalina.core.ContainerBase.[Tomcat].[localhost].[/] [restartedMain] Initializing Spring embedded WebApplicationContext
2025-05-07 05:03:05,415 INFO org.springframework.boot.web.servlet.context.ServletWebServerApplicationContext [restartedMain] Root WebApplicationContext: initialization completed in 1370 ms
2025-05-07 05:03:05,564 INFO org.hibernate.jpa.internal.util.LogHelper [restartedMain] HHH000204: Processing PersistenceUnitInfo [name: default]
2025-05-07 05:03:05,597 INFO org.hibernate.Version [restartedMain] HHH000412: Hibernate ORM core version 6.2.24.Final
2025-05-07 05:03:05,598 INFO org.hibernate.cfg.Environment [restartedMain] HHH000406: Using bytecode reflection optimizer
2025-05-07 05:03:05,785 INFO org.springframework.orm.jpa.persistenceunit.SpringPersistenceUnitInfo [restartedMain] No LoadTimeWeaver setup: ignoring JPA class transformer
2025-05-07 05:03:05,805 INFO com.zaxxer.hikari.HikariDataSource [restartedMain] HikariPool-1 - Starting...
2025-05-07 05:03:05,929 INFO com.zaxxer.hikari.pool.HikariPool [restartedMain] HikariPool-1 - Added connection com.mysql.cj.jdbc.ConnectionImpl@7e06ec66
2025-05-07 05:03:05,931 INFO com.zaxxer.hikari.HikariDataSource [restartedMain] HikariPool-1 - Start completed.
2025-05-07 05:03:05,956 WARN org.hibernate.dialect.Dialect [restartedMain] HHH000511: The 5.5.0 version for [org.hibernate.dialect.MySQLDialect] is no longer supported, hence certain features may not work properly. The minimum supported version is 5.7.0. Check the community dialects project for available legacy versions.
2025-05-07 05:03:06,656 INFO org.hibernate.engine.transaction.jta.platform.internal.JtaPlatformInitiator [restartedMain] HHH000489: No JTA platform available (set 'hibernate.transaction.jta.platform' to enable JTA platform integration)
2025-05-07 05:03:06,754 INFO org.springframework.orm.jpa.LocalContainerEntityManagerFactoryBean [restartedMain] Initialized JPA EntityManagerFactory for persistence unit 'default'
2025-05-07 05:03:07,131 INFO org.springframework.data.jpa.repository.query.QueryEnhancerFactory [restartedMain] Hibernate is in classpath; If applicable, HQL parser will be used.
2025-05-07 05:03:07,448 WARN org.springframework.boot.autoconfigure.orm.jpa.JpaBaseConfiguration$JpaWebConfiguration [restartedMain] spring.jpa.open-in-view is enabled by default. Therefore, database queries may be performed during view rendering. Explicitly configure spring.jpa.open-in-view to disable this warning
2025-05-07 05:03:07,797 INFO org.springframework.security.web.DefaultSecurityFilterChain [restartedMain] Will secure any request with [org.springframework.security.web.session.DisableEncodeUrlFilter@68be7e27, org.springframework.security.web.context.request.async.WebAsyncManagerIntegrationFilter@1fb5351, org.springframework.security.web.context.SecurityContextHolderFilter@35eeacff, org.springframework.security.web.header.HeaderWriterFilter@2d5eaf47, org.springframework.security.web.authentication.logout.LogoutFilter@11454758, org.springframework.security.web.authentication.UsernamePasswordAuthenticationFilter@aa19de2, org.springframework.security.web.savedrequest.RequestCacheAwareFilter@6c2b532e, org.springframework.security.web.servletapi.SecurityContextHolderAwareRequestFilter@103ddafd, org.springframework.security.web.authentication.AnonymousAuthenticationFilter@7338001, org.springframework.security.web.access.ExceptionTranslationFilter@4cfcee5, org.springframework.security.web.access.intercept.FilterSecurityInterceptor@69e246f1]
2025-05-07 05:03:08,087 INFO org.springframework.boot.devtools.autoconfigure.OptionalLiveReloadServer [restartedMain] LiveReload server is running on port 35729
2025-05-07 05:03:08,132 INFO org.springframework.boot.web.embedded.tomcat.TomcatWebServer [restartedMain] Tomcat started on port(s): 8080 (http) with context path ''
2025-05-07 05:03:08,154 INFO com.tn.Demo25AccountThymeleafApplication [restartedMain] Started Demo25AccountThymeleafApplication in 4.553 seconds (process running for 5.505)
2025-05-07 05:03:11,470 INFO org.apache.catalina.core.ContainerBase.[Tomcat].[localhost].[/] [http-nio-8080-exec-1] Initializing Spring DispatcherServlet 'dispatcherServlet'
2025-05-07 05:03:11,470 INFO org.springframework.web.servlet.DispatcherServlet [http-nio-8080-exec-1] Initializing Servlet 'dispatcherServlet'
2025-05-07 05:03:11,472 INFO org.springframework.web.servlet.DispatcherServlet [http-nio-8080-exec-1] Completed initialization in 1 ms
2025-05-07 05:03:11,936 WARN org.thymeleaf.standard.processor.AbstractStandardFragmentInsertionTagProcessor [http-nio-8080-exec-1] [THYMELEAF][http-nio-8080-exec-1][admin-index] Deprecated unwrapped fragment expression "admin-product-list.html::AdminProductList" found in template admin-index, line 39, col 10. Please use the complete syntax of fragment expressions instead ("~{admin-product-list.html::AdminProductList}"). The old, unwrapped syntax for fragment expressions will be removed in future versions of Thymeleaf.
2025-05-07 05:03:11,950 WARN org.thymeleaf.standard.processor.AbstractStandardFragmentInsertionTagProcessor [http-nio-8080-exec-1] [THYMELEAF][http-nio-8080-exec-1][admin-product-list.html] Deprecated unwrapped fragment expression "layout-admin.html::LayoutAdmin" found in template admin-product-list.html, line 4, col 10. Please use the complete syntax of fragment expressions instead ("~{layout-admin.html::LayoutAdmin}"). The old, unwrapped syntax for fragment expressions will be removed in future versions of Thymeleaf.
2025-05-07 05:03:14,913 WARN org.thymeleaf.standard.processor.AbstractStandardFragmentInsertionTagProcessor [http-nio-8080-exec-5] [THYMELEAF][http-nio-8080-exec-5][admin-index] Deprecated unwrapped fragment expression "admin-product-edit.html::AdminProductEdit" found in template admin-index, line 45, col 10. Please use the complete syntax of fragment expressions instead ("~{admin-product-edit.html::AdminProductEdit}"). The old, unwrapped syntax for fragment expressions will be removed in future versions of Thymeleaf.
2025-05-07 05:04:08,906 WARN org.thymeleaf.standard.processor.AbstractStandardFragmentInsertionTagProcessor [http-nio-8080-exec-9] [THYMELEAF][http-nio-8080-exec-9][admin-index] Deprecated unwrapped fragment expression "admin-product-add.html::AdminProductAdd" found in template admin-index, line 42, col 10. Please use the complete syntax of fragment expressions instead ("~{admin-product-add.html::AdminProductAdd}"). The old, unwrapped syntax for fragment expressions will be removed in future versions of Thymeleaf.
2025-05-07 05:05:15,614 INFO org.springframework.orm.jpa.LocalContainerEntityManagerFactoryBean [SpringApplicationShutdownHook] Closing JPA EntityManagerFactory for persistence unit 'default'
2025-05-07 05:05:15,619 INFO com.zaxxer.hikari.HikariDataSource [SpringApplicationShutdownHook] HikariPool-1 - Shutdown initiated...
2025-05-07 05:05:15,625 INFO com.zaxxer.hikari.HikariDataSource [SpringApplicationShutdownHook] HikariPool-1 - Shutdown completed.
2025-05-07 05:05:19,208 INFO com.tn.Demo25AccountThymeleafApplication [restartedMain] Starting Demo25AccountThymeleafApplication using Java 17.0.10 with PID 13832 (C:\Users\Public\Javapro\demo25_AccountThymeleaf\target\classes started by havan in C:\Users\Public\Javapro\demo25_AccountThymeleaf)
2025-05-07 05:05:19,210 INFO com.tn.Demo25AccountThymeleafApplication [restartedMain] The following 1 profile is active: "prod"
2025-05-07 05:05:19,261 INFO org.springframework.boot.devtools.env.DevToolsPropertyDefaultsPostProcessor [restartedMain] Devtools property defaults active! Set 'spring.devtools.add-properties' to 'false' to disable
2025-05-07 05:05:19,261 INFO org.springframework.boot.devtools.env.DevToolsPropertyDefaultsPostProcessor [restartedMain] For additional web related logging consider setting the 'logging.level.web' property to 'DEBUG'
2025-05-07 05:05:19,918 INFO org.springframework.data.repository.config.RepositoryConfigurationDelegate [restartedMain] Bootstrapping Spring Data JPA repositories in DEFAULT mode.
2025-05-07 05:05:19,997 INFO org.springframework.data.repository.config.RepositoryConfigurationDelegate [restartedMain] Finished Spring Data repository scanning in 70 ms. Found 6 JPA repository interfaces.
2025-05-07 05:05:20,536 INFO org.springframework.boot.web.embedded.tomcat.TomcatWebServer [restartedMain] Tomcat initialized with port(s): 8080 (http)
2025-05-07 05:05:20,543 INFO org.apache.catalina.core.StandardService [restartedMain] Starting service [Tomcat]
2025-05-07 05:05:20,544 INFO org.apache.catalina.core.StandardEngine [restartedMain] Starting Servlet engine: [Apache Tomcat/10.1.20]
2025-05-07 05:05:20,595 INFO org.apache.catalina.core.ContainerBase.[Tomcat].[localhost].[/] [restartedMain] Initializing Spring embedded WebApplicationContext
2025-05-07 05:05:20,595 INFO org.springframework.boot.web.servlet.context.ServletWebServerApplicationContext [restartedMain] Root WebApplicationContext: initialization completed in 1334 ms
2025-05-07 05:05:20,741 INFO org.hibernate.jpa.internal.util.LogHelper [restartedMain] HHH000204: Processing PersistenceUnitInfo [name: default]
2025-05-07 05:05:20,778 INFO org.hibernate.Version [restartedMain] HHH000412: Hibernate ORM core version 6.2.24.Final
2025-05-07 05:05:20,780 INFO org.hibernate.cfg.Environment [restartedMain] HHH000406: Using bytecode reflection optimizer
2025-05-07 05:05:20,978 INFO org.springframework.orm.jpa.persistenceunit.SpringPersistenceUnitInfo [restartedMain] No LoadTimeWeaver setup: ignoring JPA class transformer
2025-05-07 05:05:20,996 INFO com.zaxxer.hikari.HikariDataSource [restartedMain] HikariPool-1 - Starting...
2025-05-07 05:05:21,095 INFO com.zaxxer.hikari.pool.HikariPool [restartedMain] HikariPool-1 - Added connection com.mysql.cj.jdbc.ConnectionImpl@bb38b9a
2025-05-07 05:05:21,096 INFO com.zaxxer.hikari.HikariDataSource [restartedMain] HikariPool-1 - Start completed.
2025-05-07 05:05:21,128 WARN org.hibernate.dialect.Dialect [restartedMain] HHH000511: The 5.5.0 version for [org.hibernate.dialect.MySQLDialect] is no longer supported, hence certain features may not work properly. The minimum supported version is 5.7.0. Check the community dialects project for available legacy versions.
2025-05-07 05:05:21,846 INFO org.hibernate.engine.transaction.jta.platform.internal.JtaPlatformInitiator [restartedMain] HHH000489: No JTA platform available (set 'hibernate.transaction.jta.platform' to enable JTA platform integration)
2025-05-07 05:05:21,947 INFO org.springframework.orm.jpa.LocalContainerEntityManagerFactoryBean [restartedMain] Initialized JPA EntityManagerFactory for persistence unit 'default'
2025-05-07 05:05:22,244 INFO org.springframework.data.jpa.repository.query.QueryEnhancerFactory [restartedMain] Hibernate is in classpath; If applicable, HQL parser will be used.
2025-05-07 05:05:22,503 WARN org.springframework.boot.autoconfigure.orm.jpa.JpaBaseConfiguration$JpaWebConfiguration [restartedMain] spring.jpa.open-in-view is enabled by default. Therefore, database queries may be performed during view rendering. Explicitly configure spring.jpa.open-in-view to disable this warning
2025-05-07 05:05:22,758 INFO org.springframework.security.web.DefaultSecurityFilterChain [restartedMain] Will secure any request with [org.springframework.security.web.session.DisableEncodeUrlFilter@4e73e4f3, org.springframework.security.web.context.request.async.WebAsyncManagerIntegrationFilter@5d9be5d2, org.springframework.security.web.context.SecurityContextHolderFilter@16c9f785, org.springframework.security.web.header.HeaderWriterFilter@6a7f3cb5, org.springframework.security.web.authentication.logout.LogoutFilter@2a3a30f2, org.springframework.security.web.authentication.UsernamePasswordAuthenticationFilter@642bd096, org.springframework.security.web.savedrequest.RequestCacheAwareFilter@1535e721, org.springframework.security.web.servletapi.SecurityContextHolderAwareRequestFilter@2b55d650, org.springframework.security.web.authentication.AnonymousAuthenticationFilter@678e2197, org.springframework.security.web.access.ExceptionTranslationFilter@44e6a5b0, org.springframework.security.web.access.intercept.FilterSecurityInterceptor@78945a95]
2025-05-07 05:05:22,993 INFO org.springframework.boot.devtools.autoconfigure.OptionalLiveReloadServer [restartedMain] LiveReload server is running on port 35729
2025-05-07 05:05:23,030 INFO org.springframework.boot.web.embedded.tomcat.TomcatWebServer [restartedMain] Tomcat started on port(s): 8080 (http) with context path ''
2025-05-07 05:05:23,042 INFO com.tn.Demo25AccountThymeleafApplication [restartedMain] Started Demo25AccountThymeleafApplication in 4.232 seconds (process running for 4.942)
2025-05-07 05:05:26,554 INFO org.apache.catalina.core.ContainerBase.[Tomcat].[localhost].[/] [http-nio-8080-exec-1] Initializing Spring DispatcherServlet 'dispatcherServlet'
2025-05-07 05:05:26,555 INFO org.springframework.web.servlet.DispatcherServlet [http-nio-8080-exec-1] Initializing Servlet 'dispatcherServlet'
2025-05-07 05:05:26,556 INFO org.springframework.web.servlet.DispatcherServlet [http-nio-8080-exec-1] Completed initialization in 1 ms
2025-05-07 05:05:26,884 WARN org.thymeleaf.standard.processor.AbstractStandardFragmentInsertionTagProcessor [http-nio-8080-exec-1] [THYMELEAF][http-nio-8080-exec-1][admin-index] Deprecated unwrapped fragment expression "admin-product-add.html::AdminProductAdd" found in template admin-index, line 42, col 10. Please use the complete syntax of fragment expressions instead ("~{admin-product-add.html::AdminProductAdd}"). The old, unwrapped syntax for fragment expressions will be removed in future versions of Thymeleaf.
2025-05-07 05:05:37,470 WARN org.thymeleaf.standard.processor.AbstractStandardFragmentInsertionTagProcessor [http-nio-8080-exec-8] [THYMELEAF][http-nio-8080-exec-8][admin-index] Deprecated unwrapped fragment expression "admin-product-edit.html::AdminProductEdit" found in template admin-index, line 45, col 10. Please use the complete syntax of fragment expressions instead ("~{admin-product-edit.html::AdminProductEdit}"). The old, unwrapped syntax for fragment expressions will be removed in future versions of Thymeleaf.
2025-05-07 05:05:55,760 WARN org.thymeleaf.standard.processor.AbstractStandardFragmentInsertionTagProcessor [http-nio-8080-exec-7] [THYMELEAF][http-nio-8080-exec-7][admin-index] Deprecated unwrapped fragment expression "admin-category-list.html::AdminCategoryList" found in template admin-index, line 36, col 10. Please use the complete syntax of fragment expressions instead ("~{admin-category-list.html::AdminCategoryList}"). The old, unwrapped syntax for fragment expressions will be removed in future versions of Thymeleaf.
2025-05-07 05:05:55,781 WARN org.thymeleaf.standard.processor.AbstractStandardFragmentInsertionTagProcessor [http-nio-8080-exec-7] [THYMELEAF][http-nio-8080-exec-7][admin-category-list.html] Deprecated unwrapped fragment expression "layout-admin.html::LayoutAdmin" found in template admin-category-list.html, line 3, col 8. Please use the complete syntax of fragment expressions instead ("~{layout-admin.html::LayoutAdmin}"). The old, unwrapped syntax for fragment expressions will be removed in future versions of Thymeleaf.
2025-05-07 05:05:55,791 ERROR org.thymeleaf.TemplateEngine [http-nio-8080-exec-7] [THYMELEAF][http-nio-8080-exec-7] Exception processing template "admin-index": An error happened during template parsing (template: "class path resource [templates/admin-index.html]")
org.thymeleaf.exceptions.TemplateInputException: An error happened during template parsing (template: "class path resource [templates/admin-index.html]")
	at org.thymeleaf.templateparser.markup.AbstractMarkupTemplateParser.parse(AbstractMarkupTemplateParser.java:241)
	at org.thymeleaf.templateparser.markup.AbstractMarkupTemplateParser.parseStandalone(AbstractMarkupTemplateParser.java:100)
	at org.thymeleaf.engine.TemplateManager.parseAndProcess(TemplateManager.java:666)
	at org.thymeleaf.TemplateEngine.process(TemplateEngine.java:1103)
	at org.thymeleaf.TemplateEngine.process(TemplateEngine.java:1077)
	at org.thymeleaf.spring6.view.ThymeleafView.renderFragment(ThymeleafView.java:372)
	at org.thymeleaf.spring6.view.ThymeleafView.render(ThymeleafView.java:192)
	at org.springframework.web.servlet.DispatcherServlet.render(DispatcherServlet.java:1415)
	at org.springframework.web.servlet.DispatcherServlet.processDispatchResult(DispatcherServlet.java:1159)
	at org.springframework.web.servlet.DispatcherServlet.doDispatch(DispatcherServlet.java:1098)
	at org.springframework.web.servlet.DispatcherServlet.doService(DispatcherServlet.java:974)
	at org.springframework.web.servlet.FrameworkServlet.processRequest(FrameworkServlet.java:1014)
	at org.springframework.web.servlet.FrameworkServlet.doGet(FrameworkServlet.java:903)
	at jakarta.servlet.http.HttpServlet.service(HttpServlet.java:564)
	at org.springframework.web.servlet.FrameworkServlet.service(FrameworkServlet.java:885)
	at jakarta.servlet.http.HttpServlet.service(HttpServlet.java:658)
	at org.apache.catalina.core.ApplicationFilterChain.internalDoFilter(ApplicationFilterChain.java:206)
	at org.apache.catalina.core.ApplicationFilterChain.doFilter(ApplicationFilterChain.java:150)
	at org.apache.tomcat.websocket.server.WsFilter.doFilter(WsFilter.java:51)
	at org.apache.catalina.core.ApplicationFilterChain.internalDoFilter(ApplicationFilterChain.java:175)
	at org.apache.catalina.core.ApplicationFilterChain.doFilter(ApplicationFilterChain.java:150)
	at org.springframework.web.filter.CompositeFilter$VirtualFilterChain.doFilter(CompositeFilter.java:108)
	at org.springframework.security.web.FilterChainProxy.lambda$doFilterInternal$3(FilterChainProxy.java:231)
	at org.springframework.security.web.FilterChainProxy$VirtualFilterChain.doFilter(FilterChainProxy.java:365)
	at org.springframework.security.web.access.intercept.FilterSecurityInterceptor.invoke(FilterSecurityInterceptor.java:117)
	at org.springframework.security.web.access.intercept.FilterSecurityInterceptor.doFilter(FilterSecurityInterceptor.java:83)
	at org.springframework.security.web.FilterChainProxy$VirtualFilterChain.doFilter(FilterChainProxy.java:374)
	at org.springframework.security.web.access.ExceptionTranslationFilter.doFilter(ExceptionTranslationFilter.java:126)
	at org.springframework.security.web.access.ExceptionTranslationFilter.doFilter(ExceptionTranslationFilter.java:120)
	at org.springframework.security.web.FilterChainProxy$VirtualFilterChain.doFilter(FilterChainProxy.java:374)
	at org.springframework.security.web.authentication.AnonymousAuthenticationFilter.doFilter(AnonymousAuthenticationFilter.java:100)
	at org.springframework.security.web.FilterChainProxy$VirtualFilterChain.doFilter(FilterChainProxy.java:374)
	at org.springframework.security.web.servletapi.SecurityContextHolderAwareRequestFilter.doFilter(SecurityContextHolderAwareRequestFilter.java:179)
	at org.springframework.security.web.FilterChainProxy$VirtualFilterChain.doFilter(FilterChainProxy.java:374)
	at org.springframework.security.web.savedrequest.RequestCacheAwareFilter.doFilter(RequestCacheAwareFilter.java:63)
	at org.springframework.security.web.FilterChainProxy$VirtualFilterChain.doFilter(FilterChainProxy.java:374)
	at org.springframework.security.web.authentication.AbstractAuthenticationProcessingFilter.doFilter(AbstractAuthenticationProcessingFilter.java:227)
	at org.springframework.security.web.authentication.AbstractAuthenticationProcessingFilter.doFilter(AbstractAuthenticationProcessingFilter.java:221)
	at org.springframework.security.web.FilterChainProxy$VirtualFilterChain.doFilter(FilterChainProxy.java:374)
	at org.springframework.security.web.authentication.logout.LogoutFilter.doFilter(LogoutFilter.java:107)
	at org.springframework.security.web.authentication.logout.LogoutFilter.doFilter(LogoutFilter.java:93)
	at org.springframework.security.web.FilterChainProxy$VirtualFilterChain.doFilter(FilterChainProxy.java:374)
	at org.springframework.security.web.header.HeaderWriterFilter.doHeadersAfter(HeaderWriterFilter.java:90)
	at org.springframework.security.web.header.HeaderWriterFilter.doFilterInternal(HeaderWriterFilter.java:75)
	at org.springframework.web.filter.OncePerRequestFilter.doFilter(OncePerRequestFilter.java:116)
	at org.springframework.security.web.FilterChainProxy$VirtualFilterChain.doFilter(FilterChainProxy.java:374)
	at org.springframework.security.web.context.SecurityContextHolderFilter.doFilter(SecurityContextHolderFilter.java:82)
	at org.springframework.security.web.context.SecurityContextHolderFilter.doFilter(SecurityContextHolderFilter.java:69)
	at org.springframework.security.web.FilterChainProxy$VirtualFilterChain.doFilter(FilterChainProxy.java:374)
	at org.springframework.security.web.context.request.async.WebAsyncManagerIntegrationFilter.doFilterInternal(WebAsyncManagerIntegrationFilter.java:62)
	at org.springframework.web.filter.OncePerRequestFilter.doFilter(OncePerRequestFilter.java:116)
	at org.springframework.security.web.FilterChainProxy$VirtualFilterChain.doFilter(FilterChainProxy.java:374)
	at org.springframework.security.web.session.DisableEncodeUrlFilter.doFilterInternal(DisableEncodeUrlFilter.java:42)
	at org.springframework.web.filter.OncePerRequestFilter.doFilter(OncePerRequestFilter.java:116)
	at org.springframework.security.web.FilterChainProxy$VirtualFilterChain.doFilter(FilterChainProxy.java:374)
	at org.springframework.security.web.FilterChainProxy.doFilterInternal(FilterChainProxy.java:233)
	at org.springframework.security.web.FilterChainProxy.doFilter(FilterChainProxy.java:191)
	at org.springframework.web.filter.CompositeFilter$VirtualFilterChain.doFilter(CompositeFilter.java:113)
	at org.springframework.web.servlet.handler.HandlerMappingIntrospector.lambda$createCacheFilter$3(HandlerMappingIntrospector.java:195)
	at org.springframework.web.filter.CompositeFilter$VirtualFilterChain.doFilter(CompositeFilter.java:113)
	at org.springframework.web.filter.CompositeFilter.doFilter(CompositeFilter.java:74)
	at org.springframework.security.config.annotation.web.configuration.WebMvcSecurityConfiguration$CompositeFilterChainProxy.doFilter(WebMvcSecurityConfiguration.java:230)
	at org.springframework.web.filter.DelegatingFilterProxy.invokeDelegate(DelegatingFilterProxy.java:352)
	at org.springframework.web.filter.DelegatingFilterProxy.doFilter(DelegatingFilterProxy.java:268)
	at org.apache.catalina.core.ApplicationFilterChain.internalDoFilter(ApplicationFilterChain.java:175)
	at org.apache.catalina.core.ApplicationFilterChain.doFilter(ApplicationFilterChain.java:150)
	at org.springframework.web.filter.RequestContextFilter.doFilterInternal(RequestContextFilter.java:100)
	at org.springframework.web.filter.OncePerRequestFilter.doFilter(OncePerRequestFilter.java:116)
	at org.apache.catalina.core.ApplicationFilterChain.internalDoFilter(ApplicationFilterChain.java:175)
	at org.apache.catalina.core.ApplicationFilterChain.doFilter(ApplicationFilterChain.java:150)
	at org.springframework.web.filter.FormContentFilter.doFilterInternal(FormContentFilter.java:93)
	at org.springframework.web.filter.OncePerRequestFilter.doFilter(OncePerRequestFilter.java:116)
	at org.apache.catalina.core.ApplicationFilterChain.internalDoFilter(ApplicationFilterChain.java:175)
	at org.apache.catalina.core.ApplicationFilterChain.doFilter(ApplicationFilterChain.java:150)
	at org.springframework.web.filter.CharacterEncodingFilter.doFilterInternal(CharacterEncodingFilter.java:201)
	at org.springframework.web.filter.OncePerRequestFilter.doFilter(OncePerRequestFilter.java:116)
	at org.apache.catalina.core.ApplicationFilterChain.internalDoFilter(ApplicationFilterChain.java:175)
	at org.apache.catalina.core.ApplicationFilterChain.doFilter(ApplicationFilterChain.java:150)
	at org.apache.catalina.core.StandardWrapperValve.invoke(StandardWrapperValve.java:167)
	at org.apache.catalina.core.StandardContextValve.invoke(StandardContextValve.java:90)
	at org.apache.catalina.authenticator.AuthenticatorBase.invoke(AuthenticatorBase.java:482)
	at org.apache.catalina.core.StandardHostValve.invoke(StandardHostValve.java:115)
	at org.apache.catalina.valves.ErrorReportValve.invoke(ErrorReportValve.java:93)
	at org.apache.catalina.core.StandardEngineValve.invoke(StandardEngineValve.java:74)
	at org.apache.catalina.connector.CoyoteAdapter.service(CoyoteAdapter.java:344)
	at org.apache.coyote.http11.Http11Processor.service(Http11Processor.java:391)
	at org.apache.coyote.AbstractProcessorLight.process(AbstractProcessorLight.java:63)
	at org.apache.coyote.AbstractProtocol$ConnectionHandler.process(AbstractProtocol.java:896)
	at org.apache.tomcat.util.net.NioEndpoint$SocketProcessor.doRun(NioEndpoint.java:1736)
	at org.apache.tomcat.util.net.SocketProcessorBase.run(SocketProcessorBase.java:52)
	at org.apache.tomcat.util.threads.ThreadPoolExecutor.runWorker(ThreadPoolExecutor.java:1191)
	at org.apache.tomcat.util.threads.ThreadPoolExecutor$Worker.run(ThreadPoolExecutor.java:659)
	at org.apache.tomcat.util.threads.TaskThread$WrappingRunnable.run(TaskThread.java:63)
	at java.base/java.lang.Thread.run(Thread.java:840)
Caused by: org.attoparser.ParseException: Exception evaluating SpringEL expression: "obj.id" (template: "admin-category-list.html" - line 23, col 9)
	at org.attoparser.MarkupParser.parseDocument(MarkupParser.java:393)
	at org.attoparser.MarkupParser.parse(MarkupParser.java:257)
	at org.thymeleaf.templateparser.markup.AbstractMarkupTemplateParser.parse(AbstractMarkupTemplateParser.java:230)
	... 93 common frames omitted
Caused by: org.thymeleaf.exceptions.TemplateProcessingException: Exception evaluating SpringEL expression: "obj.id" (template: "admin-category-list.html" - line 23, col 9)
	at org.thymeleaf.spring6.expression.SPELVariableExpressionEvaluator.evaluate(SPELVariableExpressionEvaluator.java:292)
	at org.thymeleaf.standard.expression.VariableExpression.executeVariableExpression(VariableExpression.java:166)
	at org.thymeleaf.standard.expression.SimpleExpression.executeSimple(SimpleExpression.java:66)
	at org.thymeleaf.standard.expression.Expression.execute(Expression.java:109)
	at org.thymeleaf.standard.expression.Expression.execute(Expression.java:138)
	at org.thymeleaf.standard.processor.AbstractStandardExpressionAttributeTagProcessor.doProcess(AbstractStandardExpressionAttributeTagProcessor.java:144)
	at org.thymeleaf.processor.element.AbstractAttributeTagProcessor.doProcess(AbstractAttributeTagProcessor.java:74)
	at org.thymeleaf.processor.element.AbstractElementTagProcessor.process(AbstractElementTagProcessor.java:95)
	at org.thymeleaf.util.ProcessorConfigurationUtils$ElementTagProcessorWrapper.process(ProcessorConfigurationUtils.java:633)
	at org.thymeleaf.engine.ProcessorTemplateHandler.handleOpenElement(ProcessorTemplateHandler.java:1314)
	at org.thymeleaf.engine.OpenElementTag.beHandled(OpenElementTag.java:205)
	at org.thymeleaf.engine.Model.process(Model.java:282)
	at org.thymeleaf.engine.Model.process(Model.java:290)
	at org.thymeleaf.engine.IteratedGatheringModelProcessable.processIterationModel(IteratedGatheringModelProcessable.java:368)
	at org.thymeleaf.engine.IteratedGatheringModelProcessable.process(IteratedGatheringModelProcessable.java:222)
	at org.thymeleaf.engine.ProcessorTemplateHandler.handleCloseElement(ProcessorTemplateHandler.java:1640)
	at org.thymeleaf.engine.CloseElementTag.beHandled(CloseElementTag.java:139)
	at org.thymeleaf.engine.Model.process(Model.java:282)
	at org.thymeleaf.engine.ProcessorTemplateHandler.handleOpenElement(ProcessorTemplateHandler.java:1587)
	at org.thymeleaf.engine.TemplateHandlerAdapterMarkupHandler.handleOpenElementEnd(TemplateHandlerAdapterMarkupHandler.java:304)
	at org.thymeleaf.templateparser.markup.InlinedOutputExpressionMarkupHandler$InlineMarkupAdapterPreProcessorHandler.handleOpenElementEnd(InlinedOutputExpressionMarkupHandler.java:278)
	at org.thymeleaf.standard.inline.OutputExpressionInlinePreProcessorHandler.handleOpenElementEnd(OutputExpressionInlinePreProcessorHandler.java:186)
	at org.thymeleaf.templateparser.markup.InlinedOutputExpressionMarkupHandler.handleOpenElementEnd(InlinedOutputExpressionMarkupHandler.java:124)
	at org.attoparser.HtmlElement.handleOpenElementEnd(HtmlElement.java:109)
	at org.attoparser.HtmlMarkupHandler.handleOpenElementEnd(HtmlMarkupHandler.java:297)
	at org.attoparser.MarkupEventProcessorHandler.handleOpenElementEnd(MarkupEventProcessorHandler.java:402)
	at org.attoparser.ParsingElementMarkupUtil.parseOpenElement(ParsingElementMarkupUtil.java:159)
	at org.attoparser.MarkupParser.parseBuffer(MarkupParser.java:710)
	at org.attoparser.MarkupParser.parseDocument(MarkupParser.java:301)
	... 95 common frames omitted
Caused by: org.springframework.expression.spel.SpelEvaluationException: EL1008E: Property or field 'id' cannot be found on object of type 'com.tn.entity.Category' - maybe not public or not valid?
	at org.springframework.expression.spel.ast.PropertyOrFieldReference.readProperty(PropertyOrFieldReference.java:228)
	at org.springframework.expression.spel.ast.PropertyOrFieldReference.getValueInternal(PropertyOrFieldReference.java:111)
	at org.springframework.expression.spel.ast.PropertyOrFieldReference$AccessorLValue.getValue(PropertyOrFieldReference.java:416)
	at org.springframework.expression.spel.ast.CompoundExpression.getValueInternal(CompoundExpression.java:98)
	at org.springframework.expression.spel.ast.SpelNodeImpl.getValue(SpelNodeImpl.java:114)
	at org.springframework.expression.spel.standard.SpelExpression.getValue(SpelExpression.java:338)
	at org.thymeleaf.spring6.expression.SPELVariableExpressionEvaluator.evaluate(SPELVariableExpressionEvaluator.java:265)
	... 123 common frames omitted
2025-05-07 05:05:55,807 ERROR org.apache.catalina.core.ContainerBase.[Tomcat].[localhost].[/].[dispatcherServlet] [http-nio-8080-exec-7] Servlet.service() for servlet [dispatcherServlet] in context with path [] threw exception [Request processing failed: org.thymeleaf.exceptions.TemplateInputException: An error happened during template parsing (template: "class path resource [templates/admin-index.html]")] with root cause
org.springframework.expression.spel.SpelEvaluationException: EL1008E: Property or field 'id' cannot be found on object of type 'com.tn.entity.Category' - maybe not public or not valid?
	at org.springframework.expression.spel.ast.PropertyOrFieldReference.readProperty(PropertyOrFieldReference.java:228)
	at org.springframework.expression.spel.ast.PropertyOrFieldReference.getValueInternal(PropertyOrFieldReference.java:111)
	at org.springframework.expression.spel.ast.PropertyOrFieldReference$AccessorLValue.getValue(PropertyOrFieldReference.java:416)
	at org.springframework.expression.spel.ast.CompoundExpression.getValueInternal(CompoundExpression.java:98)
	at org.springframework.expression.spel.ast.SpelNodeImpl.getValue(SpelNodeImpl.java:114)
	at org.springframework.expression.spel.standard.SpelExpression.getValue(SpelExpression.java:338)
	at org.thymeleaf.spring6.expression.SPELVariableExpressionEvaluator.evaluate(SPELVariableExpressionEvaluator.java:265)
	at org.thymeleaf.standard.expression.VariableExpression.executeVariableExpression(VariableExpression.java:166)
	at org.thymeleaf.standard.expression.SimpleExpression.executeSimple(SimpleExpression.java:66)
	at org.thymeleaf.standard.expression.Expression.execute(Expression.java:109)
	at org.thymeleaf.standard.expression.Expression.execute(Expression.java:138)
	at org.thymeleaf.standard.processor.AbstractStandardExpressionAttributeTagProcessor.doProcess(AbstractStandardExpressionAttributeTagProcessor.java:144)
	at org.thymeleaf.processor.element.AbstractAttributeTagProcessor.doProcess(AbstractAttributeTagProcessor.java:74)
	at org.thymeleaf.processor.element.AbstractElementTagProcessor.process(AbstractElementTagProcessor.java:95)
	at org.thymeleaf.util.ProcessorConfigurationUtils$ElementTagProcessorWrapper.process(ProcessorConfigurationUtils.java:633)
	at org.thymeleaf.engine.ProcessorTemplateHandler.handleOpenElement(ProcessorTemplateHandler.java:1314)
	at org.thymeleaf.engine.OpenElementTag.beHandled(OpenElementTag.java:205)
	at org.thymeleaf.engine.Model.process(Model.java:282)
	at org.thymeleaf.engine.Model.process(Model.java:290)
	at org.thymeleaf.engine.IteratedGatheringModelProcessable.processIterationModel(IteratedGatheringModelProcessable.java:368)
	at org.thymeleaf.engine.IteratedGatheringModelProcessable.process(IteratedGatheringModelProcessable.java:222)
	at org.thymeleaf.engine.ProcessorTemplateHandler.handleCloseElement(ProcessorTemplateHandler.java:1640)
	at org.thymeleaf.engine.CloseElementTag.beHandled(CloseElementTag.java:139)
	at org.thymeleaf.engine.Model.process(Model.java:282)
	at org.thymeleaf.engine.ProcessorTemplateHandler.handleOpenElement(ProcessorTemplateHandler.java:1587)
	at org.thymeleaf.engine.TemplateHandlerAdapterMarkupHandler.handleOpenElementEnd(TemplateHandlerAdapterMarkupHandler.java:304)
	at org.thymeleaf.templateparser.markup.InlinedOutputExpressionMarkupHandler$InlineMarkupAdapterPreProcessorHandler.handleOpenElementEnd(InlinedOutputExpressionMarkupHandler.java:278)
	at org.thymeleaf.standard.inline.OutputExpressionInlinePreProcessorHandler.handleOpenElementEnd(OutputExpressionInlinePreProcessorHandler.java:186)
	at org.thymeleaf.templateparser.markup.InlinedOutputExpressionMarkupHandler.handleOpenElementEnd(InlinedOutputExpressionMarkupHandler.java:124)
	at org.attoparser.HtmlElement.handleOpenElementEnd(HtmlElement.java:109)
	at org.attoparser.HtmlMarkupHandler.handleOpenElementEnd(HtmlMarkupHandler.java:297)
	at org.attoparser.MarkupEventProcessorHandler.handleOpenElementEnd(MarkupEventProcessorHandler.java:402)
	at org.attoparser.ParsingElementMarkupUtil.parseOpenElement(ParsingElementMarkupUtil.java:159)
	at org.attoparser.MarkupParser.parseBuffer(MarkupParser.java:710)
	at org.attoparser.MarkupParser.parseDocument(MarkupParser.java:301)
	at org.attoparser.MarkupParser.parse(MarkupParser.java:257)
	at org.thymeleaf.templateparser.markup.AbstractMarkupTemplateParser.parse(AbstractMarkupTemplateParser.java:230)
	at org.thymeleaf.templateparser.markup.AbstractMarkupTemplateParser.parseStandalone(AbstractMarkupTemplateParser.java:100)
	at org.thymeleaf.engine.TemplateManager.parseAndProcess(TemplateManager.java:666)
	at org.thymeleaf.TemplateEngine.process(TemplateEngine.java:1103)
	at org.thymeleaf.TemplateEngine.process(TemplateEngine.java:1077)
	at org.thymeleaf.spring6.view.ThymeleafView.renderFragment(ThymeleafView.java:372)
	at org.thymeleaf.spring6.view.ThymeleafView.render(ThymeleafView.java:192)
	at org.springframework.web.servlet.DispatcherServlet.render(DispatcherServlet.java:1415)
	at org.springframework.web.servlet.DispatcherServlet.processDispatchResult(DispatcherServlet.java:1159)
	at org.springframework.web.servlet.DispatcherServlet.doDispatch(DispatcherServlet.java:1098)
	at org.springframework.web.servlet.DispatcherServlet.doService(DispatcherServlet.java:974)
	at org.springframework.web.servlet.FrameworkServlet.processRequest(FrameworkServlet.java:1014)
	at org.springframework.web.servlet.FrameworkServlet.doGet(FrameworkServlet.java:903)
	at jakarta.servlet.http.HttpServlet.service(HttpServlet.java:564)
	at org.springframework.web.servlet.FrameworkServlet.service(FrameworkServlet.java:885)
	at jakarta.servlet.http.HttpServlet.service(HttpServlet.java:658)
	at org.apache.catalina.core.ApplicationFilterChain.internalDoFilter(ApplicationFilterChain.java:206)
	at org.apache.catalina.core.ApplicationFilterChain.doFilter(ApplicationFilterChain.java:150)
	at org.apache.tomcat.websocket.server.WsFilter.doFilter(WsFilter.java:51)
	at org.apache.catalina.core.ApplicationFilterChain.internalDoFilter(ApplicationFilterChain.java:175)
	at org.apache.catalina.core.ApplicationFilterChain.doFilter(ApplicationFilterChain.java:150)
	at org.springframework.web.filter.CompositeFilter$VirtualFilterChain.doFilter(CompositeFilter.java:108)
	at org.springframework.security.web.FilterChainProxy.lambda$doFilterInternal$3(FilterChainProxy.java:231)
	at org.springframework.security.web.FilterChainProxy$VirtualFilterChain.doFilter(FilterChainProxy.java:365)
	at org.springframework.security.web.access.intercept.FilterSecurityInterceptor.invoke(FilterSecurityInterceptor.java:117)
	at org.springframework.security.web.access.intercept.FilterSecurityInterceptor.doFilter(FilterSecurityInterceptor.java:83)
	at org.springframework.security.web.FilterChainProxy$VirtualFilterChain.doFilter(FilterChainProxy.java:374)
	at org.springframework.security.web.access.ExceptionTranslationFilter.doFilter(ExceptionTranslationFilter.java:126)
	at org.springframework.security.web.access.ExceptionTranslationFilter.doFilter(ExceptionTranslationFilter.java:120)
	at org.springframework.security.web.FilterChainProxy$VirtualFilterChain.doFilter(FilterChainProxy.java:374)
	at org.springframework.security.web.authentication.AnonymousAuthenticationFilter.doFilter(AnonymousAuthenticationFilter.java:100)
	at org.springframework.security.web.FilterChainProxy$VirtualFilterChain.doFilter(FilterChainProxy.java:374)
	at org.springframework.security.web.servletapi.SecurityContextHolderAwareRequestFilter.doFilter(SecurityContextHolderAwareRequestFilter.java:179)
	at org.springframework.security.web.FilterChainProxy$VirtualFilterChain.doFilter(FilterChainProxy.java:374)
	at org.springframework.security.web.savedrequest.RequestCacheAwareFilter.doFilter(RequestCacheAwareFilter.java:63)
	at org.springframework.security.web.FilterChainProxy$VirtualFilterChain.doFilter(FilterChainProxy.java:374)
	at org.springframework.security.web.authentication.AbstractAuthenticationProcessingFilter.doFilter(AbstractAuthenticationProcessingFilter.java:227)
	at org.springframework.security.web.authentication.AbstractAuthenticationProcessingFilter.doFilter(AbstractAuthenticationProcessingFilter.java:221)
	at org.springframework.security.web.FilterChainProxy$VirtualFilterChain.doFilter(FilterChainProxy.java:374)
	at org.springframework.security.web.authentication.logout.LogoutFilter.doFilter(LogoutFilter.java:107)
	at org.springframework.security.web.authentication.logout.LogoutFilter.doFilter(LogoutFilter.java:93)
	at org.springframework.security.web.FilterChainProxy$VirtualFilterChain.doFilter(FilterChainProxy.java:374)
	at org.springframework.security.web.header.HeaderWriterFilter.doHeadersAfter(HeaderWriterFilter.java:90)
	at org.springframework.security.web.header.HeaderWriterFilter.doFilterInternal(HeaderWriterFilter.java:75)
	at org.springframework.web.filter.OncePerRequestFilter.doFilter(OncePerRequestFilter.java:116)
	at org.springframework.security.web.FilterChainProxy$VirtualFilterChain.doFilter(FilterChainProxy.java:374)
	at org.springframework.security.web.context.SecurityContextHolderFilter.doFilter(SecurityContextHolderFilter.java:82)
	at org.springframework.security.web.context.SecurityContextHolderFilter.doFilter(SecurityContextHolderFilter.java:69)
	at org.springframework.security.web.FilterChainProxy$VirtualFilterChain.doFilter(FilterChainProxy.java:374)
	at org.springframework.security.web.context.request.async.WebAsyncManagerIntegrationFilter.doFilterInternal(WebAsyncManagerIntegrationFilter.java:62)
	at org.springframework.web.filter.OncePerRequestFilter.doFilter(OncePerRequestFilter.java:116)
	at org.springframework.security.web.FilterChainProxy$VirtualFilterChain.doFilter(FilterChainProxy.java:374)
	at org.springframework.security.web.session.DisableEncodeUrlFilter.doFilterInternal(DisableEncodeUrlFilter.java:42)
	at org.springframework.web.filter.OncePerRequestFilter.doFilter(OncePerRequestFilter.java:116)
	at org.springframework.security.web.FilterChainProxy$VirtualFilterChain.doFilter(FilterChainProxy.java:374)
	at org.springframework.security.web.FilterChainProxy.doFilterInternal(FilterChainProxy.java:233)
	at org.springframework.security.web.FilterChainProxy.doFilter(FilterChainProxy.java:191)
	at org.springframework.web.filter.CompositeFilter$VirtualFilterChain.doFilter(CompositeFilter.java:113)
	at org.springframework.web.servlet.handler.HandlerMappingIntrospector.lambda$createCacheFilter$3(HandlerMappingIntrospector.java:195)
	at org.springframework.web.filter.CompositeFilter$VirtualFilterChain.doFilter(CompositeFilter.java:113)
	at org.springframework.web.filter.CompositeFilter.doFilter(CompositeFilter.java:74)
	at org.springframework.security.config.annotation.web.configuration.WebMvcSecurityConfiguration$CompositeFilterChainProxy.doFilter(WebMvcSecurityConfiguration.java:230)
	at org.springframework.web.filter.DelegatingFilterProxy.invokeDelegate(DelegatingFilterProxy.java:352)
	at org.springframework.web.filter.DelegatingFilterProxy.doFilter(DelegatingFilterProxy.java:268)
	at org.apache.catalina.core.ApplicationFilterChain.internalDoFilter(ApplicationFilterChain.java:175)
	at org.apache.catalina.core.ApplicationFilterChain.doFilter(ApplicationFilterChain.java:150)
	at org.springframework.web.filter.RequestContextFilter.doFilterInternal(RequestContextFilter.java:100)
	at org.springframework.web.filter.OncePerRequestFilter.doFilter(OncePerRequestFilter.java:116)
	at org.apache.catalina.core.ApplicationFilterChain.internalDoFilter(ApplicationFilterChain.java:175)
	at org.apache.catalina.core.ApplicationFilterChain.doFilter(ApplicationFilterChain.java:150)
	at org.springframework.web.filter.FormContentFilter.doFilterInternal(FormContentFilter.java:93)
	at org.springframework.web.filter.OncePerRequestFilter.doFilter(OncePerRequestFilter.java:116)
	at org.apache.catalina.core.ApplicationFilterChain.internalDoFilter(ApplicationFilterChain.java:175)
	at org.apache.catalina.core.ApplicationFilterChain.doFilter(ApplicationFilterChain.java:150)
	at org.springframework.web.filter.CharacterEncodingFilter.doFilterInternal(CharacterEncodingFilter.java:201)
	at org.springframework.web.filter.OncePerRequestFilter.doFilter(OncePerRequestFilter.java:116)
	at org.apache.catalina.core.ApplicationFilterChain.internalDoFilter(ApplicationFilterChain.java:175)
	at org.apache.catalina.core.ApplicationFilterChain.doFilter(ApplicationFilterChain.java:150)
	at org.apache.catalina.core.StandardWrapperValve.invoke(StandardWrapperValve.java:167)
	at org.apache.catalina.core.StandardContextValve.invoke(StandardContextValve.java:90)
	at org.apache.catalina.authenticator.AuthenticatorBase.invoke(AuthenticatorBase.java:482)
	at org.apache.catalina.core.StandardHostValve.invoke(StandardHostValve.java:115)
	at org.apache.catalina.valves.ErrorReportValve.invoke(ErrorReportValve.java:93)
	at org.apache.catalina.core.StandardEngineValve.invoke(StandardEngineValve.java:74)
	at org.apache.catalina.connector.CoyoteAdapter.service(CoyoteAdapter.java:344)
	at org.apache.coyote.http11.Http11Processor.service(Http11Processor.java:391)
	at org.apache.coyote.AbstractProcessorLight.process(AbstractProcessorLight.java:63)
	at org.apache.coyote.AbstractProtocol$ConnectionHandler.process(AbstractProtocol.java:896)
	at org.apache.tomcat.util.net.NioEndpoint$SocketProcessor.doRun(NioEndpoint.java:1736)
	at org.apache.tomcat.util.net.SocketProcessorBase.run(SocketProcessorBase.java:52)
	at org.apache.tomcat.util.threads.ThreadPoolExecutor.runWorker(ThreadPoolExecutor.java:1191)
	at org.apache.tomcat.util.threads.ThreadPoolExecutor$Worker.run(ThreadPoolExecutor.java:659)
	at org.apache.tomcat.util.threads.TaskThread$WrappingRunnable.run(TaskThread.java:63)
	at java.base/java.lang.Thread.run(Thread.java:840)
2025-05-07 05:07:24,023 INFO org.springframework.orm.jpa.LocalContainerEntityManagerFactoryBean [SpringApplicationShutdownHook] Closing JPA EntityManagerFactory for persistence unit 'default'
2025-05-07 05:07:24,026 INFO com.zaxxer.hikari.HikariDataSource [SpringApplicationShutdownHook] HikariPool-1 - Shutdown initiated...
2025-05-07 05:07:24,033 INFO com.zaxxer.hikari.HikariDataSource [SpringApplicationShutdownHook] HikariPool-1 - Shutdown completed.
2025-05-07 05:07:27,905 INFO com.tn.Demo25AccountThymeleafApplication [restartedMain] Starting Demo25AccountThymeleafApplication using Java 17.0.10 with PID 2232 (C:\Users\Public\Javapro\demo25_AccountThymeleaf\target\classes started by havan in C:\Users\Public\Javapro\demo25_AccountThymeleaf)
2025-05-07 05:07:27,905 INFO com.tn.Demo25AccountThymeleafApplication [restartedMain] The following 1 profile is active: "prod"
2025-05-07 05:07:27,966 INFO org.springframework.boot.devtools.env.DevToolsPropertyDefaultsPostProcessor [restartedMain] Devtools property defaults active! Set 'spring.devtools.add-properties' to 'false' to disable
2025-05-07 05:07:27,966 INFO org.springframework.boot.devtools.env.DevToolsPropertyDefaultsPostProcessor [restartedMain] For additional web related logging consider setting the 'logging.level.web' property to 'DEBUG'
2025-05-07 05:07:28,666 INFO org.springframework.data.repository.config.RepositoryConfigurationDelegate [restartedMain] Bootstrapping Spring Data JPA repositories in DEFAULT mode.
2025-05-07 05:07:28,785 INFO org.springframework.data.repository.config.RepositoryConfigurationDelegate [restartedMain] Finished Spring Data repository scanning in 102 ms. Found 6 JPA repository interfaces.
2025-05-07 05:07:29,416 INFO org.springframework.boot.web.embedded.tomcat.TomcatWebServer [restartedMain] Tomcat initialized with port(s): 8080 (http)
2025-05-07 05:07:29,431 INFO org.apache.catalina.core.StandardService [restartedMain] Starting service [Tomcat]
2025-05-07 05:07:29,432 INFO org.apache.catalina.core.StandardEngine [restartedMain] Starting Servlet engine: [Apache Tomcat/10.1.20]
2025-05-07 05:07:29,515 INFO org.apache.catalina.core.ContainerBase.[Tomcat].[localhost].[/] [restartedMain] Initializing Spring embedded WebApplicationContext
2025-05-07 05:07:29,516 INFO org.springframework.boot.web.servlet.context.ServletWebServerApplicationContext [restartedMain] Root WebApplicationContext: initialization completed in 1549 ms
2025-05-07 05:07:29,756 INFO org.hibernate.jpa.internal.util.LogHelper [restartedMain] HHH000204: Processing PersistenceUnitInfo [name: default]
2025-05-07 05:07:29,805 INFO org.hibernate.Version [restartedMain] HHH000412: Hibernate ORM core version 6.2.24.Final
2025-05-07 05:07:29,805 INFO org.hibernate.cfg.Environment [restartedMain] HHH000406: Using bytecode reflection optimizer
2025-05-07 05:07:29,989 INFO org.springframework.orm.jpa.persistenceunit.SpringPersistenceUnitInfo [restartedMain] No LoadTimeWeaver setup: ignoring JPA class transformer
2025-05-07 05:07:30,012 INFO com.zaxxer.hikari.HikariDataSource [restartedMain] HikariPool-1 - Starting...
2025-05-07 05:07:30,130 INFO com.zaxxer.hikari.pool.HikariPool [restartedMain] HikariPool-1 - Added connection com.mysql.cj.jdbc.ConnectionImpl@7e06ec66
2025-05-07 05:07:30,131 INFO com.zaxxer.hikari.HikariDataSource [restartedMain] HikariPool-1 - Start completed.
2025-05-07 05:07:30,186 WARN org.hibernate.dialect.Dialect [restartedMain] HHH000511: The 5.5.0 version for [org.hibernate.dialect.MySQLDialect] is no longer supported, hence certain features may not work properly. The minimum supported version is 5.7.0. Check the community dialects project for available legacy versions.
2025-05-07 05:07:31,010 INFO org.hibernate.engine.transaction.jta.platform.internal.JtaPlatformInitiator [restartedMain] HHH000489: No JTA platform available (set 'hibernate.transaction.jta.platform' to enable JTA platform integration)
2025-05-07 05:07:31,113 INFO org.springframework.orm.jpa.LocalContainerEntityManagerFactoryBean [restartedMain] Initialized JPA EntityManagerFactory for persistence unit 'default'
2025-05-07 05:07:31,513 INFO org.springframework.data.jpa.repository.query.QueryEnhancerFactory [restartedMain] Hibernate is in classpath; If applicable, HQL parser will be used.
2025-05-07 05:07:31,894 WARN org.springframework.boot.autoconfigure.orm.jpa.JpaBaseConfiguration$JpaWebConfiguration [restartedMain] spring.jpa.open-in-view is enabled by default. Therefore, database queries may be performed during view rendering. Explicitly configure spring.jpa.open-in-view to disable this warning
2025-05-07 05:07:32,270 INFO org.springframework.security.web.DefaultSecurityFilterChain [restartedMain] Will secure any request with [org.springframework.security.web.session.DisableEncodeUrlFilter@68be7e27, org.springframework.security.web.context.request.async.WebAsyncManagerIntegrationFilter@1fb5351, org.springframework.security.web.context.SecurityContextHolderFilter@35eeacff, org.springframework.security.web.header.HeaderWriterFilter@2d5eaf47, org.springframework.security.web.authentication.logout.LogoutFilter@11454758, org.springframework.security.web.authentication.UsernamePasswordAuthenticationFilter@aa19de2, org.springframework.security.web.savedrequest.RequestCacheAwareFilter@6c2b532e, org.springframework.security.web.servletapi.SecurityContextHolderAwareRequestFilter@103ddafd, org.springframework.security.web.authentication.AnonymousAuthenticationFilter@7338001, org.springframework.security.web.access.ExceptionTranslationFilter@4cfcee5, org.springframework.security.web.access.intercept.FilterSecurityInterceptor@69e246f1]
2025-05-07 05:07:32,541 INFO org.springframework.boot.devtools.autoconfigure.OptionalLiveReloadServer [restartedMain] LiveReload server is running on port 35729
2025-05-07 05:07:32,591 INFO org.springframework.boot.web.embedded.tomcat.TomcatWebServer [restartedMain] Tomcat started on port(s): 8080 (http) with context path ''
2025-05-07 05:07:32,605 INFO com.tn.Demo25AccountThymeleafApplication [restartedMain] Started Demo25AccountThymeleafApplication in 5.152 seconds (process running for 6.013)
2025-05-07 05:07:34,476 INFO org.apache.catalina.core.ContainerBase.[Tomcat].[localhost].[/] [http-nio-8080-exec-1] Initializing Spring DispatcherServlet 'dispatcherServlet'
2025-05-07 05:07:34,477 INFO org.springframework.web.servlet.DispatcherServlet [http-nio-8080-exec-1] Initializing Servlet 'dispatcherServlet'
2025-05-07 05:07:34,479 INFO org.springframework.web.servlet.DispatcherServlet [http-nio-8080-exec-1] Completed initialization in 2 ms
2025-05-07 05:07:34,835 WARN org.thymeleaf.standard.processor.AbstractStandardFragmentInsertionTagProcessor [http-nio-8080-exec-1] [THYMELEAF][http-nio-8080-exec-1][admin-index] Deprecated unwrapped fragment expression "admin-category-list.html::AdminCategoryList" found in template admin-index, line 36, col 10. Please use the complete syntax of fragment expressions instead ("~{admin-category-list.html::AdminCategoryList}"). The old, unwrapped syntax for fragment expressions will be removed in future versions of Thymeleaf.
2025-05-07 05:07:34,858 WARN org.thymeleaf.standard.processor.AbstractStandardFragmentInsertionTagProcessor [http-nio-8080-exec-1] [THYMELEAF][http-nio-8080-exec-1][admin-category-list.html] Deprecated unwrapped fragment expression "layout-admin.html::LayoutAdmin" found in template admin-category-list.html, line 3, col 8. Please use the complete syntax of fragment expressions instead ("~{layout-admin.html::LayoutAdmin}"). The old, unwrapped syntax for fragment expressions will be removed in future versions of Thymeleaf.
2025-05-07 05:07:38,414 WARN org.thymeleaf.standard.processor.AbstractStandardFragmentInsertionTagProcessor [http-nio-8080-exec-5] [THYMELEAF][http-nio-8080-exec-5][admin-index] Deprecated unwrapped fragment expression "admin-category-edit.html::AdminCategoryEdit" found in template admin-index, line 48, col 10. Please use the complete syntax of fragment expressions instead ("~{admin-category-edit.html::AdminCategoryEdit}"). The old, unwrapped syntax for fragment expressions will be removed in future versions of Thymeleaf.
2025-05-07 05:08:03,777 WARN org.hibernate.engine.jdbc.spi.SqlExceptionHelper [http-nio-8080-exec-6] SQL Error: 1451, SQLState: 23000
2025-05-07 05:08:03,777 ERROR org.hibernate.engine.jdbc.spi.SqlExceptionHelper [http-nio-8080-exec-6] Cannot delete or update a parent row: a foreign key constraint fails (`tb_36_37`.`product`, CONSTRAINT `FK1mtsbur82frn64de7balymq9s` FOREIGN KEY (`category_id`) REFERENCES `category` (`id`))
2025-05-07 05:08:03,794 ERROR org.apache.catalina.core.ContainerBase.[Tomcat].[localhost].[/].[dispatcherServlet] [http-nio-8080-exec-6] Servlet.service() for servlet [dispatcherServlet] in context with path [] threw exception [Request processing failed: org.springframework.dao.DataIntegrityViolationException: could not execute statement [Cannot delete or update a parent row: a foreign key constraint fails (`tb_36_37`.`product`, CONSTRAINT `FK1mtsbur82frn64de7balymq9s` FOREIGN KEY (`category_id`) REFERENCES `category` (`id`))] [delete from category where id=?]; SQL [delete from category where id=?]; constraint [null]] with root cause
java.sql.SQLIntegrityConstraintViolationException: Cannot delete or update a parent row: a foreign key constraint fails (`tb_36_37`.`product`, CONSTRAINT `FK1mtsbur82frn64de7balymq9s` FOREIGN KEY (`category_id`) REFERENCES `category` (`id`))
	at com.mysql.cj.jdbc.exceptions.SQLError.createSQLException(SQLError.java:118)
	at com.mysql.cj.jdbc.exceptions.SQLExceptionsMapping.translateException(SQLExceptionsMapping.java:122)
	at com.mysql.cj.jdbc.ClientPreparedStatement.executeInternal(ClientPreparedStatement.java:916)
	at com.mysql.cj.jdbc.ClientPreparedStatement.executeUpdateInternal(ClientPreparedStatement.java:1061)
	at com.mysql.cj.jdbc.ClientPreparedStatement.executeUpdateInternal(ClientPreparedStatement.java:1009)
	at com.mysql.cj.jdbc.ClientPreparedStatement.executeLargeUpdate(ClientPreparedStatement.java:1320)
	at com.mysql.cj.jdbc.ClientPreparedStatement.executeUpdate(ClientPreparedStatement.java:994)
	at com.zaxxer.hikari.pool.ProxyPreparedStatement.executeUpdate(ProxyPreparedStatement.java:61)
	at com.zaxxer.hikari.pool.HikariProxyPreparedStatement.executeUpdate(HikariProxyPreparedStatement.java)
	at org.hibernate.engine.jdbc.internal.ResultSetReturnImpl.executeUpdate(ResultSetReturnImpl.java:275)
	at org.hibernate.engine.jdbc.mutation.internal.AbstractMutationExecutor.performNonBatchedMutation(AbstractMutationExecutor.java:107)
	at org.hibernate.engine.jdbc.mutation.internal.MutationExecutorSingleNonBatched.performNonBatchedOperations(MutationExecutorSingleNonBatched.java:40)
	at org.hibernate.engine.jdbc.mutation.internal.AbstractMutationExecutor.execute(AbstractMutationExecutor.java:52)
	at org.hibernate.persister.entity.mutation.DeleteCoordinator.doStaticDelete(DeleteCoordinator.java:304)
	at org.hibernate.persister.entity.mutation.DeleteCoordinator.coordinateDelete(DeleteCoordinator.java:89)
	at org.hibernate.persister.entity.AbstractEntityPersister.delete(AbstractEntityPersister.java:2896)
	at org.hibernate.action.internal.EntityDeleteAction.execute(EntityDeleteAction.java:131)
	at org.hibernate.engine.spi.ActionQueue.executeActions(ActionQueue.java:635)
	at org.hibernate.engine.spi.ActionQueue.executeActions(ActionQueue.java:502)
	at org.hibernate.event.internal.AbstractFlushingEventListener.performExecutions(AbstractFlushingEventListener.java:364)
	at org.hibernate.event.internal.DefaultFlushEventListener.onFlush(DefaultFlushEventListener.java:39)
	at org.hibernate.event.service.internal.EventListenerGroupImpl.fireEventOnEachListener(EventListenerGroupImpl.java:127)
	at org.hibernate.internal.SessionImpl.doFlush(SessionImpl.java:1412)
	at org.hibernate.internal.SessionImpl.managedFlush(SessionImpl.java:485)
	at org.hibernate.internal.SessionImpl.flushBeforeTransactionCompletion(SessionImpl.java:2301)
	at org.hibernate.internal.SessionImpl.beforeTransactionCompletion(SessionImpl.java:1966)
	at org.hibernate.engine.jdbc.internal.JdbcCoordinatorImpl.beforeTransactionCompletion(JdbcCoordinatorImpl.java:439)
	at org.hibernate.resource.transaction.backend.jdbc.internal.JdbcResourceLocalTransactionCoordinatorImpl.beforeCompletionCallback(JdbcResourceLocalTransactionCoordinatorImpl.java:169)
	at org.hibernate.resource.transaction.backend.jdbc.internal.JdbcResourceLocalTransactionCoordinatorImpl$TransactionDriverControlImpl.commit(JdbcResourceLocalTransactionCoordinatorImpl.java:267)
	at org.hibernate.engine.transaction.internal.TransactionImpl.commit(TransactionImpl.java:101)
	at org.springframework.orm.jpa.JpaTransactionManager.doCommit(JpaTransactionManager.java:561)
	at org.springframework.transaction.support.AbstractPlatformTransactionManager.processCommit(AbstractPlatformTransactionManager.java:743)
	at org.springframework.transaction.support.AbstractPlatformTransactionManager.commit(AbstractPlatformTransactionManager.java:711)
	at org.springframework.transaction.interceptor.TransactionAspectSupport.commitTransactionAfterReturning(TransactionAspectSupport.java:660)
	at org.springframework.transaction.interceptor.TransactionAspectSupport.invokeWithinTransaction(TransactionAspectSupport.java:410)
	at org.springframework.transaction.interceptor.TransactionInterceptor.invoke(TransactionInterceptor.java:119)
	at org.springframework.aop.framework.ReflectiveMethodInvocation.proceed(ReflectiveMethodInvocation.java:184)
	at org.springframework.dao.support.PersistenceExceptionTranslationInterceptor.invoke(PersistenceExceptionTranslationInterceptor.java:137)
	at org.springframework.aop.framework.ReflectiveMethodInvocation.proceed(ReflectiveMethodInvocation.java:184)
	at org.springframework.data.jpa.repository.support.CrudMethodMetadataPostProcessor$CrudMethodMetadataPopulatingMethodInterceptor.invoke(CrudMethodMetadataPostProcessor.java:164)
	at org.springframework.aop.framework.ReflectiveMethodInvocation.proceed(ReflectiveMethodInvocation.java:184)
	at org.springframework.aop.interceptor.ExposeInvocationInterceptor.invoke(ExposeInvocationInterceptor.java:97)
	at org.springframework.aop.framework.ReflectiveMethodInvocation.proceed(ReflectiveMethodInvocation.java:184)
	at org.springframework.aop.framework.JdkDynamicAopProxy.invoke(JdkDynamicAopProxy.java:244)
	at jdk.proxy4/jdk.proxy4.$Proxy128.deleteById(Unknown Source)
	at com.tn.controller.CategoryController.delete(CategoryController.java:43)
	at java.base/jdk.internal.reflect.NativeMethodAccessorImpl.invoke0(Native Method)
	at java.base/jdk.internal.reflect.NativeMethodAccessorImpl.invoke(NativeMethodAccessorImpl.java:77)
	at java.base/jdk.internal.reflect.DelegatingMethodAccessorImpl.invoke(DelegatingMethodAccessorImpl.java:43)
	at java.base/java.lang.reflect.Method.invoke(Method.java:568)
	at org.springframework.web.method.support.InvocableHandlerMethod.doInvoke(InvocableHandlerMethod.java:205)
	at org.springframework.web.method.support.InvocableHandlerMethod.invokeForRequest(InvocableHandlerMethod.java:150)
	at org.springframework.web.servlet.mvc.method.annotation.ServletInvocableHandlerMethod.invokeAndHandle(ServletInvocableHandlerMethod.java:118)
	at org.springframework.web.servlet.mvc.method.annotation.RequestMappingHandlerAdapter.invokeHandlerMethod(RequestMappingHandlerAdapter.java:892)
	at org.springframework.web.servlet.mvc.method.annotation.RequestMappingHandlerAdapter.handleInternal(RequestMappingHandlerAdapter.java:798)
	at org.springframework.web.servlet.mvc.method.AbstractHandlerMethodAdapter.handle(AbstractHandlerMethodAdapter.java:87)
	at org.springframework.web.servlet.DispatcherServlet.doDispatch(DispatcherServlet.java:1081)
	at org.springframework.web.servlet.DispatcherServlet.doService(DispatcherServlet.java:974)
	at org.springframework.web.servlet.FrameworkServlet.processRequest(FrameworkServlet.java:1014)
	at org.springframework.web.servlet.FrameworkServlet.doGet(FrameworkServlet.java:903)
	at jakarta.servlet.http.HttpServlet.service(HttpServlet.java:564)
	at org.springframework.web.servlet.FrameworkServlet.service(FrameworkServlet.java:885)
	at jakarta.servlet.http.HttpServlet.service(HttpServlet.java:658)
	at org.apache.catalina.core.ApplicationFilterChain.internalDoFilter(ApplicationFilterChain.java:206)
	at org.apache.catalina.core.ApplicationFilterChain.doFilter(ApplicationFilterChain.java:150)
	at org.apache.tomcat.websocket.server.WsFilter.doFilter(WsFilter.java:51)
	at org.apache.catalina.core.ApplicationFilterChain.internalDoFilter(ApplicationFilterChain.java:175)
	at org.apache.catalina.core.ApplicationFilterChain.doFilter(ApplicationFilterChain.java:150)
	at org.springframework.web.filter.CompositeFilter$VirtualFilterChain.doFilter(CompositeFilter.java:108)
	at org.springframework.security.web.FilterChainProxy.lambda$doFilterInternal$3(FilterChainProxy.java:231)
	at org.springframework.security.web.FilterChainProxy$VirtualFilterChain.doFilter(FilterChainProxy.java:365)
	at org.springframework.security.web.access.intercept.FilterSecurityInterceptor.invoke(FilterSecurityInterceptor.java:117)
	at org.springframework.security.web.access.intercept.FilterSecurityInterceptor.doFilter(FilterSecurityInterceptor.java:83)
	at org.springframework.security.web.FilterChainProxy$VirtualFilterChain.doFilter(FilterChainProxy.java:374)
	at org.springframework.security.web.access.ExceptionTranslationFilter.doFilter(ExceptionTranslationFilter.java:126)
	at org.springframework.security.web.access.ExceptionTranslationFilter.doFilter(ExceptionTranslationFilter.java:120)
	at org.springframework.security.web.FilterChainProxy$VirtualFilterChain.doFilter(FilterChainProxy.java:374)
	at org.springframework.security.web.authentication.AnonymousAuthenticationFilter.doFilter(AnonymousAuthenticationFilter.java:100)
	at org.springframework.security.web.FilterChainProxy$VirtualFilterChain.doFilter(FilterChainProxy.java:374)
	at org.springframework.security.web.servletapi.SecurityContextHolderAwareRequestFilter.doFilter(SecurityContextHolderAwareRequestFilter.java:179)
	at org.springframework.security.web.FilterChainProxy$VirtualFilterChain.doFilter(FilterChainProxy.java:374)
	at org.springframework.security.web.savedrequest.RequestCacheAwareFilter.doFilter(RequestCacheAwareFilter.java:63)
	at org.springframework.security.web.FilterChainProxy$VirtualFilterChain.doFilter(FilterChainProxy.java:374)
	at org.springframework.security.web.authentication.AbstractAuthenticationProcessingFilter.doFilter(AbstractAuthenticationProcessingFilter.java:227)
	at org.springframework.security.web.authentication.AbstractAuthenticationProcessingFilter.doFilter(AbstractAuthenticationProcessingFilter.java:221)
	at org.springframework.security.web.FilterChainProxy$VirtualFilterChain.doFilter(FilterChainProxy.java:374)
	at org.springframework.security.web.authentication.logout.LogoutFilter.doFilter(LogoutFilter.java:107)
	at org.springframework.security.web.authentication.logout.LogoutFilter.doFilter(LogoutFilter.java:93)
	at org.springframework.security.web.FilterChainProxy$VirtualFilterChain.doFilter(FilterChainProxy.java:374)
	at org.springframework.security.web.header.HeaderWriterFilter.doHeadersAfter(HeaderWriterFilter.java:90)
	at org.springframework.security.web.header.HeaderWriterFilter.doFilterInternal(HeaderWriterFilter.java:75)
	at org.springframework.web.filter.OncePerRequestFilter.doFilter(OncePerRequestFilter.java:116)
	at org.springframework.security.web.FilterChainProxy$VirtualFilterChain.doFilter(FilterChainProxy.java:374)
	at org.springframework.security.web.context.SecurityContextHolderFilter.doFilter(SecurityContextHolderFilter.java:82)
	at org.springframework.security.web.context.SecurityContextHolderFilter.doFilter(SecurityContextHolderFilter.java:69)
	at org.springframework.security.web.FilterChainProxy$VirtualFilterChain.doFilter(FilterChainProxy.java:374)
	at org.springframework.security.web.context.request.async.WebAsyncManagerIntegrationFilter.doFilterInternal(WebAsyncManagerIntegrationFilter.java:62)
	at org.springframework.web.filter.OncePerRequestFilter.doFilter(OncePerRequestFilter.java:116)
	at org.springframework.security.web.FilterChainProxy$VirtualFilterChain.doFilter(FilterChainProxy.java:374)
	at org.springframework.security.web.session.DisableEncodeUrlFilter.doFilterInternal(DisableEncodeUrlFilter.java:42)
	at org.springframework.web.filter.OncePerRequestFilter.doFilter(OncePerRequestFilter.java:116)
	at org.springframework.security.web.FilterChainProxy$VirtualFilterChain.doFilter(FilterChainProxy.java:374)
	at org.springframework.security.web.FilterChainProxy.doFilterInternal(FilterChainProxy.java:233)
	at org.springframework.security.web.FilterChainProxy.doFilter(FilterChainProxy.java:191)
	at org.springframework.web.filter.CompositeFilter$VirtualFilterChain.doFilter(CompositeFilter.java:113)
	at org.springframework.web.servlet.handler.HandlerMappingIntrospector.lambda$createCacheFilter$3(HandlerMappingIntrospector.java:195)
	at org.springframework.web.filter.CompositeFilter$VirtualFilterChain.doFilter(CompositeFilter.java:113)
	at org.springframework.web.filter.CompositeFilter.doFilter(CompositeFilter.java:74)
	at org.springframework.security.config.annotation.web.configuration.WebMvcSecurityConfiguration$CompositeFilterChainProxy.doFilter(WebMvcSecurityConfiguration.java:230)
	at org.springframework.web.filter.DelegatingFilterProxy.invokeDelegate(DelegatingFilterProxy.java:352)
	at org.springframework.web.filter.DelegatingFilterProxy.doFilter(DelegatingFilterProxy.java:268)
	at org.apache.catalina.core.ApplicationFilterChain.internalDoFilter(ApplicationFilterChain.java:175)
	at org.apache.catalina.core.ApplicationFilterChain.doFilter(ApplicationFilterChain.java:150)
	at org.springframework.web.filter.RequestContextFilter.doFilterInternal(RequestContextFilter.java:100)
	at org.springframework.web.filter.OncePerRequestFilter.doFilter(OncePerRequestFilter.java:116)
	at org.apache.catalina.core.ApplicationFilterChain.internalDoFilter(ApplicationFilterChain.java:175)
	at org.apache.catalina.core.ApplicationFilterChain.doFilter(ApplicationFilterChain.java:150)
	at org.springframework.web.filter.FormContentFilter.doFilterInternal(FormContentFilter.java:93)
	at org.springframework.web.filter.OncePerRequestFilter.doFilter(OncePerRequestFilter.java:116)
	at org.apache.catalina.core.ApplicationFilterChain.internalDoFilter(ApplicationFilterChain.java:175)
	at org.apache.catalina.core.ApplicationFilterChain.doFilter(ApplicationFilterChain.java:150)
	at org.springframework.web.filter.CharacterEncodingFilter.doFilterInternal(CharacterEncodingFilter.java:201)
	at org.springframework.web.filter.OncePerRequestFilter.doFilter(OncePerRequestFilter.java:116)
	at org.apache.catalina.core.ApplicationFilterChain.internalDoFilter(ApplicationFilterChain.java:175)
	at org.apache.catalina.core.ApplicationFilterChain.doFilter(ApplicationFilterChain.java:150)
	at org.apache.catalina.core.StandardWrapperValve.invoke(StandardWrapperValve.java:167)
	at org.apache.catalina.core.StandardContextValve.invoke(StandardContextValve.java:90)
	at org.apache.catalina.authenticator.AuthenticatorBase.invoke(AuthenticatorBase.java:482)
	at org.apache.catalina.core.StandardHostValve.invoke(StandardHostValve.java:115)
	at org.apache.catalina.valves.ErrorReportValve.invoke(ErrorReportValve.java:93)
	at org.apache.catalina.core.StandardEngineValve.invoke(StandardEngineValve.java:74)
	at org.apache.catalina.connector.CoyoteAdapter.service(CoyoteAdapter.java:344)
	at org.apache.coyote.http11.Http11Processor.service(Http11Processor.java:391)
	at org.apache.coyote.AbstractProcessorLight.process(AbstractProcessorLight.java:63)
	at org.apache.coyote.AbstractProtocol$ConnectionHandler.process(AbstractProtocol.java:896)
	at org.apache.tomcat.util.net.NioEndpoint$SocketProcessor.doRun(NioEndpoint.java:1736)
	at org.apache.tomcat.util.net.SocketProcessorBase.run(SocketProcessorBase.java:52)
	at org.apache.tomcat.util.threads.ThreadPoolExecutor.runWorker(ThreadPoolExecutor.java:1191)
	at org.apache.tomcat.util.threads.ThreadPoolExecutor$Worker.run(ThreadPoolExecutor.java:659)
	at org.apache.tomcat.util.threads.TaskThread$WrappingRunnable.run(TaskThread.java:63)
	at java.base/java.lang.Thread.run(Thread.java:840)
2025-05-07 05:09:33,435 INFO org.springframework.orm.jpa.LocalContainerEntityManagerFactoryBean [SpringApplicationShutdownHook] Closing JPA EntityManagerFactory for persistence unit 'default'
2025-05-07 05:09:33,435 INFO com.zaxxer.hikari.HikariDataSource [SpringApplicationShutdownHook] HikariPool-1 - Shutdown initiated...
2025-05-07 05:09:33,445 INFO com.zaxxer.hikari.HikariDataSource [SpringApplicationShutdownHook] HikariPool-1 - Shutdown completed.
2025-05-07 05:09:39,001 INFO com.tn.Demo25AccountThymeleafApplication [restartedMain] Starting Demo25AccountThymeleafApplication using Java 17.0.10 with PID 8064 (C:\Users\Public\Javapro\demo25_AccountThymeleaf\target\classes started by havan in C:\Users\Public\Javapro\demo25_AccountThymeleaf)
2025-05-07 05:09:39,005 INFO com.tn.Demo25AccountThymeleafApplication [restartedMain] The following 1 profile is active: "prod"
2025-05-07 05:09:39,045 INFO org.springframework.boot.devtools.env.DevToolsPropertyDefaultsPostProcessor [restartedMain] Devtools property defaults active! Set 'spring.devtools.add-properties' to 'false' to disable
2025-05-07 05:09:39,045 INFO org.springframework.boot.devtools.env.DevToolsPropertyDefaultsPostProcessor [restartedMain] For additional web related logging consider setting the 'logging.level.web' property to 'DEBUG'
2025-05-07 05:09:39,755 INFO org.springframework.data.repository.config.RepositoryConfigurationDelegate [restartedMain] Bootstrapping Spring Data JPA repositories in DEFAULT mode.
2025-05-07 05:09:39,825 INFO org.springframework.data.repository.config.RepositoryConfigurationDelegate [restartedMain] Finished Spring Data repository scanning in 68 ms. Found 6 JPA repository interfaces.
2025-05-07 05:09:40,515 INFO org.springframework.boot.web.embedded.tomcat.TomcatWebServer [restartedMain] Tomcat initialized with port(s): 8080 (http)
2025-05-07 05:09:40,525 INFO org.apache.catalina.core.StandardService [restartedMain] Starting service [Tomcat]
2025-05-07 05:09:40,525 INFO org.apache.catalina.core.StandardEngine [restartedMain] Starting Servlet engine: [Apache Tomcat/10.1.20]
2025-05-07 05:09:40,575 INFO org.apache.catalina.core.ContainerBase.[Tomcat].[localhost].[/] [restartedMain] Initializing Spring embedded WebApplicationContext
2025-05-07 05:09:40,575 INFO org.springframework.boot.web.servlet.context.ServletWebServerApplicationContext [restartedMain] Root WebApplicationContext: initialization completed in 1520 ms
2025-05-07 05:09:40,715 INFO org.hibernate.jpa.internal.util.LogHelper [restartedMain] HHH000204: Processing PersistenceUnitInfo [name: default]
2025-05-07 05:09:40,762 INFO org.hibernate.Version [restartedMain] HHH000412: Hibernate ORM core version 6.2.24.Final
2025-05-07 05:09:40,767 INFO org.hibernate.cfg.Environment [restartedMain] HHH000406: Using bytecode reflection optimizer
2025-05-07 05:09:40,962 INFO org.springframework.orm.jpa.persistenceunit.SpringPersistenceUnitInfo [restartedMain] No LoadTimeWeaver setup: ignoring JPA class transformer
2025-05-07 05:09:40,985 INFO com.zaxxer.hikari.HikariDataSource [restartedMain] HikariPool-1 - Starting...
2025-05-07 05:09:41,095 INFO com.zaxxer.hikari.pool.HikariPool [restartedMain] HikariPool-1 - Added connection com.mysql.cj.jdbc.ConnectionImpl@5a9342ee
2025-05-07 05:09:41,095 INFO com.zaxxer.hikari.HikariDataSource [restartedMain] HikariPool-1 - Start completed.
2025-05-07 05:09:41,127 WARN org.hibernate.dialect.Dialect [restartedMain] HHH000511: The 5.5.0 version for [org.hibernate.dialect.MySQLDialect] is no longer supported, hence certain features may not work properly. The minimum supported version is 5.7.0. Check the community dialects project for available legacy versions.
2025-05-07 05:09:41,841 INFO org.hibernate.engine.transaction.jta.platform.internal.JtaPlatformInitiator [restartedMain] HHH000489: No JTA platform available (set 'hibernate.transaction.jta.platform' to enable JTA platform integration)
2025-05-07 05:09:41,936 INFO org.springframework.orm.jpa.LocalContainerEntityManagerFactoryBean [restartedMain] Initialized JPA EntityManagerFactory for persistence unit 'default'
2025-05-07 05:09:42,225 INFO org.springframework.data.jpa.repository.query.QueryEnhancerFactory [restartedMain] Hibernate is in classpath; If applicable, HQL parser will be used.
2025-05-07 05:09:42,485 WARN org.springframework.boot.autoconfigure.orm.jpa.JpaBaseConfiguration$JpaWebConfiguration [restartedMain] spring.jpa.open-in-view is enabled by default. Therefore, database queries may be performed during view rendering. Explicitly configure spring.jpa.open-in-view to disable this warning
2025-05-07 05:09:42,735 INFO org.springframework.security.web.DefaultSecurityFilterChain [restartedMain] Will secure any request with [org.springframework.security.web.session.DisableEncodeUrlFilter@470cfd0c, org.springframework.security.web.context.request.async.WebAsyncManagerIntegrationFilter@1c364f67, org.springframework.security.web.context.SecurityContextHolderFilter@50740551, org.springframework.security.web.header.HeaderWriterFilter@6d920992, org.springframework.security.web.authentication.logout.LogoutFilter@27d1f6f3, org.springframework.security.web.authentication.UsernamePasswordAuthenticationFilter@7338001, org.springframework.security.web.savedrequest.RequestCacheAwareFilter@1b53dce3, org.springframework.security.web.servletapi.SecurityContextHolderAwareRequestFilter@65471746, org.springframework.security.web.authentication.AnonymousAuthenticationFilter@79ef768, org.springframework.security.web.access.ExceptionTranslationFilter@2d5eaf47, org.springframework.security.web.access.intercept.FilterSecurityInterceptor@368be4ed]
2025-05-07 05:09:42,985 INFO org.springframework.boot.devtools.autoconfigure.OptionalLiveReloadServer [restartedMain] LiveReload server is running on port 35729
2025-05-07 05:09:43,025 INFO org.springframework.boot.web.embedded.tomcat.TomcatWebServer [restartedMain] Tomcat started on port(s): 8080 (http) with context path ''
2025-05-07 05:09:43,040 INFO com.tn.Demo25AccountThymeleafApplication [restartedMain] Started Demo25AccountThymeleafApplication in 4.627 seconds (process running for 5.465)
2025-05-07 05:09:47,734 INFO org.apache.catalina.core.ContainerBase.[Tomcat].[localhost].[/] [http-nio-8080-exec-1] Initializing Spring DispatcherServlet 'dispatcherServlet'
2025-05-07 05:09:47,734 INFO org.springframework.web.servlet.DispatcherServlet [http-nio-8080-exec-1] Initializing Servlet 'dispatcherServlet'
2025-05-07 05:09:47,735 INFO org.springframework.web.servlet.DispatcherServlet [http-nio-8080-exec-1] Completed initialization in 1 ms
2025-05-07 05:09:48,175 WARN org.thymeleaf.standard.processor.AbstractStandardFragmentInsertionTagProcessor [http-nio-8080-exec-1] [THYMELEAF][http-nio-8080-exec-1][admin-index] Deprecated unwrapped fragment expression "admin-category-list.html::AdminCategoryList" found in template admin-index, line 36, col 10. Please use the complete syntax of fragment expressions instead ("~{admin-category-list.html::AdminCategoryList}"). The old, unwrapped syntax for fragment expressions will be removed in future versions of Thymeleaf.
2025-05-07 05:09:48,192 WARN org.thymeleaf.standard.processor.AbstractStandardFragmentInsertionTagProcessor [http-nio-8080-exec-1] [THYMELEAF][http-nio-8080-exec-1][admin-category-list.html] Deprecated unwrapped fragment expression "layout-admin.html::LayoutAdmin" found in template admin-category-list.html, line 3, col 8. Please use the complete syntax of fragment expressions instead ("~{layout-admin.html::LayoutAdmin}"). The old, unwrapped syntax for fragment expressions will be removed in future versions of Thymeleaf.
2025-05-07 05:09:50,815 WARN org.thymeleaf.standard.processor.AbstractStandardFragmentInsertionTagProcessor [http-nio-8080-exec-8] [THYMELEAF][http-nio-8080-exec-8][admin-index] Deprecated unwrapped fragment expression "admin-category-edit.html::AdminCategoryEdit" found in template admin-index, line 48, col 10. Please use the complete syntax of fragment expressions instead ("~{admin-category-edit.html::AdminCategoryEdit}"). The old, unwrapped syntax for fragment expressions will be removed in future versions of Thymeleaf.
2025-05-07 05:09:54,992 WARN org.thymeleaf.standard.processor.AbstractStandardFragmentInsertionTagProcessor [http-nio-8080-exec-4] [THYMELEAF][http-nio-8080-exec-4][admin-index] Deprecated unwrapped fragment expression "admin-category-edit.html::AdminCategoryEdit" found in template admin-index, line 48, col 10. Please use the complete syntax of fragment expressions instead ("~{admin-category-edit.html::AdminCategoryEdit}"). The old, unwrapped syntax for fragment expressions will be removed in future versions of Thymeleaf.
2025-05-07 05:14:45,124 INFO org.springframework.orm.jpa.LocalContainerEntityManagerFactoryBean [SpringApplicationShutdownHook] Closing JPA EntityManagerFactory for persistence unit 'default'
2025-05-07 05:14:45,140 INFO com.zaxxer.hikari.HikariDataSource [SpringApplicationShutdownHook] HikariPool-1 - Shutdown initiated...
2025-05-07 05:14:45,156 INFO com.zaxxer.hikari.HikariDataSource [SpringApplicationShutdownHook] HikariPool-1 - Shutdown completed.
2025-05-07 05:14:51,532 INFO com.tn.Demo25AccountThymeleafApplication [restartedMain] Starting Demo25AccountThymeleafApplication using Java 17.0.10 with PID 3864 (C:\Users\Public\Javapro\demo25_AccountThymeleaf\target\classes started by havan in C:\Users\Public\Javapro\demo25_AccountThymeleaf)
2025-05-07 05:14:51,538 INFO com.tn.Demo25AccountThymeleafApplication [restartedMain] The following 1 profile is active: "prod"
2025-05-07 05:14:51,657 INFO org.springframework.boot.devtools.env.DevToolsPropertyDefaultsPostProcessor [restartedMain] Devtools property defaults active! Set 'spring.devtools.add-properties' to 'false' to disable
2025-05-07 05:14:51,657 INFO org.springframework.boot.devtools.env.DevToolsPropertyDefaultsPostProcessor [restartedMain] For additional web related logging consider setting the 'logging.level.web' property to 'DEBUG'
2025-05-07 05:14:52,758 INFO org.springframework.data.repository.config.RepositoryConfigurationDelegate [restartedMain] Bootstrapping Spring Data JPA repositories in DEFAULT mode.
2025-05-07 05:14:52,844 INFO org.springframework.data.repository.config.RepositoryConfigurationDelegate [restartedMain] Finished Spring Data repository scanning in 78 ms. Found 6 JPA repository interfaces.
2025-05-07 05:14:53,507 INFO org.springframework.boot.web.embedded.tomcat.TomcatWebServer [restartedMain] Tomcat initialized with port(s): 8080 (http)
2025-05-07 05:14:53,514 INFO org.apache.catalina.core.StandardService [restartedMain] Starting service [Tomcat]
2025-05-07 05:14:53,514 INFO org.apache.catalina.core.StandardEngine [restartedMain] Starting Servlet engine: [Apache Tomcat/10.1.20]
2025-05-07 05:14:53,588 INFO org.apache.catalina.core.ContainerBase.[Tomcat].[localhost].[/] [restartedMain] Initializing Spring embedded WebApplicationContext
2025-05-07 05:14:53,588 INFO org.springframework.boot.web.servlet.context.ServletWebServerApplicationContext [restartedMain] Root WebApplicationContext: initialization completed in 1930 ms
2025-05-07 05:14:53,756 INFO org.hibernate.jpa.internal.util.LogHelper [restartedMain] HHH000204: Processing PersistenceUnitInfo [name: default]
2025-05-07 05:14:53,820 INFO org.hibernate.Version [restartedMain] HHH000412: Hibernate ORM core version 6.2.24.Final
2025-05-07 05:14:53,822 INFO org.hibernate.cfg.Environment [restartedMain] HHH000406: Using bytecode reflection optimizer
2025-05-07 05:14:54,059 INFO org.springframework.orm.jpa.persistenceunit.SpringPersistenceUnitInfo [restartedMain] No LoadTimeWeaver setup: ignoring JPA class transformer
2025-05-07 05:14:54,076 INFO com.zaxxer.hikari.HikariDataSource [restartedMain] HikariPool-1 - Starting...
2025-05-07 05:14:54,235 INFO com.zaxxer.hikari.pool.HikariPool [restartedMain] HikariPool-1 - Added connection com.mysql.cj.jdbc.ConnectionImpl@764ce23c
2025-05-07 05:14:54,237 INFO com.zaxxer.hikari.HikariDataSource [restartedMain] HikariPool-1 - Start completed.
2025-05-07 05:14:54,289 WARN org.hibernate.dialect.Dialect [restartedMain] HHH000511: The 5.5.0 version for [org.hibernate.dialect.MySQLDialect] is no longer supported, hence certain features may not work properly. The minimum supported version is 5.7.0. Check the community dialects project for available legacy versions.
2025-05-07 05:14:55,418 INFO org.hibernate.engine.transaction.jta.platform.internal.JtaPlatformInitiator [restartedMain] HHH000489: No JTA platform available (set 'hibernate.transaction.jta.platform' to enable JTA platform integration)
2025-05-07 05:14:55,544 INFO org.springframework.orm.jpa.LocalContainerEntityManagerFactoryBean [restartedMain] Initialized JPA EntityManagerFactory for persistence unit 'default'
2025-05-07 05:14:55,894 INFO org.springframework.data.jpa.repository.query.QueryEnhancerFactory [restartedMain] Hibernate is in classpath; If applicable, HQL parser will be used.
2025-05-07 05:14:56,210 WARN org.springframework.boot.autoconfigure.orm.jpa.JpaBaseConfiguration$JpaWebConfiguration [restartedMain] spring.jpa.open-in-view is enabled by default. Therefore, database queries may be performed during view rendering. Explicitly configure spring.jpa.open-in-view to disable this warning
2025-05-07 05:14:56,506 INFO org.springframework.security.web.DefaultSecurityFilterChain [restartedMain] Will secure any request with [org.springframework.security.web.session.DisableEncodeUrlFilter@5d9be5d2, org.springframework.security.web.context.request.async.WebAsyncManagerIntegrationFilter@678e2197, org.springframework.security.web.context.SecurityContextHolderFilter@5c0eb7d, org.springframework.security.web.header.HeaderWriterFilter@7ced810d, org.springframework.security.web.authentication.logout.LogoutFilter@234f835d, org.springframework.security.web.authentication.UsernamePasswordAuthenticationFilter@52ccd6f5, org.springframework.security.web.savedrequest.RequestCacheAwareFilter@2b55d650, org.springframework.security.web.servletapi.SecurityContextHolderAwareRequestFilter@72f97960, org.springframework.security.web.authentication.AnonymousAuthenticationFilter@534138ed, org.springframework.security.web.access.ExceptionTranslationFilter@7e22cc3, org.springframework.security.web.access.intercept.FilterSecurityInterceptor@344b7d83]
2025-05-07 05:14:56,764 INFO org.springframework.boot.devtools.autoconfigure.OptionalLiveReloadServer [restartedMain] LiveReload server is running on port 35729
2025-05-07 05:14:56,814 INFO org.springframework.boot.web.embedded.tomcat.TomcatWebServer [restartedMain] Tomcat started on port(s): 8080 (http) with context path ''
2025-05-07 05:14:56,827 INFO com.tn.Demo25AccountThymeleafApplication [restartedMain] Started Demo25AccountThymeleafApplication in 5.868 seconds (process running for 6.879)
2025-05-07 05:15:06,195 INFO org.apache.catalina.core.ContainerBase.[Tomcat].[localhost].[/] [http-nio-8080-exec-1] Initializing Spring DispatcherServlet 'dispatcherServlet'
2025-05-07 05:15:06,195 INFO org.springframework.web.servlet.DispatcherServlet [http-nio-8080-exec-1] Initializing Servlet 'dispatcherServlet'
2025-05-07 05:15:06,197 INFO org.springframework.web.servlet.DispatcherServlet [http-nio-8080-exec-1] Completed initialization in 1 ms
2025-05-07 05:15:06,602 WARN org.thymeleaf.standard.processor.AbstractStandardFragmentInsertionTagProcessor [http-nio-8080-exec-1] [THYMELEAF][http-nio-8080-exec-1][admin-index] Deprecated unwrapped fragment expression "admin-category-edit.html::AdminCategoryEdit" found in template admin-index, line 48, col 10. Please use the complete syntax of fragment expressions instead ("~{admin-category-edit.html::AdminCategoryEdit}"). The old, unwrapped syntax for fragment expressions will be removed in future versions of Thymeleaf.
2025-05-07 05:18:39,859 INFO org.springframework.orm.jpa.LocalContainerEntityManagerFactoryBean [SpringApplicationShutdownHook] Closing JPA EntityManagerFactory for persistence unit 'default'
2025-05-07 05:18:39,865 INFO com.zaxxer.hikari.HikariDataSource [SpringApplicationShutdownHook] HikariPool-1 - Shutdown initiated...
2025-05-07 05:18:39,872 INFO com.zaxxer.hikari.HikariDataSource [SpringApplicationShutdownHook] HikariPool-1 - Shutdown completed.
2025-05-07 05:18:43,508 INFO com.tn.Demo25AccountThymeleafApplication [restartedMain] Starting Demo25AccountThymeleafApplication using Java 17.0.10 with PID 12820 (C:\Users\Public\Javapro\demo25_AccountThymeleaf\target\classes started by havan in C:\Users\Public\Javapro\demo25_AccountThymeleaf)
2025-05-07 05:18:43,509 INFO com.tn.Demo25AccountThymeleafApplication [restartedMain] The following 1 profile is active: "prod"
2025-05-07 05:18:43,556 INFO org.springframework.boot.devtools.env.DevToolsPropertyDefaultsPostProcessor [restartedMain] Devtools property defaults active! Set 'spring.devtools.add-properties' to 'false' to disable
2025-05-07 05:18:43,556 INFO org.springframework.boot.devtools.env.DevToolsPropertyDefaultsPostProcessor [restartedMain] For additional web related logging consider setting the 'logging.level.web' property to 'DEBUG'
2025-05-07 05:18:44,257 INFO org.springframework.data.repository.config.RepositoryConfigurationDelegate [restartedMain] Bootstrapping Spring Data JPA repositories in DEFAULT mode.
2025-05-07 05:18:44,331 INFO org.springframework.data.repository.config.RepositoryConfigurationDelegate [restartedMain] Finished Spring Data repository scanning in 65 ms. Found 6 JPA repository interfaces.
2025-05-07 05:18:44,904 INFO org.springframework.boot.web.embedded.tomcat.TomcatWebServer [restartedMain] Tomcat initialized with port(s): 8080 (http)
2025-05-07 05:18:44,910 INFO org.apache.catalina.core.StandardService [restartedMain] Starting service [Tomcat]
2025-05-07 05:18:44,910 INFO org.apache.catalina.core.StandardEngine [restartedMain] Starting Servlet engine: [Apache Tomcat/10.1.20]
2025-05-07 05:18:44,973 INFO org.apache.catalina.core.ContainerBase.[Tomcat].[localhost].[/] [restartedMain] Initializing Spring embedded WebApplicationContext
2025-05-07 05:18:44,974 INFO org.springframework.boot.web.servlet.context.ServletWebServerApplicationContext [restartedMain] Root WebApplicationContext: initialization completed in 1417 ms
2025-05-07 05:18:45,149 INFO org.hibernate.jpa.internal.util.LogHelper [restartedMain] HHH000204: Processing PersistenceUnitInfo [name: default]
2025-05-07 05:18:45,194 INFO org.hibernate.Version [restartedMain] HHH000412: Hibernate ORM core version 6.2.24.Final
2025-05-07 05:18:45,197 INFO org.hibernate.cfg.Environment [restartedMain] HHH000406: Using bytecode reflection optimizer
2025-05-07 05:18:45,363 INFO org.springframework.orm.jpa.persistenceunit.SpringPersistenceUnitInfo [restartedMain] No LoadTimeWeaver setup: ignoring JPA class transformer
2025-05-07 05:18:45,387 INFO com.zaxxer.hikari.HikariDataSource [restartedMain] HikariPool-1 - Starting...
2025-05-07 05:18:45,486 INFO com.zaxxer.hikari.pool.HikariPool [restartedMain] HikariPool-1 - Added connection com.mysql.cj.jdbc.ConnectionImpl@7e06ec66
2025-05-07 05:18:45,488 INFO com.zaxxer.hikari.HikariDataSource [restartedMain] HikariPool-1 - Start completed.
2025-05-07 05:18:45,519 WARN org.hibernate.dialect.Dialect [restartedMain] HHH000511: The 5.5.0 version for [org.hibernate.dialect.MySQLDialect] is no longer supported, hence certain features may not work properly. The minimum supported version is 5.7.0. Check the community dialects project for available legacy versions.
2025-05-07 05:18:46,253 INFO org.hibernate.engine.transaction.jta.platform.internal.JtaPlatformInitiator [restartedMain] HHH000489: No JTA platform available (set 'hibernate.transaction.jta.platform' to enable JTA platform integration)
2025-05-07 05:18:46,349 INFO org.springframework.orm.jpa.LocalContainerEntityManagerFactoryBean [restartedMain] Initialized JPA EntityManagerFactory for persistence unit 'default'
2025-05-07 05:18:46,629 INFO org.springframework.data.jpa.repository.query.QueryEnhancerFactory [restartedMain] Hibernate is in classpath; If applicable, HQL parser will be used.
2025-05-07 05:18:46,889 WARN org.springframework.boot.autoconfigure.orm.jpa.JpaBaseConfiguration$JpaWebConfiguration [restartedMain] spring.jpa.open-in-view is enabled by default. Therefore, database queries may be performed during view rendering. Explicitly configure spring.jpa.open-in-view to disable this warning
2025-05-07 05:18:47,153 INFO org.springframework.security.web.DefaultSecurityFilterChain [restartedMain] Will secure any request with [org.springframework.security.web.session.DisableEncodeUrlFilter@68be7e27, org.springframework.security.web.context.request.async.WebAsyncManagerIntegrationFilter@1fb5351, org.springframework.security.web.context.SecurityContextHolderFilter@35eeacff, org.springframework.security.web.header.HeaderWriterFilter@2d5eaf47, org.springframework.security.web.authentication.logout.LogoutFilter@11454758, org.springframework.security.web.authentication.UsernamePasswordAuthenticationFilter@aa19de2, org.springframework.security.web.savedrequest.RequestCacheAwareFilter@6c2b532e, org.springframework.security.web.servletapi.SecurityContextHolderAwareRequestFilter@103ddafd, org.springframework.security.web.authentication.AnonymousAuthenticationFilter@7338001, org.springframework.security.web.access.ExceptionTranslationFilter@4cfcee5, org.springframework.security.web.access.intercept.FilterSecurityInterceptor@69e246f1]
2025-05-07 05:18:47,441 INFO org.springframework.boot.devtools.autoconfigure.OptionalLiveReloadServer [restartedMain] LiveReload server is running on port 35729
2025-05-07 05:18:47,476 INFO org.springframework.boot.web.embedded.tomcat.TomcatWebServer [restartedMain] Tomcat started on port(s): 8080 (http) with context path ''
2025-05-07 05:18:47,488 INFO com.tn.Demo25AccountThymeleafApplication [restartedMain] Started Demo25AccountThymeleafApplication in 4.425 seconds (process running for 5.49)
2025-05-07 05:18:52,587 INFO org.apache.catalina.core.ContainerBase.[Tomcat].[localhost].[/] [http-nio-8080-exec-1] Initializing Spring DispatcherServlet 'dispatcherServlet'
2025-05-07 05:18:52,588 INFO org.springframework.web.servlet.DispatcherServlet [http-nio-8080-exec-1] Initializing Servlet 'dispatcherServlet'
2025-05-07 05:18:52,591 INFO org.springframework.web.servlet.DispatcherServlet [http-nio-8080-exec-1] Completed initialization in 3 ms
2025-05-07 05:18:53,011 WARN org.thymeleaf.standard.processor.AbstractStandardFragmentInsertionTagProcessor [http-nio-8080-exec-1] [THYMELEAF][http-nio-8080-exec-1][admin-index] Deprecated unwrapped fragment expression "admin-category-edit.html::AdminCategoryEdit" found in template admin-index, line 48, col 10. Please use the complete syntax of fragment expressions instead ("~{admin-category-edit.html::AdminCategoryEdit}"). The old, unwrapped syntax for fragment expressions will be removed in future versions of Thymeleaf.
2025-05-07 05:18:55,936 WARN org.springframework.web.servlet.mvc.support.DefaultHandlerExceptionResolver [http-nio-8080-exec-5] Resolved [org.springframework.web.bind.MissingServletRequestParameterException: Required request parameter 'categoryname' for method parameter type String is not present]
2025-05-07 05:24:09,531 WARN org.thymeleaf.standard.processor.AbstractStandardFragmentInsertionTagProcessor [http-nio-8080-exec-8] [THYMELEAF][http-nio-8080-exec-8][admin-index] Deprecated unwrapped fragment expression "admin-category-edit.html::AdminCategoryEdit" found in template admin-index, line 48, col 10. Please use the complete syntax of fragment expressions instead ("~{admin-category-edit.html::AdminCategoryEdit}"). The old, unwrapped syntax for fragment expressions will be removed in future versions of Thymeleaf.
2025-05-07 05:24:15,306 WARN org.thymeleaf.standard.processor.AbstractStandardFragmentInsertionTagProcessor [http-nio-8080-exec-3] [THYMELEAF][http-nio-8080-exec-3][admin-index] Deprecated unwrapped fragment expression "admin-product-list.html::AdminProductList" found in template admin-index, line 39, col 10. Please use the complete syntax of fragment expressions instead ("~{admin-product-list.html::AdminProductList}"). The old, unwrapped syntax for fragment expressions will be removed in future versions of Thymeleaf.
2025-05-07 05:24:15,328 WARN org.thymeleaf.standard.processor.AbstractStandardFragmentInsertionTagProcessor [http-nio-8080-exec-3] [THYMELEAF][http-nio-8080-exec-3][admin-product-list.html] Deprecated unwrapped fragment expression "layout-admin.html::LayoutAdmin" found in template admin-product-list.html, line 4, col 10. Please use the complete syntax of fragment expressions instead ("~{layout-admin.html::LayoutAdmin}"). The old, unwrapped syntax for fragment expressions will be removed in future versions of Thymeleaf.
2025-05-07 05:24:17,971 WARN org.thymeleaf.standard.processor.AbstractStandardFragmentInsertionTagProcessor [http-nio-8080-exec-2] [THYMELEAF][http-nio-8080-exec-2][admin-index] Deprecated unwrapped fragment expression "admin-account-list.html::AdminAccountList" found in template admin-index, line 32, col 10. Please use the complete syntax of fragment expressions instead ("~{admin-account-list.html::AdminAccountList}"). The old, unwrapped syntax for fragment expressions will be removed in future versions of Thymeleaf.
2025-05-07 05:24:17,988 WARN org.thymeleaf.standard.processor.AbstractStandardFragmentInsertionTagProcessor [http-nio-8080-exec-2] [THYMELEAF][http-nio-8080-exec-2][admin-account-list.html] Deprecated unwrapped fragment expression "layout-admin.html::LayoutAdmin" found in template admin-account-list.html, line 3, col 10. Please use the complete syntax of fragment expressions instead ("~{layout-admin.html::LayoutAdmin}"). The old, unwrapped syntax for fragment expressions will be removed in future versions of Thymeleaf.
2025-05-07 05:24:18,000 ERROR org.thymeleaf.TemplateEngine [http-nio-8080-exec-2] [THYMELEAF][http-nio-8080-exec-2] Exception processing template "admin-index": An error happened during template parsing (template: "class path resource [templates/admin-index.html]")
org.thymeleaf.exceptions.TemplateInputException: An error happened during template parsing (template: "class path resource [templates/admin-index.html]")
	at org.thymeleaf.templateparser.markup.AbstractMarkupTemplateParser.parse(AbstractMarkupTemplateParser.java:241)
	at org.thymeleaf.templateparser.markup.AbstractMarkupTemplateParser.parseStandalone(AbstractMarkupTemplateParser.java:100)
	at org.thymeleaf.engine.TemplateManager.parseAndProcess(TemplateManager.java:666)
	at org.thymeleaf.TemplateEngine.process(TemplateEngine.java:1103)
	at org.thymeleaf.TemplateEngine.process(TemplateEngine.java:1077)
	at org.thymeleaf.spring6.view.ThymeleafView.renderFragment(ThymeleafView.java:372)
	at org.thymeleaf.spring6.view.ThymeleafView.render(ThymeleafView.java:192)
	at org.springframework.web.servlet.DispatcherServlet.render(DispatcherServlet.java:1415)
	at org.springframework.web.servlet.DispatcherServlet.processDispatchResult(DispatcherServlet.java:1159)
	at org.springframework.web.servlet.DispatcherServlet.doDispatch(DispatcherServlet.java:1098)
	at org.springframework.web.servlet.DispatcherServlet.doService(DispatcherServlet.java:974)
	at org.springframework.web.servlet.FrameworkServlet.processRequest(FrameworkServlet.java:1014)
	at org.springframework.web.servlet.FrameworkServlet.doGet(FrameworkServlet.java:903)
	at jakarta.servlet.http.HttpServlet.service(HttpServlet.java:564)
	at org.springframework.web.servlet.FrameworkServlet.service(FrameworkServlet.java:885)
	at jakarta.servlet.http.HttpServlet.service(HttpServlet.java:658)
	at org.apache.catalina.core.ApplicationFilterChain.internalDoFilter(ApplicationFilterChain.java:206)
	at org.apache.catalina.core.ApplicationFilterChain.doFilter(ApplicationFilterChain.java:150)
	at org.apache.tomcat.websocket.server.WsFilter.doFilter(WsFilter.java:51)
	at org.apache.catalina.core.ApplicationFilterChain.internalDoFilter(ApplicationFilterChain.java:175)
	at org.apache.catalina.core.ApplicationFilterChain.doFilter(ApplicationFilterChain.java:150)
	at org.springframework.web.filter.CompositeFilter$VirtualFilterChain.doFilter(CompositeFilter.java:108)
	at org.springframework.security.web.FilterChainProxy.lambda$doFilterInternal$3(FilterChainProxy.java:231)
	at org.springframework.security.web.FilterChainProxy$VirtualFilterChain.doFilter(FilterChainProxy.java:365)
	at org.springframework.security.web.access.intercept.FilterSecurityInterceptor.invoke(FilterSecurityInterceptor.java:117)
	at org.springframework.security.web.access.intercept.FilterSecurityInterceptor.doFilter(FilterSecurityInterceptor.java:83)
	at org.springframework.security.web.FilterChainProxy$VirtualFilterChain.doFilter(FilterChainProxy.java:374)
	at org.springframework.security.web.access.ExceptionTranslationFilter.doFilter(ExceptionTranslationFilter.java:126)
	at org.springframework.security.web.access.ExceptionTranslationFilter.doFilter(ExceptionTranslationFilter.java:120)
	at org.springframework.security.web.FilterChainProxy$VirtualFilterChain.doFilter(FilterChainProxy.java:374)
	at org.springframework.security.web.authentication.AnonymousAuthenticationFilter.doFilter(AnonymousAuthenticationFilter.java:100)
	at org.springframework.security.web.FilterChainProxy$VirtualFilterChain.doFilter(FilterChainProxy.java:374)
	at org.springframework.security.web.servletapi.SecurityContextHolderAwareRequestFilter.doFilter(SecurityContextHolderAwareRequestFilter.java:179)
	at org.springframework.security.web.FilterChainProxy$VirtualFilterChain.doFilter(FilterChainProxy.java:374)
	at org.springframework.security.web.savedrequest.RequestCacheAwareFilter.doFilter(RequestCacheAwareFilter.java:63)
	at org.springframework.security.web.FilterChainProxy$VirtualFilterChain.doFilter(FilterChainProxy.java:374)
	at org.springframework.security.web.authentication.AbstractAuthenticationProcessingFilter.doFilter(AbstractAuthenticationProcessingFilter.java:227)
	at org.springframework.security.web.authentication.AbstractAuthenticationProcessingFilter.doFilter(AbstractAuthenticationProcessingFilter.java:221)
	at org.springframework.security.web.FilterChainProxy$VirtualFilterChain.doFilter(FilterChainProxy.java:374)
	at org.springframework.security.web.authentication.logout.LogoutFilter.doFilter(LogoutFilter.java:107)
	at org.springframework.security.web.authentication.logout.LogoutFilter.doFilter(LogoutFilter.java:93)
	at org.springframework.security.web.FilterChainProxy$VirtualFilterChain.doFilter(FilterChainProxy.java:374)
	at org.springframework.security.web.header.HeaderWriterFilter.doHeadersAfter(HeaderWriterFilter.java:90)
	at org.springframework.security.web.header.HeaderWriterFilter.doFilterInternal(HeaderWriterFilter.java:75)
	at org.springframework.web.filter.OncePerRequestFilter.doFilter(OncePerRequestFilter.java:116)
	at org.springframework.security.web.FilterChainProxy$VirtualFilterChain.doFilter(FilterChainProxy.java:374)
	at org.springframework.security.web.context.SecurityContextHolderFilter.doFilter(SecurityContextHolderFilter.java:82)
	at org.springframework.security.web.context.SecurityContextHolderFilter.doFilter(SecurityContextHolderFilter.java:69)
	at org.springframework.security.web.FilterChainProxy$VirtualFilterChain.doFilter(FilterChainProxy.java:374)
	at org.springframework.security.web.context.request.async.WebAsyncManagerIntegrationFilter.doFilterInternal(WebAsyncManagerIntegrationFilter.java:62)
	at org.springframework.web.filter.OncePerRequestFilter.doFilter(OncePerRequestFilter.java:116)
	at org.springframework.security.web.FilterChainProxy$VirtualFilterChain.doFilter(FilterChainProxy.java:374)
	at org.springframework.security.web.session.DisableEncodeUrlFilter.doFilterInternal(DisableEncodeUrlFilter.java:42)
	at org.springframework.web.filter.OncePerRequestFilter.doFilter(OncePerRequestFilter.java:116)
	at org.springframework.security.web.FilterChainProxy$VirtualFilterChain.doFilter(FilterChainProxy.java:374)
	at org.springframework.security.web.FilterChainProxy.doFilterInternal(FilterChainProxy.java:233)
	at org.springframework.security.web.FilterChainProxy.doFilter(FilterChainProxy.java:191)
	at org.springframework.web.filter.CompositeFilter$VirtualFilterChain.doFilter(CompositeFilter.java:113)
	at org.springframework.web.servlet.handler.HandlerMappingIntrospector.lambda$createCacheFilter$3(HandlerMappingIntrospector.java:195)
	at org.springframework.web.filter.CompositeFilter$VirtualFilterChain.doFilter(CompositeFilter.java:113)
	at org.springframework.web.filter.CompositeFilter.doFilter(CompositeFilter.java:74)
	at org.springframework.security.config.annotation.web.configuration.WebMvcSecurityConfiguration$CompositeFilterChainProxy.doFilter(WebMvcSecurityConfiguration.java:230)
	at org.springframework.web.filter.DelegatingFilterProxy.invokeDelegate(DelegatingFilterProxy.java:352)
	at org.springframework.web.filter.DelegatingFilterProxy.doFilter(DelegatingFilterProxy.java:268)
	at org.apache.catalina.core.ApplicationFilterChain.internalDoFilter(ApplicationFilterChain.java:175)
	at org.apache.catalina.core.ApplicationFilterChain.doFilter(ApplicationFilterChain.java:150)
	at org.springframework.web.filter.RequestContextFilter.doFilterInternal(RequestContextFilter.java:100)
	at org.springframework.web.filter.OncePerRequestFilter.doFilter(OncePerRequestFilter.java:116)
	at org.apache.catalina.core.ApplicationFilterChain.internalDoFilter(ApplicationFilterChain.java:175)
	at org.apache.catalina.core.ApplicationFilterChain.doFilter(ApplicationFilterChain.java:150)
	at org.springframework.web.filter.FormContentFilter.doFilterInternal(FormContentFilter.java:93)
	at org.springframework.web.filter.OncePerRequestFilter.doFilter(OncePerRequestFilter.java:116)
	at org.apache.catalina.core.ApplicationFilterChain.internalDoFilter(ApplicationFilterChain.java:175)
	at org.apache.catalina.core.ApplicationFilterChain.doFilter(ApplicationFilterChain.java:150)
	at org.springframework.web.filter.CharacterEncodingFilter.doFilterInternal(CharacterEncodingFilter.java:201)
	at org.springframework.web.filter.OncePerRequestFilter.doFilter(OncePerRequestFilter.java:116)
	at org.apache.catalina.core.ApplicationFilterChain.internalDoFilter(ApplicationFilterChain.java:175)
	at org.apache.catalina.core.ApplicationFilterChain.doFilter(ApplicationFilterChain.java:150)
	at org.apache.catalina.core.StandardWrapperValve.invoke(StandardWrapperValve.java:167)
	at org.apache.catalina.core.StandardContextValve.invoke(StandardContextValve.java:90)
	at org.apache.catalina.authenticator.AuthenticatorBase.invoke(AuthenticatorBase.java:482)
	at org.apache.catalina.core.StandardHostValve.invoke(StandardHostValve.java:115)
	at org.apache.catalina.valves.ErrorReportValve.invoke(ErrorReportValve.java:93)
	at org.apache.catalina.core.StandardEngineValve.invoke(StandardEngineValve.java:74)
	at org.apache.catalina.connector.CoyoteAdapter.service(CoyoteAdapter.java:344)
	at org.apache.coyote.http11.Http11Processor.service(Http11Processor.java:391)
	at org.apache.coyote.AbstractProcessorLight.process(AbstractProcessorLight.java:63)
	at org.apache.coyote.AbstractProtocol$ConnectionHandler.process(AbstractProtocol.java:896)
	at org.apache.tomcat.util.net.NioEndpoint$SocketProcessor.doRun(NioEndpoint.java:1736)
	at org.apache.tomcat.util.net.SocketProcessorBase.run(SocketProcessorBase.java:52)
	at org.apache.tomcat.util.threads.ThreadPoolExecutor.runWorker(ThreadPoolExecutor.java:1191)
	at org.apache.tomcat.util.threads.ThreadPoolExecutor$Worker.run(ThreadPoolExecutor.java:659)
	at org.apache.tomcat.util.threads.TaskThread$WrappingRunnable.run(TaskThread.java:63)
	at java.base/java.lang.Thread.run(Thread.java:840)
Caused by: org.attoparser.ParseException: Exception evaluating SpringEL expression: "obj.productId" (template: "admin-account-list.html" - line 24, col 21)
	at org.attoparser.MarkupParser.parseDocument(MarkupParser.java:393)
	at org.attoparser.MarkupParser.parse(MarkupParser.java:257)
	at org.thymeleaf.templateparser.markup.AbstractMarkupTemplateParser.parse(AbstractMarkupTemplateParser.java:230)
	... 93 common frames omitted
Caused by: org.thymeleaf.exceptions.TemplateProcessingException: Exception evaluating SpringEL expression: "obj.productId" (template: "admin-account-list.html" - line 24, col 21)
	at org.thymeleaf.spring6.expression.SPELVariableExpressionEvaluator.evaluate(SPELVariableExpressionEvaluator.java:292)
	at org.thymeleaf.standard.expression.VariableExpression.executeVariableExpression(VariableExpression.java:166)
	at org.thymeleaf.standard.expression.SimpleExpression.executeSimple(SimpleExpression.java:66)
	at org.thymeleaf.standard.expression.Expression.execute(Expression.java:109)
	at org.thymeleaf.standard.expression.Expression.execute(Expression.java:138)
	at org.thymeleaf.standard.processor.AbstractStandardExpressionAttributeTagProcessor.doProcess(AbstractStandardExpressionAttributeTagProcessor.java:144)
	at org.thymeleaf.processor.element.AbstractAttributeTagProcessor.doProcess(AbstractAttributeTagProcessor.java:74)
	at org.thymeleaf.processor.element.AbstractElementTagProcessor.process(AbstractElementTagProcessor.java:95)
	at org.thymeleaf.util.ProcessorConfigurationUtils$ElementTagProcessorWrapper.process(ProcessorConfigurationUtils.java:633)
	at org.thymeleaf.engine.ProcessorTemplateHandler.handleOpenElement(ProcessorTemplateHandler.java:1314)
	at org.thymeleaf.engine.OpenElementTag.beHandled(OpenElementTag.java:205)
	at org.thymeleaf.engine.Model.process(Model.java:282)
	at org.thymeleaf.engine.Model.process(Model.java:290)
	at org.thymeleaf.engine.IteratedGatheringModelProcessable.processIterationModel(IteratedGatheringModelProcessable.java:368)
	at org.thymeleaf.engine.IteratedGatheringModelProcessable.process(IteratedGatheringModelProcessable.java:222)
	at org.thymeleaf.engine.ProcessorTemplateHandler.handleCloseElement(ProcessorTemplateHandler.java:1640)
	at org.thymeleaf.engine.CloseElementTag.beHandled(CloseElementTag.java:139)
	at org.thymeleaf.engine.Model.process(Model.java:282)
	at org.thymeleaf.engine.ProcessorTemplateHandler.handleOpenElement(ProcessorTemplateHandler.java:1587)
	at org.thymeleaf.engine.TemplateHandlerAdapterMarkupHandler.handleOpenElementEnd(TemplateHandlerAdapterMarkupHandler.java:304)
	at org.thymeleaf.templateparser.markup.InlinedOutputExpressionMarkupHandler$InlineMarkupAdapterPreProcessorHandler.handleOpenElementEnd(InlinedOutputExpressionMarkupHandler.java:278)
	at org.thymeleaf.standard.inline.OutputExpressionInlinePreProcessorHandler.handleOpenElementEnd(OutputExpressionInlinePreProcessorHandler.java:186)
	at org.thymeleaf.templateparser.markup.InlinedOutputExpressionMarkupHandler.handleOpenElementEnd(InlinedOutputExpressionMarkupHandler.java:124)
	at org.attoparser.HtmlElement.handleOpenElementEnd(HtmlElement.java:109)
	at org.attoparser.HtmlMarkupHandler.handleOpenElementEnd(HtmlMarkupHandler.java:297)
	at org.attoparser.MarkupEventProcessorHandler.handleOpenElementEnd(MarkupEventProcessorHandler.java:402)
	at org.attoparser.ParsingElementMarkupUtil.parseOpenElement(ParsingElementMarkupUtil.java:159)
	at org.attoparser.MarkupParser.parseBuffer(MarkupParser.java:710)
	at org.attoparser.MarkupParser.parseDocument(MarkupParser.java:301)
	... 95 common frames omitted
Caused by: org.springframework.expression.spel.SpelEvaluationException: EL1008E: Property or field 'productId' cannot be found on object of type 'com.tn.entity.Account' - maybe not public or not valid?
	at org.springframework.expression.spel.ast.PropertyOrFieldReference.readProperty(PropertyOrFieldReference.java:228)
	at org.springframework.expression.spel.ast.PropertyOrFieldReference.getValueInternal(PropertyOrFieldReference.java:111)
	at org.springframework.expression.spel.ast.PropertyOrFieldReference$AccessorLValue.getValue(PropertyOrFieldReference.java:416)
	at org.springframework.expression.spel.ast.CompoundExpression.getValueInternal(CompoundExpression.java:98)
	at org.springframework.expression.spel.ast.SpelNodeImpl.getValue(SpelNodeImpl.java:114)
	at org.springframework.expression.spel.standard.SpelExpression.getValue(SpelExpression.java:338)
	at org.thymeleaf.spring6.expression.SPELVariableExpressionEvaluator.evaluate(SPELVariableExpressionEvaluator.java:265)
	... 123 common frames omitted
2025-05-07 05:24:18,018 ERROR org.apache.catalina.core.ContainerBase.[Tomcat].[localhost].[/].[dispatcherServlet] [http-nio-8080-exec-2] Servlet.service() for servlet [dispatcherServlet] in context with path [] threw exception [Request processing failed: org.thymeleaf.exceptions.TemplateInputException: An error happened during template parsing (template: "class path resource [templates/admin-index.html]")] with root cause
org.springframework.expression.spel.SpelEvaluationException: EL1008E: Property or field 'productId' cannot be found on object of type 'com.tn.entity.Account' - maybe not public or not valid?
	at org.springframework.expression.spel.ast.PropertyOrFieldReference.readProperty(PropertyOrFieldReference.java:228)
	at org.springframework.expression.spel.ast.PropertyOrFieldReference.getValueInternal(PropertyOrFieldReference.java:111)
	at org.springframework.expression.spel.ast.PropertyOrFieldReference$AccessorLValue.getValue(PropertyOrFieldReference.java:416)
	at org.springframework.expression.spel.ast.CompoundExpression.getValueInternal(CompoundExpression.java:98)
	at org.springframework.expression.spel.ast.SpelNodeImpl.getValue(SpelNodeImpl.java:114)
	at org.springframework.expression.spel.standard.SpelExpression.getValue(SpelExpression.java:338)
	at org.thymeleaf.spring6.expression.SPELVariableExpressionEvaluator.evaluate(SPELVariableExpressionEvaluator.java:265)
	at org.thymeleaf.standard.expression.VariableExpression.executeVariableExpression(VariableExpression.java:166)
	at org.thymeleaf.standard.expression.SimpleExpression.executeSimple(SimpleExpression.java:66)
	at org.thymeleaf.standard.expression.Expression.execute(Expression.java:109)
	at org.thymeleaf.standard.expression.Expression.execute(Expression.java:138)
	at org.thymeleaf.standard.processor.AbstractStandardExpressionAttributeTagProcessor.doProcess(AbstractStandardExpressionAttributeTagProcessor.java:144)
	at org.thymeleaf.processor.element.AbstractAttributeTagProcessor.doProcess(AbstractAttributeTagProcessor.java:74)
	at org.thymeleaf.processor.element.AbstractElementTagProcessor.process(AbstractElementTagProcessor.java:95)
	at org.thymeleaf.util.ProcessorConfigurationUtils$ElementTagProcessorWrapper.process(ProcessorConfigurationUtils.java:633)
	at org.thymeleaf.engine.ProcessorTemplateHandler.handleOpenElement(ProcessorTemplateHandler.java:1314)
	at org.thymeleaf.engine.OpenElementTag.beHandled(OpenElementTag.java:205)
	at org.thymeleaf.engine.Model.process(Model.java:282)
	at org.thymeleaf.engine.Model.process(Model.java:290)
	at org.thymeleaf.engine.IteratedGatheringModelProcessable.processIterationModel(IteratedGatheringModelProcessable.java:368)
	at org.thymeleaf.engine.IteratedGatheringModelProcessable.process(IteratedGatheringModelProcessable.java:222)
	at org.thymeleaf.engine.ProcessorTemplateHandler.handleCloseElement(ProcessorTemplateHandler.java:1640)
	at org.thymeleaf.engine.CloseElementTag.beHandled(CloseElementTag.java:139)
	at org.thymeleaf.engine.Model.process(Model.java:282)
	at org.thymeleaf.engine.ProcessorTemplateHandler.handleOpenElement(ProcessorTemplateHandler.java:1587)
	at org.thymeleaf.engine.TemplateHandlerAdapterMarkupHandler.handleOpenElementEnd(TemplateHandlerAdapterMarkupHandler.java:304)
	at org.thymeleaf.templateparser.markup.InlinedOutputExpressionMarkupHandler$InlineMarkupAdapterPreProcessorHandler.handleOpenElementEnd(InlinedOutputExpressionMarkupHandler.java:278)
	at org.thymeleaf.standard.inline.OutputExpressionInlinePreProcessorHandler.handleOpenElementEnd(OutputExpressionInlinePreProcessorHandler.java:186)
	at org.thymeleaf.templateparser.markup.InlinedOutputExpressionMarkupHandler.handleOpenElementEnd(InlinedOutputExpressionMarkupHandler.java:124)
	at org.attoparser.HtmlElement.handleOpenElementEnd(HtmlElement.java:109)
	at org.attoparser.HtmlMarkupHandler.handleOpenElementEnd(HtmlMarkupHandler.java:297)
	at org.attoparser.MarkupEventProcessorHandler.handleOpenElementEnd(MarkupEventProcessorHandler.java:402)
	at org.attoparser.ParsingElementMarkupUtil.parseOpenElement(ParsingElementMarkupUtil.java:159)
	at org.attoparser.MarkupParser.parseBuffer(MarkupParser.java:710)
	at org.attoparser.MarkupParser.parseDocument(MarkupParser.java:301)
	at org.attoparser.MarkupParser.parse(MarkupParser.java:257)
	at org.thymeleaf.templateparser.markup.AbstractMarkupTemplateParser.parse(AbstractMarkupTemplateParser.java:230)
	at org.thymeleaf.templateparser.markup.AbstractMarkupTemplateParser.parseStandalone(AbstractMarkupTemplateParser.java:100)
	at org.thymeleaf.engine.TemplateManager.parseAndProcess(TemplateManager.java:666)
	at org.thymeleaf.TemplateEngine.process(TemplateEngine.java:1103)
	at org.thymeleaf.TemplateEngine.process(TemplateEngine.java:1077)
	at org.thymeleaf.spring6.view.ThymeleafView.renderFragment(ThymeleafView.java:372)
	at org.thymeleaf.spring6.view.ThymeleafView.render(ThymeleafView.java:192)
	at org.springframework.web.servlet.DispatcherServlet.render(DispatcherServlet.java:1415)
	at org.springframework.web.servlet.DispatcherServlet.processDispatchResult(DispatcherServlet.java:1159)
	at org.springframework.web.servlet.DispatcherServlet.doDispatch(DispatcherServlet.java:1098)
	at org.springframework.web.servlet.DispatcherServlet.doService(DispatcherServlet.java:974)
	at org.springframework.web.servlet.FrameworkServlet.processRequest(FrameworkServlet.java:1014)
	at org.springframework.web.servlet.FrameworkServlet.doGet(FrameworkServlet.java:903)
	at jakarta.servlet.http.HttpServlet.service(HttpServlet.java:564)
	at org.springframework.web.servlet.FrameworkServlet.service(FrameworkServlet.java:885)
	at jakarta.servlet.http.HttpServlet.service(HttpServlet.java:658)
	at org.apache.catalina.core.ApplicationFilterChain.internalDoFilter(ApplicationFilterChain.java:206)
	at org.apache.catalina.core.ApplicationFilterChain.doFilter(ApplicationFilterChain.java:150)
	at org.apache.tomcat.websocket.server.WsFilter.doFilter(WsFilter.java:51)
	at org.apache.catalina.core.ApplicationFilterChain.internalDoFilter(ApplicationFilterChain.java:175)
	at org.apache.catalina.core.ApplicationFilterChain.doFilter(ApplicationFilterChain.java:150)
	at org.springframework.web.filter.CompositeFilter$VirtualFilterChain.doFilter(CompositeFilter.java:108)
	at org.springframework.security.web.FilterChainProxy.lambda$doFilterInternal$3(FilterChainProxy.java:231)
	at org.springframework.security.web.FilterChainProxy$VirtualFilterChain.doFilter(FilterChainProxy.java:365)
	at org.springframework.security.web.access.intercept.FilterSecurityInterceptor.invoke(FilterSecurityInterceptor.java:117)
	at org.springframework.security.web.access.intercept.FilterSecurityInterceptor.doFilter(FilterSecurityInterceptor.java:83)
	at org.springframework.security.web.FilterChainProxy$VirtualFilterChain.doFilter(FilterChainProxy.java:374)
	at org.springframework.security.web.access.ExceptionTranslationFilter.doFilter(ExceptionTranslationFilter.java:126)
	at org.springframework.security.web.access.ExceptionTranslationFilter.doFilter(ExceptionTranslationFilter.java:120)
	at org.springframework.security.web.FilterChainProxy$VirtualFilterChain.doFilter(FilterChainProxy.java:374)
	at org.springframework.security.web.authentication.AnonymousAuthenticationFilter.doFilter(AnonymousAuthenticationFilter.java:100)
	at org.springframework.security.web.FilterChainProxy$VirtualFilterChain.doFilter(FilterChainProxy.java:374)
	at org.springframework.security.web.servletapi.SecurityContextHolderAwareRequestFilter.doFilter(SecurityContextHolderAwareRequestFilter.java:179)
	at org.springframework.security.web.FilterChainProxy$VirtualFilterChain.doFilter(FilterChainProxy.java:374)
	at org.springframework.security.web.savedrequest.RequestCacheAwareFilter.doFilter(RequestCacheAwareFilter.java:63)
	at org.springframework.security.web.FilterChainProxy$VirtualFilterChain.doFilter(FilterChainProxy.java:374)
	at org.springframework.security.web.authentication.AbstractAuthenticationProcessingFilter.doFilter(AbstractAuthenticationProcessingFilter.java:227)
	at org.springframework.security.web.authentication.AbstractAuthenticationProcessingFilter.doFilter(AbstractAuthenticationProcessingFilter.java:221)
	at org.springframework.security.web.FilterChainProxy$VirtualFilterChain.doFilter(FilterChainProxy.java:374)
	at org.springframework.security.web.authentication.logout.LogoutFilter.doFilter(LogoutFilter.java:107)
	at org.springframework.security.web.authentication.logout.LogoutFilter.doFilter(LogoutFilter.java:93)
	at org.springframework.security.web.FilterChainProxy$VirtualFilterChain.doFilter(FilterChainProxy.java:374)
	at org.springframework.security.web.header.HeaderWriterFilter.doHeadersAfter(HeaderWriterFilter.java:90)
	at org.springframework.security.web.header.HeaderWriterFilter.doFilterInternal(HeaderWriterFilter.java:75)
	at org.springframework.web.filter.OncePerRequestFilter.doFilter(OncePerRequestFilter.java:116)
	at org.springframework.security.web.FilterChainProxy$VirtualFilterChain.doFilter(FilterChainProxy.java:374)
	at org.springframework.security.web.context.SecurityContextHolderFilter.doFilter(SecurityContextHolderFilter.java:82)
	at org.springframework.security.web.context.SecurityContextHolderFilter.doFilter(SecurityContextHolderFilter.java:69)
	at org.springframework.security.web.FilterChainProxy$VirtualFilterChain.doFilter(FilterChainProxy.java:374)
	at org.springframework.security.web.context.request.async.WebAsyncManagerIntegrationFilter.doFilterInternal(WebAsyncManagerIntegrationFilter.java:62)
	at org.springframework.web.filter.OncePerRequestFilter.doFilter(OncePerRequestFilter.java:116)
	at org.springframework.security.web.FilterChainProxy$VirtualFilterChain.doFilter(FilterChainProxy.java:374)
	at org.springframework.security.web.session.DisableEncodeUrlFilter.doFilterInternal(DisableEncodeUrlFilter.java:42)
	at org.springframework.web.filter.OncePerRequestFilter.doFilter(OncePerRequestFilter.java:116)
	at org.springframework.security.web.FilterChainProxy$VirtualFilterChain.doFilter(FilterChainProxy.java:374)
	at org.springframework.security.web.FilterChainProxy.doFilterInternal(FilterChainProxy.java:233)
	at org.springframework.security.web.FilterChainProxy.doFilter(FilterChainProxy.java:191)
	at org.springframework.web.filter.CompositeFilter$VirtualFilterChain.doFilter(CompositeFilter.java:113)
	at org.springframework.web.servlet.handler.HandlerMappingIntrospector.lambda$createCacheFilter$3(HandlerMappingIntrospector.java:195)
	at org.springframework.web.filter.CompositeFilter$VirtualFilterChain.doFilter(CompositeFilter.java:113)
	at org.springframework.web.filter.CompositeFilter.doFilter(CompositeFilter.java:74)
	at org.springframework.security.config.annotation.web.configuration.WebMvcSecurityConfiguration$CompositeFilterChainProxy.doFilter(WebMvcSecurityConfiguration.java:230)
	at org.springframework.web.filter.DelegatingFilterProxy.invokeDelegate(DelegatingFilterProxy.java:352)
	at org.springframework.web.filter.DelegatingFilterProxy.doFilter(DelegatingFilterProxy.java:268)
	at org.apache.catalina.core.ApplicationFilterChain.internalDoFilter(ApplicationFilterChain.java:175)
	at org.apache.catalina.core.ApplicationFilterChain.doFilter(ApplicationFilterChain.java:150)
	at org.springframework.web.filter.RequestContextFilter.doFilterInternal(RequestContextFilter.java:100)
	at org.springframework.web.filter.OncePerRequestFilter.doFilter(OncePerRequestFilter.java:116)
	at org.apache.catalina.core.ApplicationFilterChain.internalDoFilter(ApplicationFilterChain.java:175)
	at org.apache.catalina.core.ApplicationFilterChain.doFilter(ApplicationFilterChain.java:150)
	at org.springframework.web.filter.FormContentFilter.doFilterInternal(FormContentFilter.java:93)
	at org.springframework.web.filter.OncePerRequestFilter.doFilter(OncePerRequestFilter.java:116)
	at org.apache.catalina.core.ApplicationFilterChain.internalDoFilter(ApplicationFilterChain.java:175)
	at org.apache.catalina.core.ApplicationFilterChain.doFilter(ApplicationFilterChain.java:150)
	at org.springframework.web.filter.CharacterEncodingFilter.doFilterInternal(CharacterEncodingFilter.java:201)
	at org.springframework.web.filter.OncePerRequestFilter.doFilter(OncePerRequestFilter.java:116)
	at org.apache.catalina.core.ApplicationFilterChain.internalDoFilter(ApplicationFilterChain.java:175)
	at org.apache.catalina.core.ApplicationFilterChain.doFilter(ApplicationFilterChain.java:150)
	at org.apache.catalina.core.StandardWrapperValve.invoke(StandardWrapperValve.java:167)
	at org.apache.catalina.core.StandardContextValve.invoke(StandardContextValve.java:90)
	at org.apache.catalina.authenticator.AuthenticatorBase.invoke(AuthenticatorBase.java:482)
	at org.apache.catalina.core.StandardHostValve.invoke(StandardHostValve.java:115)
	at org.apache.catalina.valves.ErrorReportValve.invoke(ErrorReportValve.java:93)
	at org.apache.catalina.core.StandardEngineValve.invoke(StandardEngineValve.java:74)
	at org.apache.catalina.connector.CoyoteAdapter.service(CoyoteAdapter.java:344)
	at org.apache.coyote.http11.Http11Processor.service(Http11Processor.java:391)
	at org.apache.coyote.AbstractProcessorLight.process(AbstractProcessorLight.java:63)
	at org.apache.coyote.AbstractProtocol$ConnectionHandler.process(AbstractProtocol.java:896)
	at org.apache.tomcat.util.net.NioEndpoint$SocketProcessor.doRun(NioEndpoint.java:1736)
	at org.apache.tomcat.util.net.SocketProcessorBase.run(SocketProcessorBase.java:52)
	at org.apache.tomcat.util.threads.ThreadPoolExecutor.runWorker(ThreadPoolExecutor.java:1191)
	at org.apache.tomcat.util.threads.ThreadPoolExecutor$Worker.run(ThreadPoolExecutor.java:659)
	at org.apache.tomcat.util.threads.TaskThread$WrappingRunnable.run(TaskThread.java:63)
	at java.base/java.lang.Thread.run(Thread.java:840)
2025-05-07 05:25:20,930 INFO org.springframework.orm.jpa.LocalContainerEntityManagerFactoryBean [SpringApplicationShutdownHook] Closing JPA EntityManagerFactory for persistence unit 'default'
2025-05-07 05:25:20,930 INFO com.zaxxer.hikari.HikariDataSource [SpringApplicationShutdownHook] HikariPool-1 - Shutdown initiated...
2025-05-07 05:25:20,943 INFO com.zaxxer.hikari.HikariDataSource [SpringApplicationShutdownHook] HikariPool-1 - Shutdown completed.
2025-05-07 05:25:29,010 INFO com.tn.Demo25AccountThymeleafApplication [restartedMain] Starting Demo25AccountThymeleafApplication using Java 17.0.10 with PID 5804 (C:\Users\Public\Javapro\demo25_AccountThymeleaf\target\classes started by havan in C:\Users\Public\Javapro\demo25_AccountThymeleaf)
2025-05-07 05:25:29,015 INFO com.tn.Demo25AccountThymeleafApplication [restartedMain] The following 1 profile is active: "prod"
2025-05-07 05:25:29,073 INFO org.springframework.boot.devtools.env.DevToolsPropertyDefaultsPostProcessor [restartedMain] Devtools property defaults active! Set 'spring.devtools.add-properties' to 'false' to disable
2025-05-07 05:25:29,073 INFO org.springframework.boot.devtools.env.DevToolsPropertyDefaultsPostProcessor [restartedMain] For additional web related logging consider setting the 'logging.level.web' property to 'DEBUG'
2025-05-07 05:25:30,131 INFO org.springframework.data.repository.config.RepositoryConfigurationDelegate [restartedMain] Bootstrapping Spring Data JPA repositories in DEFAULT mode.
2025-05-07 05:25:30,209 INFO org.springframework.data.repository.config.RepositoryConfigurationDelegate [restartedMain] Finished Spring Data repository scanning in 65 ms. Found 6 JPA repository interfaces.
2025-05-07 05:25:30,769 INFO org.springframework.boot.web.embedded.tomcat.TomcatWebServer [restartedMain] Tomcat initialized with port(s): 8080 (http)
2025-05-07 05:25:30,780 INFO org.apache.catalina.core.StandardService [restartedMain] Starting service [Tomcat]
2025-05-07 05:25:30,780 INFO org.apache.catalina.core.StandardEngine [restartedMain] Starting Servlet engine: [Apache Tomcat/10.1.20]
2025-05-07 05:25:30,850 INFO org.apache.catalina.core.ContainerBase.[Tomcat].[localhost].[/] [restartedMain] Initializing Spring embedded WebApplicationContext
2025-05-07 05:25:30,850 INFO org.springframework.boot.web.servlet.context.ServletWebServerApplicationContext [restartedMain] Root WebApplicationContext: initialization completed in 1777 ms
2025-05-07 05:25:31,000 INFO org.hibernate.jpa.internal.util.LogHelper [restartedMain] HHH000204: Processing PersistenceUnitInfo [name: default]
2025-05-07 05:25:31,062 INFO org.hibernate.Version [restartedMain] HHH000412: Hibernate ORM core version 6.2.24.Final
2025-05-07 05:25:31,062 INFO org.hibernate.cfg.Environment [restartedMain] HHH000406: Using bytecode reflection optimizer
2025-05-07 05:25:31,289 INFO org.springframework.orm.jpa.persistenceunit.SpringPersistenceUnitInfo [restartedMain] No LoadTimeWeaver setup: ignoring JPA class transformer
2025-05-07 05:25:31,310 INFO com.zaxxer.hikari.HikariDataSource [restartedMain] HikariPool-1 - Starting...
2025-05-07 05:25:31,430 INFO com.zaxxer.hikari.pool.HikariPool [restartedMain] HikariPool-1 - Added connection com.mysql.cj.jdbc.ConnectionImpl@ad3a546
2025-05-07 05:25:31,430 INFO com.zaxxer.hikari.HikariDataSource [restartedMain] HikariPool-1 - Start completed.
2025-05-07 05:25:31,460 WARN org.hibernate.dialect.Dialect [restartedMain] HHH000511: The 5.5.0 version for [org.hibernate.dialect.MySQLDialect] is no longer supported, hence certain features may not work properly. The minimum supported version is 5.7.0. Check the community dialects project for available legacy versions.
2025-05-07 05:25:32,249 INFO org.hibernate.engine.transaction.jta.platform.internal.JtaPlatformInitiator [restartedMain] HHH000489: No JTA platform available (set 'hibernate.transaction.jta.platform' to enable JTA platform integration)
2025-05-07 05:25:32,354 INFO org.springframework.orm.jpa.LocalContainerEntityManagerFactoryBean [restartedMain] Initialized JPA EntityManagerFactory for persistence unit 'default'
2025-05-07 05:25:32,649 INFO org.springframework.data.jpa.repository.query.QueryEnhancerFactory [restartedMain] Hibernate is in classpath; If applicable, HQL parser will be used.
2025-05-07 05:25:32,929 WARN org.springframework.boot.autoconfigure.orm.jpa.JpaBaseConfiguration$JpaWebConfiguration [restartedMain] spring.jpa.open-in-view is enabled by default. Therefore, database queries may be performed during view rendering. Explicitly configure spring.jpa.open-in-view to disable this warning
2025-05-07 05:25:33,299 INFO org.springframework.security.web.DefaultSecurityFilterChain [restartedMain] Will secure any request with [org.springframework.security.web.session.DisableEncodeUrlFilter@17363448, org.springframework.security.web.context.request.async.WebAsyncManagerIntegrationFilter@4a4283f, org.springframework.security.web.context.SecurityContextHolderFilter@36228930, org.springframework.security.web.header.HeaderWriterFilter@21c2567d, org.springframework.security.web.authentication.logout.LogoutFilter@33b23f4d, org.springframework.security.web.authentication.UsernamePasswordAuthenticationFilter@56f7c85, org.springframework.security.web.savedrequest.RequestCacheAwareFilter@1f6ec3c, org.springframework.security.web.servletapi.SecurityContextHolderAwareRequestFilter@68659fca, org.springframework.security.web.authentication.AnonymousAuthenticationFilter@7a51e77a, org.springframework.security.web.access.ExceptionTranslationFilter@d0048ff, org.springframework.security.web.access.intercept.FilterSecurityInterceptor@3abe4624]
2025-05-07 05:25:33,642 INFO org.springframework.boot.devtools.autoconfigure.OptionalLiveReloadServer [restartedMain] LiveReload server is running on port 35729
2025-05-07 05:25:33,684 INFO org.springframework.boot.web.embedded.tomcat.TomcatWebServer [restartedMain] Tomcat started on port(s): 8080 (http) with context path ''
2025-05-07 05:25:33,699 INFO com.tn.Demo25AccountThymeleafApplication [restartedMain] Started Demo25AccountThymeleafApplication in 5.148 seconds (process running for 9.945)
2025-05-07 05:32:37,453 INFO org.springframework.orm.jpa.LocalContainerEntityManagerFactoryBean [SpringApplicationShutdownHook] Closing JPA EntityManagerFactory for persistence unit 'default'
2025-05-07 05:32:37,462 INFO com.zaxxer.hikari.HikariDataSource [SpringApplicationShutdownHook] HikariPool-1 - Shutdown initiated...
2025-05-07 05:32:37,474 INFO com.zaxxer.hikari.HikariDataSource [SpringApplicationShutdownHook] HikariPool-1 - Shutdown completed.
2025-05-07 05:32:40,786 INFO com.tn.Demo25AccountThymeleafApplication [restartedMain] Starting Demo25AccountThymeleafApplication using Java 17.0.10 with PID 9588 (C:\Users\Public\Javapro\demo25_AccountThymeleaf\target\classes started by havan in C:\Users\Public\Javapro\demo25_AccountThymeleaf)
2025-05-07 05:32:40,789 INFO com.tn.Demo25AccountThymeleafApplication [restartedMain] The following 1 profile is active: "prod"
2025-05-07 05:32:40,836 INFO org.springframework.boot.devtools.env.DevToolsPropertyDefaultsPostProcessor [restartedMain] Devtools property defaults active! Set 'spring.devtools.add-properties' to 'false' to disable
2025-05-07 05:32:40,836 INFO org.springframework.boot.devtools.env.DevToolsPropertyDefaultsPostProcessor [restartedMain] For additional web related logging consider setting the 'logging.level.web' property to 'DEBUG'
2025-05-07 05:32:41,496 INFO org.springframework.data.repository.config.RepositoryConfigurationDelegate [restartedMain] Bootstrapping Spring Data JPA repositories in DEFAULT mode.
2025-05-07 05:32:41,567 INFO org.springframework.data.repository.config.RepositoryConfigurationDelegate [restartedMain] Finished Spring Data repository scanning in 66 ms. Found 6 JPA repository interfaces.
2025-05-07 05:32:42,149 INFO org.springframework.boot.web.embedded.tomcat.TomcatWebServer [restartedMain] Tomcat initialized with port(s): 8080 (http)
2025-05-07 05:32:42,159 INFO org.apache.catalina.core.StandardService [restartedMain] Starting service [Tomcat]
2025-05-07 05:32:42,159 INFO org.apache.catalina.core.StandardEngine [restartedMain] Starting Servlet engine: [Apache Tomcat/10.1.20]
2025-05-07 05:32:42,231 INFO org.apache.catalina.core.ContainerBase.[Tomcat].[localhost].[/] [restartedMain] Initializing Spring embedded WebApplicationContext
2025-05-07 05:32:42,231 INFO org.springframework.boot.web.servlet.context.ServletWebServerApplicationContext [restartedMain] Root WebApplicationContext: initialization completed in 1395 ms
2025-05-07 05:32:42,405 INFO org.hibernate.jpa.internal.util.LogHelper [restartedMain] HHH000204: Processing PersistenceUnitInfo [name: default]
2025-05-07 05:32:42,478 INFO org.hibernate.Version [restartedMain] HHH000412: Hibernate ORM core version 6.2.24.Final
2025-05-07 05:32:42,480 INFO org.hibernate.cfg.Environment [restartedMain] HHH000406: Using bytecode reflection optimizer
2025-05-07 05:32:42,677 INFO org.springframework.orm.jpa.persistenceunit.SpringPersistenceUnitInfo [restartedMain] No LoadTimeWeaver setup: ignoring JPA class transformer
2025-05-07 05:32:42,696 INFO com.zaxxer.hikari.HikariDataSource [restartedMain] HikariPool-1 - Starting...
2025-05-07 05:32:42,800 INFO com.zaxxer.hikari.pool.HikariPool [restartedMain] HikariPool-1 - Added connection com.mysql.cj.jdbc.ConnectionImpl@7a41bfcd
2025-05-07 05:32:42,802 INFO com.zaxxer.hikari.HikariDataSource [restartedMain] HikariPool-1 - Start completed.
2025-05-07 05:32:42,833 WARN org.hibernate.dialect.Dialect [restartedMain] HHH000511: The 5.5.0 version for [org.hibernate.dialect.MySQLDialect] is no longer supported, hence certain features may not work properly. The minimum supported version is 5.7.0. Check the community dialects project for available legacy versions.
2025-05-07 05:32:43,659 INFO org.hibernate.engine.transaction.jta.platform.internal.JtaPlatformInitiator [restartedMain] HHH000489: No JTA platform available (set 'hibernate.transaction.jta.platform' to enable JTA platform integration)
2025-05-07 05:32:43,755 INFO org.springframework.orm.jpa.LocalContainerEntityManagerFactoryBean [restartedMain] Initialized JPA EntityManagerFactory for persistence unit 'default'
2025-05-07 05:32:44,066 INFO org.springframework.data.jpa.repository.query.QueryEnhancerFactory [restartedMain] Hibernate is in classpath; If applicable, HQL parser will be used.
2025-05-07 05:32:44,368 WARN org.springframework.boot.autoconfigure.orm.jpa.JpaBaseConfiguration$JpaWebConfiguration [restartedMain] spring.jpa.open-in-view is enabled by default. Therefore, database queries may be performed during view rendering. Explicitly configure spring.jpa.open-in-view to disable this warning
2025-05-07 05:32:44,754 INFO org.springframework.security.web.DefaultSecurityFilterChain [restartedMain] Will secure any request with [org.springframework.security.web.session.DisableEncodeUrlFilter@ba61dd1, org.springframework.security.web.context.request.async.WebAsyncManagerIntegrationFilter@66d8ffd, org.springframework.security.web.context.SecurityContextHolderFilter@11b9381f, org.springframework.security.web.header.HeaderWriterFilter@5924d130, org.springframework.security.web.authentication.logout.LogoutFilter@634b11e8, org.springframework.security.web.authentication.UsernamePasswordAuthenticationFilter@6011a8a9, org.springframework.security.web.savedrequest.RequestCacheAwareFilter@2667bfac, org.springframework.security.web.servletapi.SecurityContextHolderAwareRequestFilter@4fda85bd, org.springframework.security.web.authentication.AnonymousAuthenticationFilter@6bd43b79, org.springframework.security.web.access.ExceptionTranslationFilter@75146534, org.springframework.security.web.access.intercept.FilterSecurityInterceptor@6b40d2ea]
2025-05-07 05:32:45,048 INFO org.springframework.boot.devtools.autoconfigure.OptionalLiveReloadServer [restartedMain] LiveReload server is running on port 35729
2025-05-07 05:32:45,094 INFO org.springframework.boot.web.embedded.tomcat.TomcatWebServer [restartedMain] Tomcat started on port(s): 8080 (http) with context path ''
2025-05-07 05:32:45,108 INFO com.tn.Demo25AccountThymeleafApplication [restartedMain] Started Demo25AccountThymeleafApplication in 4.81 seconds (process running for 6.455)
2025-05-07 05:32:48,410 INFO org.apache.catalina.core.ContainerBase.[Tomcat].[localhost].[/] [http-nio-8080-exec-1] Initializing Spring DispatcherServlet 'dispatcherServlet'
2025-05-07 05:32:48,411 INFO org.springframework.web.servlet.DispatcherServlet [http-nio-8080-exec-1] Initializing Servlet 'dispatcherServlet'
2025-05-07 05:32:48,412 INFO org.springframework.web.servlet.DispatcherServlet [http-nio-8080-exec-1] Completed initialization in 1 ms
2025-05-07 05:32:48,938 WARN org.thymeleaf.standard.processor.AbstractStandardFragmentInsertionTagProcessor [http-nio-8080-exec-1] [THYMELEAF][http-nio-8080-exec-1][admin-index] Deprecated unwrapped fragment expression "admin-account-list.html::AdminAccountList" found in template admin-index, line 32, col 10. Please use the complete syntax of fragment expressions instead ("~{admin-account-list.html::AdminAccountList}"). The old, unwrapped syntax for fragment expressions will be removed in future versions of Thymeleaf.
2025-05-07 05:32:48,972 WARN org.thymeleaf.standard.processor.AbstractStandardFragmentInsertionTagProcessor [http-nio-8080-exec-1] [THYMELEAF][http-nio-8080-exec-1][admin-account-list.html] Deprecated unwrapped fragment expression "layout-admin.html::LayoutAdmin" found in template admin-account-list.html, line 3, col 10. Please use the complete syntax of fragment expressions instead ("~{layout-admin.html::LayoutAdmin}"). The old, unwrapped syntax for fragment expressions will be removed in future versions of Thymeleaf.
2025-05-07 05:33:02,211 WARN org.thymeleaf.standard.processor.AbstractStandardFragmentInsertionTagProcessor [http-nio-8080-exec-8] [THYMELEAF][http-nio-8080-exec-8][admin-index] Deprecated unwrapped fragment expression "admin-account-add.html::AdminAccountAdd" found in template admin-index, line 63, col 10. Please use the complete syntax of fragment expressions instead ("~{admin-account-add.html::AdminAccountAdd}"). The old, unwrapped syntax for fragment expressions will be removed in future versions of Thymeleaf.
2025-05-07 05:33:14,928 WARN org.thymeleaf.standard.processor.AbstractStandardFragmentInsertionTagProcessor [http-nio-8080-exec-6] [THYMELEAF][http-nio-8080-exec-6][admin-index] Deprecated unwrapped fragment expression "admin-account-list.html::AdminAccountList" found in template admin-index, line 32, col 10. Please use the complete syntax of fragment expressions instead ("~{admin-account-list.html::AdminAccountList}"). The old, unwrapped syntax for fragment expressions will be removed in future versions of Thymeleaf.
2025-05-07 05:33:14,930 WARN org.thymeleaf.standard.processor.AbstractStandardFragmentInsertionTagProcessor [http-nio-8080-exec-6] [THYMELEAF][http-nio-8080-exec-6][admin-account-list.html] Deprecated unwrapped fragment expression "layout-admin.html::LayoutAdmin" found in template admin-account-list.html, line 3, col 10. Please use the complete syntax of fragment expressions instead ("~{layout-admin.html::LayoutAdmin}"). The old, unwrapped syntax for fragment expressions will be removed in future versions of Thymeleaf.
2025-05-07 05:33:25,922 WARN org.thymeleaf.standard.processor.AbstractStandardFragmentInsertionTagProcessor [http-nio-8080-exec-4] [THYMELEAF][http-nio-8080-exec-4][admin-index] Deprecated unwrapped fragment expression "admin-category-list.html::AdminCategoryList" found in template admin-index, line 36, col 10. Please use the complete syntax of fragment expressions instead ("~{admin-category-list.html::AdminCategoryList}"). The old, unwrapped syntax for fragment expressions will be removed in future versions of Thymeleaf.
2025-05-07 05:33:25,935 WARN org.thymeleaf.standard.processor.AbstractStandardFragmentInsertionTagProcessor [http-nio-8080-exec-4] [THYMELEAF][http-nio-8080-exec-4][admin-category-list.html] Deprecated unwrapped fragment expression "layout-admin.html::LayoutAdmin" found in template admin-category-list.html, line 3, col 8. Please use the complete syntax of fragment expressions instead ("~{layout-admin.html::LayoutAdmin}"). The old, unwrapped syntax for fragment expressions will be removed in future versions of Thymeleaf.
2025-05-07 05:33:36,378 WARN org.thymeleaf.standard.processor.AbstractStandardFragmentInsertionTagProcessor [http-nio-8080-exec-5] [THYMELEAF][http-nio-8080-exec-5][admin-index] Deprecated unwrapped fragment expression "admin-category-list.html::AdminCategoryList" found in template admin-index, line 36, col 10. Please use the complete syntax of fragment expressions instead ("~{admin-category-list.html::AdminCategoryList}"). The old, unwrapped syntax for fragment expressions will be removed in future versions of Thymeleaf.
2025-05-07 05:33:36,380 WARN org.thymeleaf.standard.processor.AbstractStandardFragmentInsertionTagProcessor [http-nio-8080-exec-5] [THYMELEAF][http-nio-8080-exec-5][admin-category-list.html] Deprecated unwrapped fragment expression "layout-admin.html::LayoutAdmin" found in template admin-category-list.html, line 3, col 8. Please use the complete syntax of fragment expressions instead ("~{layout-admin.html::LayoutAdmin}"). The old, unwrapped syntax for fragment expressions will be removed in future versions of Thymeleaf.
2025-05-07 05:33:49,505 WARN org.thymeleaf.standard.processor.AbstractStandardFragmentInsertionTagProcessor [http-nio-8080-exec-3] [THYMELEAF][http-nio-8080-exec-3][admin-index] Deprecated unwrapped fragment expression "admin-category-list.html::AdminCategoryList" found in template admin-index, line 36, col 10. Please use the complete syntax of fragment expressions instead ("~{admin-category-list.html::AdminCategoryList}"). The old, unwrapped syntax for fragment expressions will be removed in future versions of Thymeleaf.
2025-05-07 05:33:49,508 WARN org.thymeleaf.standard.processor.AbstractStandardFragmentInsertionTagProcessor [http-nio-8080-exec-3] [THYMELEAF][http-nio-8080-exec-3][admin-category-list.html] Deprecated unwrapped fragment expression "layout-admin.html::LayoutAdmin" found in template admin-category-list.html, line 3, col 8. Please use the complete syntax of fragment expressions instead ("~{layout-admin.html::LayoutAdmin}"). The old, unwrapped syntax for fragment expressions will be removed in future versions of Thymeleaf.
2025-05-07 05:33:50,244 WARN org.thymeleaf.standard.processor.AbstractStandardFragmentInsertionTagProcessor [http-nio-8080-exec-8] [THYMELEAF][http-nio-8080-exec-8][admin-index] Deprecated unwrapped fragment expression "admin-product-list.html::AdminProductList" found in template admin-index, line 39, col 10. Please use the complete syntax of fragment expressions instead ("~{admin-product-list.html::AdminProductList}"). The old, unwrapped syntax for fragment expressions will be removed in future versions of Thymeleaf.
2025-05-07 05:33:50,248 WARN org.thymeleaf.standard.processor.AbstractStandardFragmentInsertionTagProcessor [http-nio-8080-exec-8] [THYMELEAF][http-nio-8080-exec-8][admin-product-list.html] Deprecated unwrapped fragment expression "layout-admin.html::LayoutAdmin" found in template admin-product-list.html, line 4, col 10. Please use the complete syntax of fragment expressions instead ("~{layout-admin.html::LayoutAdmin}"). The old, unwrapped syntax for fragment expressions will be removed in future versions of Thymeleaf.
2025-05-07 05:33:52,753 WARN org.thymeleaf.standard.processor.AbstractStandardFragmentInsertionTagProcessor [http-nio-8080-exec-1] [THYMELEAF][http-nio-8080-exec-1][admin-index] Deprecated unwrapped fragment expression "admin-product-add.html::AdminProductAdd" found in template admin-index, line 42, col 10. Please use the complete syntax of fragment expressions instead ("~{admin-product-add.html::AdminProductAdd}"). The old, unwrapped syntax for fragment expressions will be removed in future versions of Thymeleaf.
2025-05-07 05:33:58,695 WARN org.thymeleaf.standard.processor.AbstractStandardFragmentInsertionTagProcessor [http-nio-8080-exec-4] [THYMELEAF][http-nio-8080-exec-4][admin-index] Deprecated unwrapped fragment expression "admin-product-list.html::AdminProductList" found in template admin-index, line 39, col 10. Please use the complete syntax of fragment expressions instead ("~{admin-product-list.html::AdminProductList}"). The old, unwrapped syntax for fragment expressions will be removed in future versions of Thymeleaf.
2025-05-07 05:33:58,700 WARN org.thymeleaf.standard.processor.AbstractStandardFragmentInsertionTagProcessor [http-nio-8080-exec-4] [THYMELEAF][http-nio-8080-exec-4][admin-product-list.html] Deprecated unwrapped fragment expression "layout-admin.html::LayoutAdmin" found in template admin-product-list.html, line 4, col 10. Please use the complete syntax of fragment expressions instead ("~{layout-admin.html::LayoutAdmin}"). The old, unwrapped syntax for fragment expressions will be removed in future versions of Thymeleaf.
2025-05-07 05:33:59,886 WARN org.thymeleaf.standard.processor.AbstractStandardFragmentInsertionTagProcessor [http-nio-8080-exec-1] [THYMELEAF][http-nio-8080-exec-1][admin-index] Deprecated unwrapped fragment expression "admin-category-list.html::AdminCategoryList" found in template admin-index, line 36, col 10. Please use the complete syntax of fragment expressions instead ("~{admin-category-list.html::AdminCategoryList}"). The old, unwrapped syntax for fragment expressions will be removed in future versions of Thymeleaf.
2025-05-07 05:33:59,888 WARN org.thymeleaf.standard.processor.AbstractStandardFragmentInsertionTagProcessor [http-nio-8080-exec-1] [THYMELEAF][http-nio-8080-exec-1][admin-category-list.html] Deprecated unwrapped fragment expression "layout-admin.html::LayoutAdmin" found in template admin-category-list.html, line 3, col 8. Please use the complete syntax of fragment expressions instead ("~{layout-admin.html::LayoutAdmin}"). The old, unwrapped syntax for fragment expressions will be removed in future versions of Thymeleaf.
2025-05-07 05:34:49,438 INFO org.springframework.orm.jpa.LocalContainerEntityManagerFactoryBean [SpringApplicationShutdownHook] Closing JPA EntityManagerFactory for persistence unit 'default'
2025-05-07 05:34:49,443 INFO com.zaxxer.hikari.HikariDataSource [SpringApplicationShutdownHook] HikariPool-1 - Shutdown initiated...
2025-05-07 05:34:49,447 INFO com.zaxxer.hikari.HikariDataSource [SpringApplicationShutdownHook] HikariPool-1 - Shutdown completed.
2025-05-07 05:34:53,043 INFO com.tn.Demo25AccountThymeleafApplication [restartedMain] Starting Demo25AccountThymeleafApplication using Java 17.0.10 with PID 12152 (C:\Users\Public\Javapro\demo25_AccountThymeleaf\target\classes started by havan in C:\Users\Public\Javapro\demo25_AccountThymeleaf)
2025-05-07 05:34:53,046 INFO com.tn.Demo25AccountThymeleafApplication [restartedMain] The following 1 profile is active: "prod"
2025-05-07 05:34:53,090 INFO org.springframework.boot.devtools.env.DevToolsPropertyDefaultsPostProcessor [restartedMain] Devtools property defaults active! Set 'spring.devtools.add-properties' to 'false' to disable
2025-05-07 05:34:53,090 INFO org.springframework.boot.devtools.env.DevToolsPropertyDefaultsPostProcessor [restartedMain] For additional web related logging consider setting the 'logging.level.web' property to 'DEBUG'
2025-05-07 05:34:53,758 INFO org.springframework.data.repository.config.RepositoryConfigurationDelegate [restartedMain] Bootstrapping Spring Data JPA repositories in DEFAULT mode.
2025-05-07 05:34:53,828 INFO org.springframework.data.repository.config.RepositoryConfigurationDelegate [restartedMain] Finished Spring Data repository scanning in 67 ms. Found 6 JPA repository interfaces.
2025-05-07 05:34:54,412 INFO org.springframework.boot.web.embedded.tomcat.TomcatWebServer [restartedMain] Tomcat initialized with port(s): 8080 (http)
2025-05-07 05:34:54,420 INFO org.apache.catalina.core.StandardService [restartedMain] Starting service [Tomcat]
2025-05-07 05:34:54,420 INFO org.apache.catalina.core.StandardEngine [restartedMain] Starting Servlet engine: [Apache Tomcat/10.1.20]
2025-05-07 05:34:54,477 INFO org.apache.catalina.core.ContainerBase.[Tomcat].[localhost].[/] [restartedMain] Initializing Spring embedded WebApplicationContext
2025-05-07 05:34:54,477 INFO org.springframework.boot.web.servlet.context.ServletWebServerApplicationContext [restartedMain] Root WebApplicationContext: initialization completed in 1387 ms
2025-05-07 05:34:54,627 INFO org.hibernate.jpa.internal.util.LogHelper [restartedMain] HHH000204: Processing PersistenceUnitInfo [name: default]
2025-05-07 05:34:54,681 INFO org.hibernate.Version [restartedMain] HHH000412: Hibernate ORM core version 6.2.24.Final
2025-05-07 05:34:54,681 INFO org.hibernate.cfg.Environment [restartedMain] HHH000406: Using bytecode reflection optimizer
2025-05-07 05:34:54,888 INFO org.springframework.orm.jpa.persistenceunit.SpringPersistenceUnitInfo [restartedMain] No LoadTimeWeaver setup: ignoring JPA class transformer
2025-05-07 05:34:54,908 INFO com.zaxxer.hikari.HikariDataSource [restartedMain] HikariPool-1 - Starting...
2025-05-07 05:34:55,007 INFO com.zaxxer.hikari.pool.HikariPool [restartedMain] HikariPool-1 - Added connection com.mysql.cj.jdbc.ConnectionImpl@734ade6d
2025-05-07 05:34:55,017 INFO com.zaxxer.hikari.HikariDataSource [restartedMain] HikariPool-1 - Start completed.
2025-05-07 05:34:55,047 WARN org.hibernate.dialect.Dialect [restartedMain] HHH000511: The 5.5.0 version for [org.hibernate.dialect.MySQLDialect] is no longer supported, hence certain features may not work properly. The minimum supported version is 5.7.0. Check the community dialects project for available legacy versions.
2025-05-07 05:34:55,843 INFO org.hibernate.engine.transaction.jta.platform.internal.JtaPlatformInitiator [restartedMain] HHH000489: No JTA platform available (set 'hibernate.transaction.jta.platform' to enable JTA platform integration)
2025-05-07 05:34:55,953 INFO org.springframework.orm.jpa.LocalContainerEntityManagerFactoryBean [restartedMain] Initialized JPA EntityManagerFactory for persistence unit 'default'
2025-05-07 05:34:56,255 INFO org.springframework.data.jpa.repository.query.QueryEnhancerFactory [restartedMain] Hibernate is in classpath; If applicable, HQL parser will be used.
2025-05-07 05:34:56,528 WARN org.springframework.boot.autoconfigure.orm.jpa.JpaBaseConfiguration$JpaWebConfiguration [restartedMain] spring.jpa.open-in-view is enabled by default. Therefore, database queries may be performed during view rendering. Explicitly configure spring.jpa.open-in-view to disable this warning
2025-05-07 05:34:56,787 INFO org.springframework.security.web.DefaultSecurityFilterChain [restartedMain] Will secure any request with [org.springframework.security.web.session.DisableEncodeUrlFilter@142dc28c, org.springframework.security.web.context.request.async.WebAsyncManagerIntegrationFilter@6192c93b, org.springframework.security.web.context.SecurityContextHolderFilter@2af71fc, org.springframework.security.web.header.HeaderWriterFilter@4f1a1cb6, org.springframework.security.web.authentication.logout.LogoutFilter@640fe5cb, org.springframework.security.web.authentication.UsernamePasswordAuthenticationFilter@2b545884, org.springframework.security.web.savedrequest.RequestCacheAwareFilter@2880ad16, org.springframework.security.web.servletapi.SecurityContextHolderAwareRequestFilter@21e7eb9c, org.springframework.security.web.authentication.AnonymousAuthenticationFilter@688b3df5, org.springframework.security.web.access.ExceptionTranslationFilter@12f7f6d, org.springframework.security.web.access.intercept.FilterSecurityInterceptor@6f992f73]
2025-05-07 05:34:57,037 INFO org.springframework.boot.devtools.autoconfigure.OptionalLiveReloadServer [restartedMain] LiveReload server is running on port 35729
2025-05-07 05:34:57,089 INFO org.springframework.boot.web.embedded.tomcat.TomcatWebServer [restartedMain] Tomcat started on port(s): 8080 (http) with context path ''
2025-05-07 05:34:57,108 INFO com.tn.Demo25AccountThymeleafApplication [restartedMain] Started Demo25AccountThymeleafApplication in 4.472 seconds (process running for 5.281)
2025-05-07 05:35:21,920 INFO org.apache.catalina.core.ContainerBase.[Tomcat].[localhost].[/] [http-nio-8080-exec-1] Initializing Spring DispatcherServlet 'dispatcherServlet'
2025-05-07 05:35:21,920 INFO org.springframework.web.servlet.DispatcherServlet [http-nio-8080-exec-1] Initializing Servlet 'dispatcherServlet'
2025-05-07 05:35:21,923 INFO org.springframework.web.servlet.DispatcherServlet [http-nio-8080-exec-1] Completed initialization in 3 ms
2025-05-07 05:35:22,360 WARN org.thymeleaf.standard.processor.AbstractStandardFragmentInsertionTagProcessor [http-nio-8080-exec-1] [THYMELEAF][http-nio-8080-exec-1][admin-index] Deprecated unwrapped fragment expression "admin-category-list.html::AdminCategoryList" found in template admin-index, line 36, col 10. Please use the complete syntax of fragment expressions instead ("~{admin-category-list.html::AdminCategoryList}"). The old, unwrapped syntax for fragment expressions will be removed in future versions of Thymeleaf.
2025-05-07 05:35:22,369 WARN org.thymeleaf.standard.processor.AbstractStandardFragmentInsertionTagProcessor [http-nio-8080-exec-1] [THYMELEAF][http-nio-8080-exec-1][admin-category-list.html] Deprecated unwrapped fragment expression "layout-admin.html::LayoutAdmin" found in template admin-category-list.html, line 3, col 8. Please use the complete syntax of fragment expressions instead ("~{layout-admin.html::LayoutAdmin}"). The old, unwrapped syntax for fragment expressions will be removed in future versions of Thymeleaf.
2025-05-07 05:35:24,072 WARN org.thymeleaf.standard.processor.AbstractStandardFragmentInsertionTagProcessor [http-nio-8080-exec-5] [THYMELEAF][http-nio-8080-exec-5][admin-index] Deprecated unwrapped fragment expression "admin-category-edit.html::AdminCategoryEdit" found in template admin-index, line 48, col 10. Please use the complete syntax of fragment expressions instead ("~{admin-category-edit.html::AdminCategoryEdit}"). The old, unwrapped syntax for fragment expressions will be removed in future versions of Thymeleaf.
2025-05-07 05:35:25,539 WARN org.springframework.web.servlet.mvc.support.DefaultHandlerExceptionResolver [http-nio-8080-exec-9] Resolved [org.springframework.web.bind.MissingServletRequestParameterException: Required request parameter 'categoryname' for method parameter type String is not present]
2025-05-07 05:35:26,622 WARN org.thymeleaf.standard.processor.AbstractStandardFragmentInsertionTagProcessor [http-nio-8080-exec-10] [THYMELEAF][http-nio-8080-exec-10][admin-index] Deprecated unwrapped fragment expression "admin-category-edit.html::AdminCategoryEdit" found in template admin-index, line 48, col 10. Please use the complete syntax of fragment expressions instead ("~{admin-category-edit.html::AdminCategoryEdit}"). The old, unwrapped syntax for fragment expressions will be removed in future versions of Thymeleaf.
2025-05-07 05:35:27,732 WARN org.springframework.web.servlet.mvc.support.DefaultHandlerExceptionResolver [http-nio-8080-exec-4] Resolved [org.springframework.web.bind.MissingServletRequestParameterException: Required request parameter 'categoryname' for method parameter type String is not present]
2025-05-07 05:35:30,491 WARN org.thymeleaf.standard.processor.AbstractStandardFragmentInsertionTagProcessor [http-nio-8080-exec-7] [THYMELEAF][http-nio-8080-exec-7][admin-index] Deprecated unwrapped fragment expression "admin-category-edit.html::AdminCategoryEdit" found in template admin-index, line 48, col 10. Please use the complete syntax of fragment expressions instead ("~{admin-category-edit.html::AdminCategoryEdit}"). The old, unwrapped syntax for fragment expressions will be removed in future versions of Thymeleaf.
2025-05-07 05:35:31,937 WARN org.thymeleaf.standard.processor.AbstractStandardFragmentInsertionTagProcessor [http-nio-8080-exec-1] [THYMELEAF][http-nio-8080-exec-1][admin-index] Deprecated unwrapped fragment expression "admin-product-list.html::AdminProductList" found in template admin-index, line 39, col 10. Please use the complete syntax of fragment expressions instead ("~{admin-product-list.html::AdminProductList}"). The old, unwrapped syntax for fragment expressions will be removed in future versions of Thymeleaf.
2025-05-07 05:35:31,941 WARN org.thymeleaf.standard.processor.AbstractStandardFragmentInsertionTagProcessor [http-nio-8080-exec-1] [THYMELEAF][http-nio-8080-exec-1][admin-product-list.html] Deprecated unwrapped fragment expression "layout-admin.html::LayoutAdmin" found in template admin-product-list.html, line 4, col 10. Please use the complete syntax of fragment expressions instead ("~{layout-admin.html::LayoutAdmin}"). The old, unwrapped syntax for fragment expressions will be removed in future versions of Thymeleaf.
2025-05-07 05:35:35,001 WARN org.thymeleaf.standard.processor.AbstractStandardFragmentInsertionTagProcessor [http-nio-8080-exec-2] [THYMELEAF][http-nio-8080-exec-2][admin-index] Deprecated unwrapped fragment expression "admin-product-add.html::AdminProductAdd" found in template admin-index, line 42, col 10. Please use the complete syntax of fragment expressions instead ("~{admin-product-add.html::AdminProductAdd}"). The old, unwrapped syntax for fragment expressions will be removed in future versions of Thymeleaf.
2025-05-07 05:37:16,285 INFO org.springframework.orm.jpa.LocalContainerEntityManagerFactoryBean [SpringApplicationShutdownHook] Closing JPA EntityManagerFactory for persistence unit 'default'
2025-05-07 05:37:16,288 INFO com.zaxxer.hikari.HikariDataSource [SpringApplicationShutdownHook] HikariPool-1 - Shutdown initiated...
2025-05-07 05:37:16,298 INFO com.zaxxer.hikari.HikariDataSource [SpringApplicationShutdownHook] HikariPool-1 - Shutdown completed.
2025-05-07 05:37:19,949 INFO com.tn.Demo25AccountThymeleafApplication [restartedMain] Starting Demo25AccountThymeleafApplication using Java 17.0.10 with PID 5496 (C:\Users\Public\Javapro\demo25_AccountThymeleaf\target\classes started by havan in C:\Users\Public\Javapro\demo25_AccountThymeleaf)
2025-05-07 05:37:19,951 INFO com.tn.Demo25AccountThymeleafApplication [restartedMain] The following 1 profile is active: "prod"
2025-05-07 05:37:20,002 INFO org.springframework.boot.devtools.env.DevToolsPropertyDefaultsPostProcessor [restartedMain] Devtools property defaults active! Set 'spring.devtools.add-properties' to 'false' to disable
2025-05-07 05:37:20,002 INFO org.springframework.boot.devtools.env.DevToolsPropertyDefaultsPostProcessor [restartedMain] For additional web related logging consider setting the 'logging.level.web' property to 'DEBUG'
2025-05-07 05:37:20,651 INFO org.springframework.data.repository.config.RepositoryConfigurationDelegate [restartedMain] Bootstrapping Spring Data JPA repositories in DEFAULT mode.
2025-05-07 05:37:20,722 INFO org.springframework.data.repository.config.RepositoryConfigurationDelegate [restartedMain] Finished Spring Data repository scanning in 64 ms. Found 6 JPA repository interfaces.
2025-05-07 05:37:21,268 INFO org.springframework.boot.web.embedded.tomcat.TomcatWebServer [restartedMain] Tomcat initialized with port(s): 8080 (http)
2025-05-07 05:37:21,274 INFO org.apache.catalina.core.StandardService [restartedMain] Starting service [Tomcat]
2025-05-07 05:37:21,274 INFO org.apache.catalina.core.StandardEngine [restartedMain] Starting Servlet engine: [Apache Tomcat/10.1.20]
2025-05-07 05:37:21,333 INFO org.apache.catalina.core.ContainerBase.[Tomcat].[localhost].[/] [restartedMain] Initializing Spring embedded WebApplicationContext
2025-05-07 05:37:21,333 INFO org.springframework.boot.web.servlet.context.ServletWebServerApplicationContext [restartedMain] Root WebApplicationContext: initialization completed in 1330 ms
2025-05-07 05:37:21,476 INFO org.hibernate.jpa.internal.util.LogHelper [restartedMain] HHH000204: Processing PersistenceUnitInfo [name: default]
2025-05-07 05:37:21,534 INFO org.hibernate.Version [restartedMain] HHH000412: Hibernate ORM core version 6.2.24.Final
2025-05-07 05:37:21,535 INFO org.hibernate.cfg.Environment [restartedMain] HHH000406: Using bytecode reflection optimizer
2025-05-07 05:37:21,729 INFO org.springframework.orm.jpa.persistenceunit.SpringPersistenceUnitInfo [restartedMain] No LoadTimeWeaver setup: ignoring JPA class transformer
2025-05-07 05:37:21,754 INFO com.zaxxer.hikari.HikariDataSource [restartedMain] HikariPool-1 - Starting...
2025-05-07 05:37:21,867 INFO com.zaxxer.hikari.pool.HikariPool [restartedMain] HikariPool-1 - Added connection com.mysql.cj.jdbc.ConnectionImpl@4009555d
2025-05-07 05:37:21,869 INFO com.zaxxer.hikari.HikariDataSource [restartedMain] HikariPool-1 - Start completed.
2025-05-07 05:37:21,906 WARN org.hibernate.dialect.Dialect [restartedMain] HHH000511: The 5.5.0 version for [org.hibernate.dialect.MySQLDialect] is no longer supported, hence certain features may not work properly. The minimum supported version is 5.7.0. Check the community dialects project for available legacy versions.
2025-05-07 05:37:22,794 INFO org.hibernate.engine.transaction.jta.platform.internal.JtaPlatformInitiator [restartedMain] HHH000489: No JTA platform available (set 'hibernate.transaction.jta.platform' to enable JTA platform integration)
2025-05-07 05:37:22,920 INFO org.springframework.orm.jpa.LocalContainerEntityManagerFactoryBean [restartedMain] Initialized JPA EntityManagerFactory for persistence unit 'default'
2025-05-07 05:37:23,319 INFO org.springframework.data.jpa.repository.query.QueryEnhancerFactory [restartedMain] Hibernate is in classpath; If applicable, HQL parser will be used.
2025-05-07 05:37:23,639 WARN org.springframework.boot.autoconfigure.orm.jpa.JpaBaseConfiguration$JpaWebConfiguration [restartedMain] spring.jpa.open-in-view is enabled by default. Therefore, database queries may be performed during view rendering. Explicitly configure spring.jpa.open-in-view to disable this warning
2025-05-07 05:37:23,900 INFO org.springframework.security.web.DefaultSecurityFilterChain [restartedMain] Will secure any request with [org.springframework.security.web.session.DisableEncodeUrlFilter@68265e78, org.springframework.security.web.context.request.async.WebAsyncManagerIntegrationFilter@611fe763, org.springframework.security.web.context.SecurityContextHolderFilter@4c452dac, org.springframework.security.web.header.HeaderWriterFilter@6141a275, org.springframework.security.web.authentication.logout.LogoutFilter@4e999165, org.springframework.security.web.authentication.UsernamePasswordAuthenticationFilter@af8eefc, org.springframework.security.web.savedrequest.RequestCacheAwareFilter@5ed9f017, org.springframework.security.web.servletapi.SecurityContextHolderAwareRequestFilter@3cddae4e, org.springframework.security.web.authentication.AnonymousAuthenticationFilter@2cdd7ab2, org.springframework.security.web.access.ExceptionTranslationFilter@67303b2d, org.springframework.security.web.access.intercept.FilterSecurityInterceptor@5d592d67]
2025-05-07 05:37:24,133 INFO org.springframework.boot.devtools.autoconfigure.OptionalLiveReloadServer [restartedMain] LiveReload server is running on port 35729
2025-05-07 05:37:24,174 INFO org.springframework.boot.web.embedded.tomcat.TomcatWebServer [restartedMain] Tomcat started on port(s): 8080 (http) with context path ''
2025-05-07 05:37:24,187 INFO com.tn.Demo25AccountThymeleafApplication [restartedMain] Started Demo25AccountThymeleafApplication in 4.636 seconds (process running for 5.541)
2025-05-07 05:37:26,313 INFO org.apache.catalina.core.ContainerBase.[Tomcat].[localhost].[/] [http-nio-8080-exec-1] Initializing Spring DispatcherServlet 'dispatcherServlet'
2025-05-07 05:37:26,314 INFO org.springframework.web.servlet.DispatcherServlet [http-nio-8080-exec-1] Initializing Servlet 'dispatcherServlet'
2025-05-07 05:37:26,315 INFO org.springframework.web.servlet.DispatcherServlet [http-nio-8080-exec-1] Completed initialization in 1 ms
2025-05-07 05:37:26,677 WARN org.thymeleaf.standard.processor.AbstractStandardFragmentInsertionTagProcessor [http-nio-8080-exec-1] [THYMELEAF][http-nio-8080-exec-1][admin-index] Deprecated unwrapped fragment expression "admin-product-add.html::AdminProductAdd" found in template admin-index, line 45, col 10. Please use the complete syntax of fragment expressions instead ("~{admin-product-add.html::AdminProductAdd}"). The old, unwrapped syntax for fragment expressions will be removed in future versions of Thymeleaf.
2025-05-07 05:37:27,447 WARN org.thymeleaf.standard.processor.AbstractStandardFragmentInsertionTagProcessor [http-nio-8080-exec-5] [THYMELEAF][http-nio-8080-exec-5][admin-index] Deprecated unwrapped fragment expression "admin-post-list.html::AdminPostList" found in template admin-index, line 60, col 10. Please use the complete syntax of fragment expressions instead ("~{admin-post-list.html::AdminPostList}"). The old, unwrapped syntax for fragment expressions will be removed in future versions of Thymeleaf.
2025-05-07 05:37:27,467 WARN org.thymeleaf.standard.processor.AbstractStandardFragmentInsertionTagProcessor [http-nio-8080-exec-5] [THYMELEAF][http-nio-8080-exec-5][admin-post-list.html] Deprecated unwrapped fragment expression "layout-admin.html::LayoutAdmin" found in template admin-post-list.html, line 14, col 10. Please use the complete syntax of fragment expressions instead ("~{layout-admin.html::LayoutAdmin}"). The old, unwrapped syntax for fragment expressions will be removed in future versions of Thymeleaf.
2025-05-07 05:38:04,357 INFO org.springframework.orm.jpa.LocalContainerEntityManagerFactoryBean [SpringApplicationShutdownHook] Closing JPA EntityManagerFactory for persistence unit 'default'
2025-05-07 05:38:04,357 INFO com.zaxxer.hikari.HikariDataSource [SpringApplicationShutdownHook] HikariPool-1 - Shutdown initiated...
2025-05-07 05:38:04,367 INFO com.zaxxer.hikari.HikariDataSource [SpringApplicationShutdownHook] HikariPool-1 - Shutdown completed.
2025-05-07 05:38:07,575 INFO com.tn.Demo25AccountThymeleafApplication [restartedMain] Starting Demo25AccountThymeleafApplication using Java 17.0.10 with PID 15444 (C:\Users\Public\Javapro\demo25_AccountThymeleaf\target\classes started by havan in C:\Users\Public\Javapro\demo25_AccountThymeleaf)
2025-05-07 05:38:07,577 INFO com.tn.Demo25AccountThymeleafApplication [restartedMain] The following 1 profile is active: "prod"
2025-05-07 05:38:07,624 INFO org.springframework.boot.devtools.env.DevToolsPropertyDefaultsPostProcessor [restartedMain] Devtools property defaults active! Set 'spring.devtools.add-properties' to 'false' to disable
2025-05-07 05:38:07,624 INFO org.springframework.boot.devtools.env.DevToolsPropertyDefaultsPostProcessor [restartedMain] For additional web related logging consider setting the 'logging.level.web' property to 'DEBUG'
2025-05-07 05:38:08,267 INFO org.springframework.data.repository.config.RepositoryConfigurationDelegate [restartedMain] Bootstrapping Spring Data JPA repositories in DEFAULT mode.
2025-05-07 05:38:08,337 INFO org.springframework.data.repository.config.RepositoryConfigurationDelegate [restartedMain] Finished Spring Data repository scanning in 64 ms. Found 6 JPA repository interfaces.
2025-05-07 05:38:08,857 INFO org.springframework.boot.web.embedded.tomcat.TomcatWebServer [restartedMain] Tomcat initialized with port(s): 8080 (http)
2025-05-07 05:38:08,862 INFO org.apache.catalina.core.StandardService [restartedMain] Starting service [Tomcat]
2025-05-07 05:38:08,862 INFO org.apache.catalina.core.StandardEngine [restartedMain] Starting Servlet engine: [Apache Tomcat/10.1.20]
2025-05-07 05:38:08,927 INFO org.apache.catalina.core.ContainerBase.[Tomcat].[localhost].[/] [restartedMain] Initializing Spring embedded WebApplicationContext
2025-05-07 05:38:08,927 INFO org.springframework.boot.web.servlet.context.ServletWebServerApplicationContext [restartedMain] Root WebApplicationContext: initialization completed in 1303 ms
2025-05-07 05:38:09,081 INFO org.hibernate.jpa.internal.util.LogHelper [restartedMain] HHH000204: Processing PersistenceUnitInfo [name: default]
2025-05-07 05:38:09,117 INFO org.hibernate.Version [restartedMain] HHH000412: Hibernate ORM core version 6.2.24.Final
2025-05-07 05:38:09,119 INFO org.hibernate.cfg.Environment [restartedMain] HHH000406: Using bytecode reflection optimizer
2025-05-07 05:38:09,288 INFO org.springframework.orm.jpa.persistenceunit.SpringPersistenceUnitInfo [restartedMain] No LoadTimeWeaver setup: ignoring JPA class transformer
2025-05-07 05:38:09,304 INFO com.zaxxer.hikari.HikariDataSource [restartedMain] HikariPool-1 - Starting...
2025-05-07 05:38:09,399 INFO com.zaxxer.hikari.pool.HikariPool [restartedMain] HikariPool-1 - Added connection com.mysql.cj.jdbc.ConnectionImpl@3f550df
2025-05-07 05:38:09,399 INFO com.zaxxer.hikari.HikariDataSource [restartedMain] HikariPool-1 - Start completed.
2025-05-07 05:38:09,431 WARN org.hibernate.dialect.Dialect [restartedMain] HHH000511: The 5.5.0 version for [org.hibernate.dialect.MySQLDialect] is no longer supported, hence certain features may not work properly. The minimum supported version is 5.7.0. Check the community dialects project for available legacy versions.
2025-05-07 05:38:10,127 INFO org.hibernate.engine.transaction.jta.platform.internal.JtaPlatformInitiator [restartedMain] HHH000489: No JTA platform available (set 'hibernate.transaction.jta.platform' to enable JTA platform integration)
2025-05-07 05:38:10,234 INFO org.springframework.orm.jpa.LocalContainerEntityManagerFactoryBean [restartedMain] Initialized JPA EntityManagerFactory for persistence unit 'default'
2025-05-07 05:38:10,527 INFO org.springframework.data.jpa.repository.query.QueryEnhancerFactory [restartedMain] Hibernate is in classpath; If applicable, HQL parser will be used.
2025-05-07 05:38:10,790 WARN org.springframework.boot.autoconfigure.orm.jpa.JpaBaseConfiguration$JpaWebConfiguration [restartedMain] spring.jpa.open-in-view is enabled by default. Therefore, database queries may be performed during view rendering. Explicitly configure spring.jpa.open-in-view to disable this warning
2025-05-07 05:38:11,047 INFO org.springframework.security.web.DefaultSecurityFilterChain [restartedMain] Will secure any request with [org.springframework.security.web.session.DisableEncodeUrlFilter@11fbec08, org.springframework.security.web.context.request.async.WebAsyncManagerIntegrationFilter@7d51818f, org.springframework.security.web.context.SecurityContextHolderFilter@155f979b, org.springframework.security.web.header.HeaderWriterFilter@fb5efcd, org.springframework.security.web.authentication.logout.LogoutFilter@54c012e4, org.springframework.security.web.authentication.UsernamePasswordAuthenticationFilter@6f992f73, org.springframework.security.web.savedrequest.RequestCacheAwareFilter@4f1a1cb6, org.springframework.security.web.servletapi.SecurityContextHolderAwareRequestFilter@7849b67a, org.springframework.security.web.authentication.AnonymousAuthenticationFilter@5b15dbe1, org.springframework.security.web.access.ExceptionTranslationFilter@7da5759, org.springframework.security.web.access.intercept.FilterSecurityInterceptor@6250c834]
2025-05-07 05:38:11,277 INFO org.springframework.boot.devtools.autoconfigure.OptionalLiveReloadServer [restartedMain] LiveReload server is running on port 35729
2025-05-07 05:38:11,319 INFO org.springframework.boot.web.embedded.tomcat.TomcatWebServer [restartedMain] Tomcat started on port(s): 8080 (http) with context path ''
2025-05-07 05:38:11,329 INFO com.tn.Demo25AccountThymeleafApplication [restartedMain] Started Demo25AccountThymeleafApplication in 4.153 seconds (process running for 4.964)
2025-05-07 05:38:19,431 INFO org.apache.catalina.core.ContainerBase.[Tomcat].[localhost].[/] [http-nio-8080-exec-1] Initializing Spring DispatcherServlet 'dispatcherServlet'
2025-05-07 05:38:19,431 INFO org.springframework.web.servlet.DispatcherServlet [http-nio-8080-exec-1] Initializing Servlet 'dispatcherServlet'
2025-05-07 05:38:19,433 INFO org.springframework.web.servlet.DispatcherServlet [http-nio-8080-exec-1] Completed initialization in 2 ms
2025-05-07 05:40:34,410 INFO org.springframework.orm.jpa.LocalContainerEntityManagerFactoryBean [SpringApplicationShutdownHook] Closing JPA EntityManagerFactory for persistence unit 'default'
2025-05-07 05:40:34,415 INFO com.zaxxer.hikari.HikariDataSource [SpringApplicationShutdownHook] HikariPool-1 - Shutdown initiated...
2025-05-07 05:40:34,422 INFO com.zaxxer.hikari.HikariDataSource [SpringApplicationShutdownHook] HikariPool-1 - Shutdown completed.
2025-05-07 05:40:39,600 INFO com.tn.Demo25AccountThymeleafApplication [restartedMain] Starting Demo25AccountThymeleafApplication using Java 17.0.10 with PID 12436 (C:\Users\Public\Javapro\demo25_AccountThymeleaf\target\classes started by havan in C:\Users\Public\Javapro\demo25_AccountThymeleaf)
2025-05-07 05:40:39,603 INFO com.tn.Demo25AccountThymeleafApplication [restartedMain] The following 1 profile is active: "prod"
2025-05-07 05:40:39,698 INFO org.springframework.boot.devtools.env.DevToolsPropertyDefaultsPostProcessor [restartedMain] Devtools property defaults active! Set 'spring.devtools.add-properties' to 'false' to disable
2025-05-07 05:40:39,703 INFO org.springframework.boot.devtools.env.DevToolsPropertyDefaultsPostProcessor [restartedMain] For additional web related logging consider setting the 'logging.level.web' property to 'DEBUG'
2025-05-07 05:40:40,781 INFO org.springframework.data.repository.config.RepositoryConfigurationDelegate [restartedMain] Bootstrapping Spring Data JPA repositories in DEFAULT mode.
2025-05-07 05:40:40,855 INFO org.springframework.data.repository.config.RepositoryConfigurationDelegate [restartedMain] Finished Spring Data repository scanning in 69 ms. Found 6 JPA repository interfaces.
2025-05-07 05:40:41,511 INFO org.springframework.boot.web.embedded.tomcat.TomcatWebServer [restartedMain] Tomcat initialized with port(s): 8080 (http)
2025-05-07 05:40:41,519 INFO org.apache.catalina.core.StandardService [restartedMain] Starting service [Tomcat]
2025-05-07 05:40:41,520 INFO org.apache.catalina.core.StandardEngine [restartedMain] Starting Servlet engine: [Apache Tomcat/10.1.20]
2025-05-07 05:40:41,581 INFO org.apache.catalina.core.ContainerBase.[Tomcat].[localhost].[/] [restartedMain] Initializing Spring embedded WebApplicationContext
2025-05-07 05:40:41,582 INFO org.springframework.boot.web.servlet.context.ServletWebServerApplicationContext [restartedMain] Root WebApplicationContext: initialization completed in 1879 ms
2025-05-07 05:40:41,752 INFO org.hibernate.jpa.internal.util.LogHelper [restartedMain] HHH000204: Processing PersistenceUnitInfo [name: default]
2025-05-07 05:40:41,810 INFO org.hibernate.Version [restartedMain] HHH000412: Hibernate ORM core version 6.2.24.Final
2025-05-07 05:40:41,813 INFO org.hibernate.cfg.Environment [restartedMain] HHH000406: Using bytecode reflection optimizer
2025-05-07 05:40:42,039 INFO org.springframework.orm.jpa.persistenceunit.SpringPersistenceUnitInfo [restartedMain] No LoadTimeWeaver setup: ignoring JPA class transformer
2025-05-07 05:40:42,060 INFO com.zaxxer.hikari.HikariDataSource [restartedMain] HikariPool-1 - Starting...
2025-05-07 05:40:42,203 INFO com.zaxxer.hikari.pool.HikariPool [restartedMain] HikariPool-1 - Added connection com.mysql.cj.jdbc.ConnectionImpl@5ceb113a
2025-05-07 05:40:42,206 INFO com.zaxxer.hikari.HikariDataSource [restartedMain] HikariPool-1 - Start completed.
2025-05-07 05:40:42,250 WARN org.hibernate.dialect.Dialect [restartedMain] HHH000511: The 5.5.0 version for [org.hibernate.dialect.MySQLDialect] is no longer supported, hence certain features may not work properly. The minimum supported version is 5.7.0. Check the community dialects project for available legacy versions.
2025-05-07 05:40:43,161 INFO org.hibernate.engine.transaction.jta.platform.internal.JtaPlatformInitiator [restartedMain] HHH000489: No JTA platform available (set 'hibernate.transaction.jta.platform' to enable JTA platform integration)
2025-05-07 05:40:43,326 INFO org.springframework.orm.jpa.LocalContainerEntityManagerFactoryBean [restartedMain] Initialized JPA EntityManagerFactory for persistence unit 'default'
2025-05-07 05:40:44,293 INFO org.springframework.data.jpa.repository.query.QueryEnhancerFactory [restartedMain] Hibernate is in classpath; If applicable, HQL parser will be used.
2025-05-07 05:40:44,733 WARN org.springframework.boot.autoconfigure.orm.jpa.JpaBaseConfiguration$JpaWebConfiguration [restartedMain] spring.jpa.open-in-view is enabled by default. Therefore, database queries may be performed during view rendering. Explicitly configure spring.jpa.open-in-view to disable this warning
2025-05-07 05:40:45,080 INFO org.springframework.security.web.DefaultSecurityFilterChain [restartedMain] Will secure any request with [org.springframework.security.web.session.DisableEncodeUrlFilter@344b7d83, org.springframework.security.web.context.request.async.WebAsyncManagerIntegrationFilter@73c8a32d, org.springframework.security.web.context.SecurityContextHolderFilter@7e22cc3, org.springframework.security.web.header.HeaderWriterFilter@4a17327d, org.springframework.security.web.authentication.logout.LogoutFilter@3c8c47ad, org.springframework.security.web.authentication.UsernamePasswordAuthenticationFilter@5b7f3d95, org.springframework.security.web.savedrequest.RequestCacheAwareFilter@1bc5d158, org.springframework.security.web.servletapi.SecurityContextHolderAwareRequestFilter@6a7f3cb5, org.springframework.security.web.authentication.AnonymousAuthenticationFilter@5179ab54, org.springframework.security.web.access.ExceptionTranslationFilter@5becde0c, org.springframework.security.web.access.intercept.FilterSecurityInterceptor@5bed459]
2025-05-07 05:40:45,472 INFO org.springframework.boot.devtools.autoconfigure.OptionalLiveReloadServer [restartedMain] LiveReload server is running on port 35729
2025-05-07 05:40:45,507 INFO org.springframework.boot.web.embedded.tomcat.TomcatWebServer [restartedMain] Tomcat started on port(s): 8080 (http) with context path ''
2025-05-07 05:40:45,520 INFO com.tn.Demo25AccountThymeleafApplication [restartedMain] Started Demo25AccountThymeleafApplication in 6.512 seconds (process running for 7.565)
2025-05-07 05:40:47,996 INFO org.apache.catalina.core.ContainerBase.[Tomcat].[localhost].[/] [http-nio-8080-exec-1] Initializing Spring DispatcherServlet 'dispatcherServlet'
2025-05-07 05:40:47,996 INFO org.springframework.web.servlet.DispatcherServlet [http-nio-8080-exec-1] Initializing Servlet 'dispatcherServlet'
2025-05-07 05:40:47,996 INFO org.springframework.web.servlet.DispatcherServlet [http-nio-8080-exec-1] Completed initialization in 0 ms
2025-05-07 05:41:19,093 INFO org.springframework.orm.jpa.LocalContainerEntityManagerFactoryBean [SpringApplicationShutdownHook] Closing JPA EntityManagerFactory for persistence unit 'default'
2025-05-07 05:41:19,097 INFO com.zaxxer.hikari.HikariDataSource [SpringApplicationShutdownHook] HikariPool-1 - Shutdown initiated...
2025-05-07 05:41:19,103 INFO com.zaxxer.hikari.HikariDataSource [SpringApplicationShutdownHook] HikariPool-1 - Shutdown completed.
2025-05-07 05:41:22,761 INFO com.tn.Demo25AccountThymeleafApplication [restartedMain] Starting Demo25AccountThymeleafApplication using Java 17.0.10 with PID 4320 (C:\Users\Public\Javapro\demo25_AccountThymeleaf\target\classes started by havan in C:\Users\Public\Javapro\demo25_AccountThymeleaf)
2025-05-07 05:41:22,763 INFO com.tn.Demo25AccountThymeleafApplication [restartedMain] The following 1 profile is active: "prod"
2025-05-07 05:41:22,807 INFO org.springframework.boot.devtools.env.DevToolsPropertyDefaultsPostProcessor [restartedMain] Devtools property defaults active! Set 'spring.devtools.add-properties' to 'false' to disable
2025-05-07 05:41:22,808 INFO org.springframework.boot.devtools.env.DevToolsPropertyDefaultsPostProcessor [restartedMain] For additional web related logging consider setting the 'logging.level.web' property to 'DEBUG'
2025-05-07 05:41:23,451 INFO org.springframework.data.repository.config.RepositoryConfigurationDelegate [restartedMain] Bootstrapping Spring Data JPA repositories in DEFAULT mode.
2025-05-07 05:41:23,522 INFO org.springframework.data.repository.config.RepositoryConfigurationDelegate [restartedMain] Finished Spring Data repository scanning in 64 ms. Found 6 JPA repository interfaces.
2025-05-07 05:41:24,048 INFO org.springframework.boot.web.embedded.tomcat.TomcatWebServer [restartedMain] Tomcat initialized with port(s): 8080 (http)
2025-05-07 05:41:24,054 INFO org.apache.catalina.core.StandardService [restartedMain] Starting service [Tomcat]
2025-05-07 05:41:24,054 INFO org.apache.catalina.core.StandardEngine [restartedMain] Starting Servlet engine: [Apache Tomcat/10.1.20]
2025-05-07 05:41:24,109 INFO org.apache.catalina.core.ContainerBase.[Tomcat].[localhost].[/] [restartedMain] Initializing Spring embedded WebApplicationContext
2025-05-07 05:41:24,110 INFO org.springframework.boot.web.servlet.context.ServletWebServerApplicationContext [restartedMain] Root WebApplicationContext: initialization completed in 1301 ms
2025-05-07 05:41:24,306 INFO org.hibernate.jpa.internal.util.LogHelper [restartedMain] HHH000204: Processing PersistenceUnitInfo [name: default]
2025-05-07 05:41:24,346 INFO org.hibernate.Version [restartedMain] HHH000412: Hibernate ORM core version 6.2.24.Final
2025-05-07 05:41:24,346 INFO org.hibernate.cfg.Environment [restartedMain] HHH000406: Using bytecode reflection optimizer
2025-05-07 05:41:24,536 INFO org.springframework.orm.jpa.persistenceunit.SpringPersistenceUnitInfo [restartedMain] No LoadTimeWeaver setup: ignoring JPA class transformer
2025-05-07 05:41:24,557 INFO com.zaxxer.hikari.HikariDataSource [restartedMain] HikariPool-1 - Starting...
2025-05-07 05:41:24,668 INFO com.zaxxer.hikari.pool.HikariPool [restartedMain] HikariPool-1 - Added connection com.mysql.cj.jdbc.ConnectionImpl@3f550df
2025-05-07 05:41:24,668 INFO com.zaxxer.hikari.HikariDataSource [restartedMain] HikariPool-1 - Start completed.
2025-05-07 05:41:24,702 WARN org.hibernate.dialect.Dialect [restartedMain] HHH000511: The 5.5.0 version for [org.hibernate.dialect.MySQLDialect] is no longer supported, hence certain features may not work properly. The minimum supported version is 5.7.0. Check the community dialects project for available legacy versions.
2025-05-07 05:41:25,430 INFO org.hibernate.engine.transaction.jta.platform.internal.JtaPlatformInitiator [restartedMain] HHH000489: No JTA platform available (set 'hibernate.transaction.jta.platform' to enable JTA platform integration)
2025-05-07 05:41:25,515 INFO org.springframework.orm.jpa.LocalContainerEntityManagerFactoryBean [restartedMain] Initialized JPA EntityManagerFactory for persistence unit 'default'
2025-05-07 05:41:25,856 INFO org.springframework.data.jpa.repository.query.QueryEnhancerFactory [restartedMain] Hibernate is in classpath; If applicable, HQL parser will be used.
2025-05-07 05:41:26,123 WARN org.springframework.boot.autoconfigure.orm.jpa.JpaBaseConfiguration$JpaWebConfiguration [restartedMain] spring.jpa.open-in-view is enabled by default. Therefore, database queries may be performed during view rendering. Explicitly configure spring.jpa.open-in-view to disable this warning
2025-05-07 05:41:26,379 INFO org.springframework.security.web.DefaultSecurityFilterChain [restartedMain] Will secure any request with [org.springframework.security.web.session.DisableEncodeUrlFilter@11fbec08, org.springframework.security.web.context.request.async.WebAsyncManagerIntegrationFilter@7d51818f, org.springframework.security.web.context.SecurityContextHolderFilter@155f979b, org.springframework.security.web.header.HeaderWriterFilter@fb5efcd, org.springframework.security.web.authentication.logout.LogoutFilter@54c012e4, org.springframework.security.web.authentication.UsernamePasswordAuthenticationFilter@6f992f73, org.springframework.security.web.savedrequest.RequestCacheAwareFilter@4f1a1cb6, org.springframework.security.web.servletapi.SecurityContextHolderAwareRequestFilter@7849b67a, org.springframework.security.web.authentication.AnonymousAuthenticationFilter@5b15dbe1, org.springframework.security.web.access.ExceptionTranslationFilter@7da5759, org.springframework.security.web.access.intercept.FilterSecurityInterceptor@6250c834]
2025-05-07 05:41:26,592 INFO org.springframework.boot.devtools.autoconfigure.OptionalLiveReloadServer [restartedMain] LiveReload server is running on port 35729
2025-05-07 05:41:26,633 INFO org.springframework.boot.web.embedded.tomcat.TomcatWebServer [restartedMain] Tomcat started on port(s): 8080 (http) with context path ''
2025-05-07 05:41:26,644 INFO com.tn.Demo25AccountThymeleafApplication [restartedMain] Started Demo25AccountThymeleafApplication in 4.273 seconds (process running for 5.026)
2025-05-07 05:41:30,036 INFO org.apache.catalina.core.ContainerBase.[Tomcat].[localhost].[/] [http-nio-8080-exec-1] Initializing Spring DispatcherServlet 'dispatcherServlet'
2025-05-07 05:41:30,037 INFO org.springframework.web.servlet.DispatcherServlet [http-nio-8080-exec-1] Initializing Servlet 'dispatcherServlet'
2025-05-07 05:41:30,039 INFO org.springframework.web.servlet.DispatcherServlet [http-nio-8080-exec-1] Completed initialization in 2 ms
2025-05-07 05:41:44,479 WARN org.thymeleaf.standard.processor.AbstractStandardFragmentInsertionTagProcessor [http-nio-8080-exec-1] [THYMELEAF][http-nio-8080-exec-1][admin-index] Deprecated unwrapped fragment expression "admin-product-list.html::AdminProductList" found in template admin-index, line 42, col 10. Please use the complete syntax of fragment expressions instead ("~{admin-product-list.html::AdminProductList}"). The old, unwrapped syntax for fragment expressions will be removed in future versions of Thymeleaf.
2025-05-07 05:41:44,501 WARN org.thymeleaf.standard.processor.AbstractStandardFragmentInsertionTagProcessor [http-nio-8080-exec-1] [THYMELEAF][http-nio-8080-exec-1][admin-product-list.html] Deprecated unwrapped fragment expression "layout-admin.html::LayoutAdmin" found in template admin-product-list.html, line 4, col 10. Please use the complete syntax of fragment expressions instead ("~{layout-admin.html::LayoutAdmin}"). The old, unwrapped syntax for fragment expressions will be removed in future versions of Thymeleaf.
2025-05-07 05:41:46,381 WARN org.thymeleaf.standard.processor.AbstractStandardFragmentInsertionTagProcessor [http-nio-8080-exec-9] [THYMELEAF][http-nio-8080-exec-9][admin-index] Deprecated unwrapped fragment expression "admin-post-list.html::AdminPostList" found in template admin-index, line 60, col 10. Please use the complete syntax of fragment expressions instead ("~{admin-post-list.html::AdminPostList}"). The old, unwrapped syntax for fragment expressions will be removed in future versions of Thymeleaf.
2025-05-07 05:41:46,405 WARN org.thymeleaf.standard.processor.AbstractStandardFragmentInsertionTagProcessor [http-nio-8080-exec-9] [THYMELEAF][http-nio-8080-exec-9][admin-post-list.html] Deprecated unwrapped fragment expression "layout-admin.html::LayoutAdmin" found in template admin-post-list.html, line 14, col 10. Please use the complete syntax of fragment expressions instead ("~{layout-admin.html::LayoutAdmin}"). The old, unwrapped syntax for fragment expressions will be removed in future versions of Thymeleaf.
2025-05-07 05:41:48,757 WARN org.thymeleaf.standard.processor.AbstractStandardFragmentInsertionTagProcessor [http-nio-8080-exec-4] [THYMELEAF][http-nio-8080-exec-4][admin-index] Deprecated unwrapped fragment expression "admin-post-edit.html::AdminPostEdit" found in template admin-index, line 54, col 10. Please use the complete syntax of fragment expressions instead ("~{admin-post-edit.html::AdminPostEdit}"). The old, unwrapped syntax for fragment expressions will be removed in future versions of Thymeleaf.
2025-05-07 05:41:59,215 WARN org.thymeleaf.standard.processor.AbstractStandardFragmentInsertionTagProcessor [http-nio-8080-exec-9] [THYMELEAF][http-nio-8080-exec-9][admin-index] Deprecated unwrapped fragment expression "admin-post-list.html::AdminPostList" found in template admin-index, line 60, col 10. Please use the complete syntax of fragment expressions instead ("~{admin-post-list.html::AdminPostList}"). The old, unwrapped syntax for fragment expressions will be removed in future versions of Thymeleaf.
2025-05-07 05:41:59,217 WARN org.thymeleaf.standard.processor.AbstractStandardFragmentInsertionTagProcessor [http-nio-8080-exec-9] [THYMELEAF][http-nio-8080-exec-9][admin-post-list.html] Deprecated unwrapped fragment expression "layout-admin.html::LayoutAdmin" found in template admin-post-list.html, line 14, col 10. Please use the complete syntax of fragment expressions instead ("~{layout-admin.html::LayoutAdmin}"). The old, unwrapped syntax for fragment expressions will be removed in future versions of Thymeleaf.
2025-05-07 05:42:38,065 WARN org.thymeleaf.standard.processor.AbstractStandardFragmentInsertionTagProcessor [http-nio-8080-exec-10] [THYMELEAF][http-nio-8080-exec-10][admin-index] Deprecated unwrapped fragment expression "admin-product-list.html::AdminProductList" found in template admin-index, line 42, col 10. Please use the complete syntax of fragment expressions instead ("~{admin-product-list.html::AdminProductList}"). The old, unwrapped syntax for fragment expressions will be removed in future versions of Thymeleaf.
2025-05-07 05:42:38,066 WARN org.thymeleaf.standard.processor.AbstractStandardFragmentInsertionTagProcessor [http-nio-8080-exec-10] [THYMELEAF][http-nio-8080-exec-10][admin-product-list.html] Deprecated unwrapped fragment expression "layout-admin.html::LayoutAdmin" found in template admin-product-list.html, line 4, col 10. Please use the complete syntax of fragment expressions instead ("~{layout-admin.html::LayoutAdmin}"). The old, unwrapped syntax for fragment expressions will be removed in future versions of Thymeleaf.
2025-05-07 05:42:39,774 WARN org.thymeleaf.standard.processor.AbstractStandardFragmentInsertionTagProcessor [http-nio-8080-exec-7] [THYMELEAF][http-nio-8080-exec-7][admin-index] Deprecated unwrapped fragment expression "admin-post-list.html::AdminPostList" found in template admin-index, line 60, col 10. Please use the complete syntax of fragment expressions instead ("~{admin-post-list.html::AdminPostList}"). The old, unwrapped syntax for fragment expressions will be removed in future versions of Thymeleaf.
2025-05-07 05:42:39,778 WARN org.thymeleaf.standard.processor.AbstractStandardFragmentInsertionTagProcessor [http-nio-8080-exec-7] [THYMELEAF][http-nio-8080-exec-7][admin-post-list.html] Deprecated unwrapped fragment expression "layout-admin.html::LayoutAdmin" found in template admin-post-list.html, line 14, col 10. Please use the complete syntax of fragment expressions instead ("~{layout-admin.html::LayoutAdmin}"). The old, unwrapped syntax for fragment expressions will be removed in future versions of Thymeleaf.
2025-05-07 05:42:42,337 WARN org.thymeleaf.standard.processor.AbstractStandardFragmentInsertionTagProcessor [http-nio-8080-exec-3] [THYMELEAF][http-nio-8080-exec-3][admin-index] Deprecated unwrapped fragment expression "admin-post-edit.html::AdminPostEdit" found in template admin-index, line 54, col 10. Please use the complete syntax of fragment expressions instead ("~{admin-post-edit.html::AdminPostEdit}"). The old, unwrapped syntax for fragment expressions will be removed in future versions of Thymeleaf.
2025-05-07 05:43:33,191 WARN org.thymeleaf.standard.processor.AbstractStandardFragmentInsertionTagProcessor [http-nio-8080-exec-3] [THYMELEAF][http-nio-8080-exec-3][admin-index] Deprecated unwrapped fragment expression "admin-post-list.html::AdminPostList" found in template admin-index, line 60, col 10. Please use the complete syntax of fragment expressions instead ("~{admin-post-list.html::AdminPostList}"). The old, unwrapped syntax for fragment expressions will be removed in future versions of Thymeleaf.
2025-05-07 05:43:33,192 WARN org.thymeleaf.standard.processor.AbstractStandardFragmentInsertionTagProcessor [http-nio-8080-exec-3] [THYMELEAF][http-nio-8080-exec-3][admin-post-list.html] Deprecated unwrapped fragment expression "layout-admin.html::LayoutAdmin" found in template admin-post-list.html, line 14, col 10. Please use the complete syntax of fragment expressions instead ("~{layout-admin.html::LayoutAdmin}"). The old, unwrapped syntax for fragment expressions will be removed in future versions of Thymeleaf.
2025-05-07 05:44:14,400 INFO org.springframework.orm.jpa.LocalContainerEntityManagerFactoryBean [SpringApplicationShutdownHook] Closing JPA EntityManagerFactory for persistence unit 'default'
2025-05-07 05:44:14,405 INFO com.zaxxer.hikari.HikariDataSource [SpringApplicationShutdownHook] HikariPool-1 - Shutdown initiated...
2025-05-07 05:44:14,413 INFO com.zaxxer.hikari.HikariDataSource [SpringApplicationShutdownHook] HikariPool-1 - Shutdown completed.
2025-05-07 05:44:19,232 INFO com.tn.Demo25AccountThymeleafApplication [restartedMain] Starting Demo25AccountThymeleafApplication using Java 17.0.10 with PID 15748 (C:\Users\Public\Javapro\demo25_AccountThymeleaf\target\classes started by havan in C:\Users\Public\Javapro\demo25_AccountThymeleaf)
2025-05-07 05:44:19,234 INFO com.tn.Demo25AccountThymeleafApplication [restartedMain] The following 1 profile is active: "prod"
2025-05-07 05:44:19,290 INFO org.springframework.boot.devtools.env.DevToolsPropertyDefaultsPostProcessor [restartedMain] Devtools property defaults active! Set 'spring.devtools.add-properties' to 'false' to disable
2025-05-07 05:44:19,291 INFO org.springframework.boot.devtools.env.DevToolsPropertyDefaultsPostProcessor [restartedMain] For additional web related logging consider setting the 'logging.level.web' property to 'DEBUG'
2025-05-07 05:44:19,929 INFO org.springframework.data.repository.config.RepositoryConfigurationDelegate [restartedMain] Bootstrapping Spring Data JPA repositories in DEFAULT mode.
2025-05-07 05:44:20,001 INFO org.springframework.data.repository.config.RepositoryConfigurationDelegate [restartedMain] Finished Spring Data repository scanning in 66 ms. Found 6 JPA repository interfaces.
2025-05-07 05:44:20,541 INFO org.springframework.boot.web.embedded.tomcat.TomcatWebServer [restartedMain] Tomcat initialized with port(s): 8080 (http)
2025-05-07 05:44:20,548 INFO org.apache.catalina.core.StandardService [restartedMain] Starting service [Tomcat]
2025-05-07 05:44:20,548 INFO org.apache.catalina.core.StandardEngine [restartedMain] Starting Servlet engine: [Apache Tomcat/10.1.20]
2025-05-07 05:44:20,602 INFO org.apache.catalina.core.ContainerBase.[Tomcat].[localhost].[/] [restartedMain] Initializing Spring embedded WebApplicationContext
2025-05-07 05:44:20,602 INFO org.springframework.boot.web.servlet.context.ServletWebServerApplicationContext [restartedMain] Root WebApplicationContext: initialization completed in 1311 ms
2025-05-07 05:44:20,747 INFO org.hibernate.jpa.internal.util.LogHelper [restartedMain] HHH000204: Processing PersistenceUnitInfo [name: default]
2025-05-07 05:44:20,782 INFO org.hibernate.Version [restartedMain] HHH000412: Hibernate ORM core version 6.2.24.Final
2025-05-07 05:44:20,784 INFO org.hibernate.cfg.Environment [restartedMain] HHH000406: Using bytecode reflection optimizer
2025-05-07 05:44:20,959 INFO org.springframework.orm.jpa.persistenceunit.SpringPersistenceUnitInfo [restartedMain] No LoadTimeWeaver setup: ignoring JPA class transformer
2025-05-07 05:44:20,975 INFO com.zaxxer.hikari.HikariDataSource [restartedMain] HikariPool-1 - Starting...
2025-05-07 05:44:21,121 INFO com.zaxxer.hikari.pool.HikariPool [restartedMain] HikariPool-1 - Added connection com.mysql.cj.jdbc.ConnectionImpl@734ade6d
2025-05-07 05:44:21,123 INFO com.zaxxer.hikari.HikariDataSource [restartedMain] HikariPool-1 - Start completed.
2025-05-07 05:44:21,149 WARN org.hibernate.dialect.Dialect [restartedMain] HHH000511: The 5.5.0 version for [org.hibernate.dialect.MySQLDialect] is no longer supported, hence certain features may not work properly. The minimum supported version is 5.7.0. Check the community dialects project for available legacy versions.
2025-05-07 05:44:21,852 INFO org.hibernate.engine.transaction.jta.platform.internal.JtaPlatformInitiator [restartedMain] HHH000489: No JTA platform available (set 'hibernate.transaction.jta.platform' to enable JTA platform integration)
2025-05-07 05:44:21,950 INFO org.springframework.orm.jpa.LocalContainerEntityManagerFactoryBean [restartedMain] Initialized JPA EntityManagerFactory for persistence unit 'default'
2025-05-07 05:44:22,253 INFO org.springframework.data.jpa.repository.query.QueryEnhancerFactory [restartedMain] Hibernate is in classpath; If applicable, HQL parser will be used.
2025-05-07 05:44:22,517 WARN org.springframework.boot.autoconfigure.orm.jpa.JpaBaseConfiguration$JpaWebConfiguration [restartedMain] spring.jpa.open-in-view is enabled by default. Therefore, database queries may be performed during view rendering. Explicitly configure spring.jpa.open-in-view to disable this warning
2025-05-07 05:44:22,779 INFO org.springframework.security.web.DefaultSecurityFilterChain [restartedMain] Will secure any request with [org.springframework.security.web.session.DisableEncodeUrlFilter@3ce67527, org.springframework.security.web.context.request.async.WebAsyncManagerIntegrationFilter@120558ab, org.springframework.security.web.context.SecurityContextHolderFilter@1569c832, org.springframework.security.web.header.HeaderWriterFilter@2dd75854, org.springframework.security.web.authentication.logout.LogoutFilter@2f0a16c, org.springframework.security.web.authentication.UsernamePasswordAuthenticationFilter@79ef768, org.springframework.security.web.savedrequest.RequestCacheAwareFilter@7da5759, org.springframework.security.web.servletapi.SecurityContextHolderAwareRequestFilter@5a7a8dc3, org.springframework.security.web.authentication.AnonymousAuthenticationFilter@6250c834, org.springframework.security.web.access.ExceptionTranslationFilter@6d920992, org.springframework.security.web.access.intercept.FilterSecurityInterceptor@1fb5351]
2025-05-07 05:44:22,996 INFO org.springframework.boot.devtools.autoconfigure.OptionalLiveReloadServer [restartedMain] LiveReload server is running on port 35729
2025-05-07 05:44:23,041 INFO org.springframework.boot.web.embedded.tomcat.TomcatWebServer [restartedMain] Tomcat started on port(s): 8080 (http) with context path ''
2025-05-07 05:44:23,054 INFO com.tn.Demo25AccountThymeleafApplication [restartedMain] Started Demo25AccountThymeleafApplication in 4.247 seconds (process running for 4.947)
2025-05-07 05:44:29,498 INFO org.apache.catalina.core.ContainerBase.[Tomcat].[localhost].[/] [http-nio-8080-exec-1] Initializing Spring DispatcherServlet 'dispatcherServlet'
2025-05-07 05:44:29,499 INFO org.springframework.web.servlet.DispatcherServlet [http-nio-8080-exec-1] Initializing Servlet 'dispatcherServlet'
2025-05-07 05:44:29,500 INFO org.springframework.web.servlet.DispatcherServlet [http-nio-8080-exec-1] Completed initialization in 1 ms
2025-05-07 05:44:42,837 WARN org.thymeleaf.standard.processor.AbstractStandardFragmentInsertionTagProcessor [http-nio-8080-exec-3] [THYMELEAF][http-nio-8080-exec-3][admin-index] Deprecated unwrapped fragment expression "admin-product-list.html::AdminProductList" found in template admin-index, line 42, col 10. Please use the complete syntax of fragment expressions instead ("~{admin-product-list.html::AdminProductList}"). The old, unwrapped syntax for fragment expressions will be removed in future versions of Thymeleaf.
2025-05-07 05:44:42,860 WARN org.thymeleaf.standard.processor.AbstractStandardFragmentInsertionTagProcessor [http-nio-8080-exec-3] [THYMELEAF][http-nio-8080-exec-3][admin-product-list.html] Deprecated unwrapped fragment expression "layout-admin.html::LayoutAdmin" found in template admin-product-list.html, line 4, col 10. Please use the complete syntax of fragment expressions instead ("~{layout-admin.html::LayoutAdmin}"). The old, unwrapped syntax for fragment expressions will be removed in future versions of Thymeleaf.
2025-05-07 05:44:45,255 WARN org.thymeleaf.standard.processor.AbstractStandardFragmentInsertionTagProcessor [http-nio-8080-exec-6] [THYMELEAF][http-nio-8080-exec-6][admin-index] Deprecated unwrapped fragment expression "admin-post-list.html::AdminPostList" found in template admin-index, line 60, col 10. Please use the complete syntax of fragment expressions instead ("~{admin-post-list.html::AdminPostList}"). The old, unwrapped syntax for fragment expressions will be removed in future versions of Thymeleaf.
2025-05-07 05:44:45,259 WARN org.thymeleaf.standard.processor.AbstractStandardFragmentInsertionTagProcessor [http-nio-8080-exec-6] [THYMELEAF][http-nio-8080-exec-6][admin-post-list.html] Deprecated unwrapped fragment expression "layout-admin.html::LayoutAdmin" found in template admin-post-list.html, line 14, col 10. Please use the complete syntax of fragment expressions instead ("~{layout-admin.html::LayoutAdmin}"). The old, unwrapped syntax for fragment expressions will be removed in future versions of Thymeleaf.
2025-05-07 05:44:47,747 WARN org.thymeleaf.standard.processor.AbstractStandardFragmentInsertionTagProcessor [http-nio-8080-exec-2] [THYMELEAF][http-nio-8080-exec-2][admin-index] Deprecated unwrapped fragment expression "admin-post-edit.html::AdminPostEdit" found in template admin-index, line 54, col 10. Please use the complete syntax of fragment expressions instead ("~{admin-post-edit.html::AdminPostEdit}"). The old, unwrapped syntax for fragment expressions will be removed in future versions of Thymeleaf.
2025-05-07 05:45:39,923 WARN org.thymeleaf.standard.processor.AbstractStandardFragmentInsertionTagProcessor [http-nio-8080-exec-2] [THYMELEAF][http-nio-8080-exec-2][admin-index] Deprecated unwrapped fragment expression "admin-post-list.html::AdminPostList" found in template admin-index, line 60, col 10. Please use the complete syntax of fragment expressions instead ("~{admin-post-list.html::AdminPostList}"). The old, unwrapped syntax for fragment expressions will be removed in future versions of Thymeleaf.
2025-05-07 05:45:39,924 WARN org.thymeleaf.standard.processor.AbstractStandardFragmentInsertionTagProcessor [http-nio-8080-exec-2] [THYMELEAF][http-nio-8080-exec-2][admin-post-list.html] Deprecated unwrapped fragment expression "layout-admin.html::LayoutAdmin" found in template admin-post-list.html, line 14, col 10. Please use the complete syntax of fragment expressions instead ("~{layout-admin.html::LayoutAdmin}"). The old, unwrapped syntax for fragment expressions will be removed in future versions of Thymeleaf.
2025-05-07 05:45:43,155 WARN org.thymeleaf.standard.processor.AbstractStandardFragmentInsertionTagProcessor [http-nio-8080-exec-1] [THYMELEAF][http-nio-8080-exec-1][admin-index] Deprecated unwrapped fragment expression "admin-post-edit.html::AdminPostEdit" found in template admin-index, line 54, col 10. Please use the complete syntax of fragment expressions instead ("~{admin-post-edit.html::AdminPostEdit}"). The old, unwrapped syntax for fragment expressions will be removed in future versions of Thymeleaf.
2025-05-07 05:45:52,182 WARN org.thymeleaf.standard.processor.AbstractStandardFragmentInsertionTagProcessor [http-nio-8080-exec-1] [THYMELEAF][http-nio-8080-exec-1][admin-index] Deprecated unwrapped fragment expression "admin-post-list.html::AdminPostList" found in template admin-index, line 60, col 10. Please use the complete syntax of fragment expressions instead ("~{admin-post-list.html::AdminPostList}"). The old, unwrapped syntax for fragment expressions will be removed in future versions of Thymeleaf.
2025-05-07 05:45:52,183 WARN org.thymeleaf.standard.processor.AbstractStandardFragmentInsertionTagProcessor [http-nio-8080-exec-1] [THYMELEAF][http-nio-8080-exec-1][admin-post-list.html] Deprecated unwrapped fragment expression "layout-admin.html::LayoutAdmin" found in template admin-post-list.html, line 14, col 10. Please use the complete syntax of fragment expressions instead ("~{layout-admin.html::LayoutAdmin}"). The old, unwrapped syntax for fragment expressions will be removed in future versions of Thymeleaf.
2025-05-07 05:45:55,673 WARN org.thymeleaf.standard.processor.AbstractStandardFragmentInsertionTagProcessor [http-nio-8080-exec-10] [THYMELEAF][http-nio-8080-exec-10][admin-index] Deprecated unwrapped fragment expression "admin-post-edit.html::AdminPostEdit" found in template admin-index, line 54, col 10. Please use the complete syntax of fragment expressions instead ("~{admin-post-edit.html::AdminPostEdit}"). The old, unwrapped syntax for fragment expressions will be removed in future versions of Thymeleaf.
2025-05-07 05:47:23,013 WARN org.thymeleaf.standard.processor.AbstractStandardFragmentInsertionTagProcessor [http-nio-8080-exec-10] [THYMELEAF][http-nio-8080-exec-10][admin-index] Deprecated unwrapped fragment expression "admin-post-list.html::AdminPostList" found in template admin-index, line 60, col 10. Please use the complete syntax of fragment expressions instead ("~{admin-post-list.html::AdminPostList}"). The old, unwrapped syntax for fragment expressions will be removed in future versions of Thymeleaf.
2025-05-07 05:47:23,015 WARN org.thymeleaf.standard.processor.AbstractStandardFragmentInsertionTagProcessor [http-nio-8080-exec-10] [THYMELEAF][http-nio-8080-exec-10][admin-post-list.html] Deprecated unwrapped fragment expression "layout-admin.html::LayoutAdmin" found in template admin-post-list.html, line 14, col 10. Please use the complete syntax of fragment expressions instead ("~{layout-admin.html::LayoutAdmin}"). The old, unwrapped syntax for fragment expressions will be removed in future versions of Thymeleaf.
2025-05-07 05:47:25,876 WARN org.thymeleaf.standard.processor.AbstractStandardFragmentInsertionTagProcessor [http-nio-8080-exec-4] [THYMELEAF][http-nio-8080-exec-4][admin-index] Deprecated unwrapped fragment expression "admin-post-edit.html::AdminPostEdit" found in template admin-index, line 54, col 10. Please use the complete syntax of fragment expressions instead ("~{admin-post-edit.html::AdminPostEdit}"). The old, unwrapped syntax for fragment expressions will be removed in future versions of Thymeleaf.
2025-05-07 05:47:35,507 WARN org.thymeleaf.standard.processor.AbstractStandardFragmentInsertionTagProcessor [http-nio-8080-exec-2] [THYMELEAF][http-nio-8080-exec-2][admin-index] Deprecated unwrapped fragment expression "admin-post-list.html::AdminPostList" found in template admin-index, line 60, col 10. Please use the complete syntax of fragment expressions instead ("~{admin-post-list.html::AdminPostList}"). The old, unwrapped syntax for fragment expressions will be removed in future versions of Thymeleaf.
2025-05-07 05:47:35,509 WARN org.thymeleaf.standard.processor.AbstractStandardFragmentInsertionTagProcessor [http-nio-8080-exec-2] [THYMELEAF][http-nio-8080-exec-2][admin-post-list.html] Deprecated unwrapped fragment expression "layout-admin.html::LayoutAdmin" found in template admin-post-list.html, line 14, col 10. Please use the complete syntax of fragment expressions instead ("~{layout-admin.html::LayoutAdmin}"). The old, unwrapped syntax for fragment expressions will be removed in future versions of Thymeleaf.
2025-05-07 05:47:37,068 WARN org.thymeleaf.standard.processor.AbstractStandardFragmentInsertionTagProcessor [http-nio-8080-exec-5] [THYMELEAF][http-nio-8080-exec-5][admin-index] Deprecated unwrapped fragment expression "admin-post-edit.html::AdminPostEdit" found in template admin-index, line 54, col 10. Please use the complete syntax of fragment expressions instead ("~{admin-post-edit.html::AdminPostEdit}"). The old, unwrapped syntax for fragment expressions will be removed in future versions of Thymeleaf.
2025-05-07 05:48:34,083 WARN org.thymeleaf.standard.processor.AbstractStandardFragmentInsertionTagProcessor [http-nio-8080-exec-5] [THYMELEAF][http-nio-8080-exec-5][admin-index] Deprecated unwrapped fragment expression "admin-post-list.html::AdminPostList" found in template admin-index, line 60, col 10. Please use the complete syntax of fragment expressions instead ("~{admin-post-list.html::AdminPostList}"). The old, unwrapped syntax for fragment expressions will be removed in future versions of Thymeleaf.
2025-05-07 05:48:34,084 WARN org.thymeleaf.standard.processor.AbstractStandardFragmentInsertionTagProcessor [http-nio-8080-exec-5] [THYMELEAF][http-nio-8080-exec-5][admin-post-list.html] Deprecated unwrapped fragment expression "layout-admin.html::LayoutAdmin" found in template admin-post-list.html, line 14, col 10. Please use the complete syntax of fragment expressions instead ("~{layout-admin.html::LayoutAdmin}"). The old, unwrapped syntax for fragment expressions will be removed in future versions of Thymeleaf.
2025-05-07 05:49:02,513 WARN org.thymeleaf.standard.processor.AbstractStandardFragmentInsertionTagProcessor [http-nio-8080-exec-2] [THYMELEAF][http-nio-8080-exec-2][admin-index] Deprecated unwrapped fragment expression "admin-post-edit.html::AdminPostEdit" found in template admin-index, line 54, col 10. Please use the complete syntax of fragment expressions instead ("~{admin-post-edit.html::AdminPostEdit}"). The old, unwrapped syntax for fragment expressions will be removed in future versions of Thymeleaf.
2025-05-07 05:49:08,846 WARN org.thymeleaf.standard.processor.AbstractStandardFragmentInsertionTagProcessor [http-nio-8080-exec-5] [THYMELEAF][http-nio-8080-exec-5][admin-index] Deprecated unwrapped fragment expression "admin-post-list.html::AdminPostList" found in template admin-index, line 60, col 10. Please use the complete syntax of fragment expressions instead ("~{admin-post-list.html::AdminPostList}"). The old, unwrapped syntax for fragment expressions will be removed in future versions of Thymeleaf.
2025-05-07 05:49:08,847 WARN org.thymeleaf.standard.processor.AbstractStandardFragmentInsertionTagProcessor [http-nio-8080-exec-5] [THYMELEAF][http-nio-8080-exec-5][admin-post-list.html] Deprecated unwrapped fragment expression "layout-admin.html::LayoutAdmin" found in template admin-post-list.html, line 14, col 10. Please use the complete syntax of fragment expressions instead ("~{layout-admin.html::LayoutAdmin}"). The old, unwrapped syntax for fragment expressions will be removed in future versions of Thymeleaf.
2025-05-07 05:49:13,502 WARN org.thymeleaf.standard.processor.AbstractStandardFragmentInsertionTagProcessor [http-nio-8080-exec-4] [THYMELEAF][http-nio-8080-exec-4][admin-index] Deprecated unwrapped fragment expression "admin-post-edit.html::AdminPostEdit" found in template admin-index, line 54, col 10. Please use the complete syntax of fragment expressions instead ("~{admin-post-edit.html::AdminPostEdit}"). The old, unwrapped syntax for fragment expressions will be removed in future versions of Thymeleaf.
2025-05-07 05:50:01,657 WARN org.thymeleaf.standard.processor.AbstractStandardFragmentInsertionTagProcessor [http-nio-8080-exec-4] [THYMELEAF][http-nio-8080-exec-4][admin-index] Deprecated unwrapped fragment expression "admin-post-list.html::AdminPostList" found in template admin-index, line 60, col 10. Please use the complete syntax of fragment expressions instead ("~{admin-post-list.html::AdminPostList}"). The old, unwrapped syntax for fragment expressions will be removed in future versions of Thymeleaf.
2025-05-07 05:50:01,659 WARN org.thymeleaf.standard.processor.AbstractStandardFragmentInsertionTagProcessor [http-nio-8080-exec-4] [THYMELEAF][http-nio-8080-exec-4][admin-post-list.html] Deprecated unwrapped fragment expression "layout-admin.html::LayoutAdmin" found in template admin-post-list.html, line 14, col 10. Please use the complete syntax of fragment expressions instead ("~{layout-admin.html::LayoutAdmin}"). The old, unwrapped syntax for fragment expressions will be removed in future versions of Thymeleaf.
2025-05-07 05:50:57,035 WARN org.thymeleaf.standard.processor.AbstractStandardFragmentInsertionTagProcessor [http-nio-8080-exec-5] [THYMELEAF][http-nio-8080-exec-5][admin-index] Deprecated unwrapped fragment expression "admin-product-list.html::AdminProductList" found in template admin-index, line 42, col 10. Please use the complete syntax of fragment expressions instead ("~{admin-product-list.html::AdminProductList}"). The old, unwrapped syntax for fragment expressions will be removed in future versions of Thymeleaf.
2025-05-07 05:50:57,037 WARN org.thymeleaf.standard.processor.AbstractStandardFragmentInsertionTagProcessor [http-nio-8080-exec-5] [THYMELEAF][http-nio-8080-exec-5][admin-product-list.html] Deprecated unwrapped fragment expression "layout-admin.html::LayoutAdmin" found in template admin-product-list.html, line 4, col 10. Please use the complete syntax of fragment expressions instead ("~{layout-admin.html::LayoutAdmin}"). The old, unwrapped syntax for fragment expressions will be removed in future versions of Thymeleaf.
2025-05-07 05:50:58,770 WARN org.thymeleaf.standard.processor.AbstractStandardFragmentInsertionTagProcessor [http-nio-8080-exec-10] [THYMELEAF][http-nio-8080-exec-10][admin-index] Deprecated unwrapped fragment expression "admin-post-list.html::AdminPostList" found in template admin-index, line 60, col 10. Please use the complete syntax of fragment expressions instead ("~{admin-post-list.html::AdminPostList}"). The old, unwrapped syntax for fragment expressions will be removed in future versions of Thymeleaf.
2025-05-07 05:50:58,772 WARN org.thymeleaf.standard.processor.AbstractStandardFragmentInsertionTagProcessor [http-nio-8080-exec-10] [THYMELEAF][http-nio-8080-exec-10][admin-post-list.html] Deprecated unwrapped fragment expression "layout-admin.html::LayoutAdmin" found in template admin-post-list.html, line 14, col 10. Please use the complete syntax of fragment expressions instead ("~{layout-admin.html::LayoutAdmin}"). The old, unwrapped syntax for fragment expressions will be removed in future versions of Thymeleaf.
2025-05-07 05:51:00,424 WARN org.thymeleaf.standard.processor.AbstractStandardFragmentInsertionTagProcessor [http-nio-8080-exec-2] [THYMELEAF][http-nio-8080-exec-2][admin-index] Deprecated unwrapped fragment expression "admin-post-edit.html::AdminPostEdit" found in template admin-index, line 54, col 10. Please use the complete syntax of fragment expressions instead ("~{admin-post-edit.html::AdminPostEdit}"). The old, unwrapped syntax for fragment expressions will be removed in future versions of Thymeleaf.
2025-05-07 05:51:11,981 WARN org.thymeleaf.standard.processor.AbstractStandardFragmentInsertionTagProcessor [http-nio-8080-exec-5] [THYMELEAF][http-nio-8080-exec-5][admin-index] Deprecated unwrapped fragment expression "admin-post-list.html::AdminPostList" found in template admin-index, line 60, col 10. Please use the complete syntax of fragment expressions instead ("~{admin-post-list.html::AdminPostList}"). The old, unwrapped syntax for fragment expressions will be removed in future versions of Thymeleaf.
2025-05-07 05:51:11,984 WARN org.thymeleaf.standard.processor.AbstractStandardFragmentInsertionTagProcessor [http-nio-8080-exec-5] [THYMELEAF][http-nio-8080-exec-5][admin-post-list.html] Deprecated unwrapped fragment expression "layout-admin.html::LayoutAdmin" found in template admin-post-list.html, line 14, col 10. Please use the complete syntax of fragment expressions instead ("~{layout-admin.html::LayoutAdmin}"). The old, unwrapped syntax for fragment expressions will be removed in future versions of Thymeleaf.
